:020000040800F2
:1000000000000120473900084339000801070008B3
:1000100041390008DD0400088D3A000800000000A6
:100020000000000000000000000000004F39000840
:10003000A5060008000000004539000851390008F5
:10004000030700080B07000817070008553A0008C7
:10005000613A0008693A0008753A00087F3A0008DA
:10006000A9060008A9060008A9060008A9060008B4
:10007000A9060008A9060008A9060008A9060008A4
:10008000A9060008A9060008A906000851060008EC
:100090005F0600086D0600087B0600088906000858
:1000A00097060008153A0008213A0008A939000807
:1000B000E5390008F1390008FD390008093A00085F
:1000C0002D3A00084B3A0008413A0008373A000838
:1000D000B5390008D9390008CD390008C139000800
:1000E000A9060008A9060008AB060008B706000824
:1000F000C3060008CF060008DB060008E706000874
:10010000A9060008A9060008A9060008A906000813
:10011000A9060008A9060008A9060008A906000803
:10012000A9060008A9060008A9060008A9060008F3
:10013000A9060008A9060008A9060008F306000899
:10014000A9060008A9060008A9060008A9060008D3
:10015000D1040008A9060008A9060008A90600089D
:10016000A9060008A9060008A9060008A9060008B3
:10017000A9060008A9060008A9060008A9060008A3
:10018000A9060008A9060008A9060008A906000893
:10019000A9060008A9060008A9060008A906000883
:1001A00000F002F800F03CF80AA090E8000C82444D
:1001B0008344AAF10107DA4501D100F031F8AFF22A
:1001C000090EBAE80F0013F0010F18BFFB1A43F035
:1001D000010318471857000038570000103A24BF91
:1001E00078C878C1FAD8520724BF30C830C144BF9C
:1001F00004680C60704700000023002400250026DE
:10020000103A28BF78C1FBD8520728BF30C148BF79
:100210000B6070471FB504F005FF1FBD10B510BD82
:10022000DFF80CD0FFF7F6FF03F088FE00F047F987
:100230000000012003B4FFF7F1FF03BC03F028FC2A
:10024000032A40F2308010F0030C00F0158011F802
:10025000013BBCF1020F624498BF11F801CB00F8DA
:10026000013B38BF11F8013BA2F1040298BF00F82E
:1002700001CB38BF00F8013B11F0030300F0B08060
:10028000083AC0F0088051F8043B083A51F804CB12
:10029000A0E80810F5E7121D5CBF51F8043B40F8D8
:1002A000043BAFF30080D20724BF11F8013B11F8E3
:1002B00001CB48BF11F8012B24BF00F8013B00F827
:1002C00001CB48BF00F8012B7047431A28BF9A4260
:1002D0007FF6B6AF10441144032A40F2268010F096
:1002E000030F1EBF11F8013D521E00F8013D10F032
:1002F000030F7FF4F6AF11F0030300F0B680083A65
:10030000C0F00B8051F8043D083A51F804CD40F894
:10031000043D40F804CDFFF7F3BF121D5CBF51F858
:10032000043D40F8043DAFF30080D20724BF11F82C
:10033000013D11F801CD48BF11F8012C24BF00F890
:10034000013D00F801CD48BF00F8012C70474FF087
:1003500000020429C0F0128010F0030C00F01B8092
:10036000CCF1040CBCF1020F18BF00F8012BA8BFA0
:1003700020F8022BA1EB0C0100F00DB85FEAC17C64
:1003800024BF00F8012B00F8012B48BF00F8012B17
:1003900070474FF0000200B5134694469646203948
:1003A00022BFA0E80C50A0E80C50B1F12001BFF42E
:1003B000F7AF090728BFA0E80C5048BF0CC05DF894
:1003C00004EB890028BF40F8042B08BF704748BFE2
:1003D00020F8022B11F0804F18BF00F8012B704756
:1003E00010B5203AC0F00B80B1E81850A0E81850C2
:1003F000B1E81850A0E81850203ABFF4F5AF5FEA12
:10040000027C24BFB1E81850A0E8185044BF18C9B6
:1004100018C0BDE810405FEA827C24BF51F8043B5D
:1004200040F8043B08BF7047D20728BF31F8023BB1
:1004300048BF11F8012B28BF20F8023B48BF00F845
:10044000012B7047431A28BF9A427FF6C9AF104468
:10045000114410F0030F1EBF11F8013D521E00F8A9
:10046000013D10F0030F7FF4F6AF103AC0F00A80A0
:1004700010B531E9185020E91850103ABFF4F9AF1F
:10048000BDE81040530724BF31E9081020E90810E7
:1004900044BF51F8043D40F8043D12F0030F08BF7B
:1004A0007047D20728BF31F8023D48BF11F8012C30
:1004B00028BF20F8023D48BF00F8012C704710B556
:1004C0000446AFF300802046BDE81040FFF7B2BEFF
:1004D00048F20040C4F2030000F07DB9FEE7B0B579
:1004E000044644F20000C4F201000D46211A00F552
:1004F000805018BF0121201A18BF012001424FF07F
:10050000050057D1002D55D02068C0065CBF0120E2
:10051000B0BD606B297861F303006063606B40F0ED
:1005200020006063A06BA968400F60F35F71A16356
:10053000A06B297B20F0C04001F0030140EA41702C
:10054000A063606B20F020006063A06B6968400FBF
:1005500060F35F7141F24000A163C4F202000068E1
:1005600000F47F00B0F5003F1CD9022001F026FB0B
:10057000C0B1687BE16B002821F0F0000AD0A97BB4
:10058000EA7B01F00F0140EA0110E063E06B62F3E7
:10059000030006E040F01000E063E06B012161F32E
:1005A0000300E06328780121226B01FA00F0104378
:1005B00020630020B0BD10B544F20002C4F2010275
:1005C000831A02F5805218BF0123821A18BF012234
:1005D00013424FF0050239D1C1B30268D20601D4EB
:1005E000012233E041F24002C4F20202126802F436
:1005F0007F02B2F5403F01D2042227E0426A8B78A5
:1006000091F800E063F3410291F801C0CC784262B6
:10061000426ABEF1000F64F300024262826A4968D6
:100620004FEA527262F35F718162416A41F0800267
:1006300008BF21F080024262416A0022BCF1000F33
:100640000CBF21F0400141F040014162104610BD55
:1006500042F20000C4F20200002100F0B7BB42F2F7
:100660000000C4F20200012100F0B0BB42F2000021
:10067000C4F20200022100F0A9BB42F20000C4F261
:100680000200032100F0A2BB42F20000C4F202000B
:10069000042100F09BBB42F20000C4F202000521DD
:1006A00000F094BB70470000FEE744F20000C4F283
:1006B000020000F005BF45F20000C4F2020000F0A5
:1006C000FFBE46F20000C4F2020000F0F9BE47F29D
:1006D0000000C4F2020000F0F3BE48F20000C4F2D1
:1006E000020000F0EDBE49F20000C4F2020000F08A
:1006F000E7BE4BF20000C4F2030001F020B8000096
:10070000FEE74FF0804001F087B841F20000C4F2EC
:10071000000001F081B842F20000C4F2000001F0D4
:100720007BB810B5044600F029F800B110BD4CF2BA
:100730000000C4F2000043F6AC710160C16864F3CC
:100740000201C16000210160BDE8104000F016B850
:1007500010B5044600F026F800B110BD4CF20000C0
:10076000C4F2000043F6AC710160A1B281600021C7
:100770000160BDE8104000F015B80000B0B500F011
:10078000CFFF4CF210050446C4F200052868C007EC
:1007900006D000F0C5FF001B6528F7D30320B0BDCD
:1007A0000020B0BDB0B500F0BBFF4CF21005044610
:1007B000C4F200052868800706D500F0B1FF001BD1
:1007C0006528F7D30320B0BD0020B0BD7047704747
:1007D000704770477047B0B50446A0F18040A0F55F
:1007E00060304FEAB020032888BFB0BD606921693E
:1007F00001EA0005A80505D54FF4007020612046E8
:1008000000F047F8E80505D54FF4807020612046D8
:1008100000F03EF8280604D5802020612046FFF72E
:10082000D7FF680604D5402020612046FFF7CFFFA0
:10083000A80604D5202020612046FFF7C7FFE80660
:1008400004D510202061204600F01FF8280704D5A9
:10085000082020612046FFF7BDFF680704D504206B
:1008600020612046FFF7B5FFA80704D502202061CC
:10087000204600F00CF8E80700D1B0BD0121204669
:100880002161BDE8B04000F001B870477047704783
:100890007047704745F2000340F48052C4F20103F0
:1008A0009A4201D10F2901D90020704784B040F24B
:1008B0000012C0F20232009240F20452C0F20672FC
:1008C000019240F60842C1F21042029242F218022E
:1008D000C4F2300203926A46515C02680846082955
:1008E00028BF0820520348BF084604B070470000E4
:1008F0002DE9F0470C4644F20001C4F2010105461F
:10090000401A01F5805218BF0120AB1A18BF01230D
:1009100018424FF0050026D12CB3A068002800F043
:10092000F48040F20C004FF0000A9542C2F2000041
:1009300008BF00F1540A8D4208BF8246BAF1000F89
:1009400013D09AF800009AF8081008439AF8181083
:10095000C0B208439AF828109AF838200843104388
:100960004FF0020004D0BDE8F0870120BDE8F08719
:100970008AF800008AF808008AF818008AF8280027
:100980008AF83800A06B45F24069C0F6000941F2D0
:100990004008002818BF81462846C4F2020800F02B
:1009A0003BF9286845F2000740F010002860286AEB
:1009B000C4F2010700F470302862D8F8000000F497
:1009C0007F00B0F5003F4DD9022001F0F7F8002874
:1009D00048D0686899F8032099F8011062F317501D
:1009E00099F802306860686803F00F0220F07060C8
:1009F00040EA02606860686820F0704040EA017078
:100A000045F48051B94268601DD12868C0061AD5E6
:100A1000D8F8000000F47F00B0F5403F13D3686AB7
:100A200020F002006862686A20F001006862A86A2B
:100A300060F06040A862686A20F080006862686ABE
:100A400020F04000686209F104012846FFF7B3FD79
:100A500099F80010286800290CBF20F4004040F4E9
:100A6000004028606969227B637BD4F804C0D018F9
:100A70000330A668BCFBF0F0090AB0FBF6F00138C1
:100A800061F31F206861286962F305002861286905
:100A900063F30C2028612869A17B61F3134028616E
:100AA00020782968A0B341F4802028606078296804
:100AB000002841F4003208BF21F400322A60216985
:100AC00019B36869227D637DD6180336BCFBF6F640
:100AD00094F816C0B6FBF1F14FF47F4606EB012106
:100AE000090A61F30F20686128690CF0030162F3C1
:100AF00017502861286963F34F302861286920F076
:100B0000C00040EA8110286105E00520BDE8F087BB
:100B100021F480202860002045F48051012200BF8C
:100B2000B9422FD12B68DB062CD56B6B23F00F035A
:100B300003436B636B6B43F020036B63AB6B03F09E
:100B40006043AB63AB6B23F0C043AB636B6B23F0D1
:100B500020036B63AB6B03F06043AB63D8F80030EA
:100B600003F47F03B3F5003F07D9EB6B62F3071380
:100B7000EB63EB6B62F30303EB632B6B02FA00F6A0
:100B8000B3432B6301301028CAD194F8200068B118
:100B900000270026E069C1192846FFF7A0FC94F859
:100BA00020000136864207F11007F3D3286820F0B1
:100BB000100028602868E17D20F0704040EA017054
:100BC000627E2860286802F00F0120F0706040EA21
:100BD00001602860D8F8000010F47E0F04D0286867
:100BE000217E61F34D3028604FF0FF30E860012036
:100BF0008AF800008AF808008AF818008AF82800A5
:100C00008AF8380004F124078FCF0AF1400C8CE8F1
:100C10008F000020BDE8F08780B584B045F2000267
:100C20000021C4F20102039101910A219042029134
:100C300011D044F20001C4F20101884219D11820F8
:100C4000019045F20000C4F2020001A900F05CFC32
:100C500001F091F80DE04FF44070019045F2000072
:100C60008DF80810C4F2020001A900F04DFC01F05B
:100C700099F804B080BDF0B581B0154645F2000288
:100C8000044640F48050C4F2010290421AD144F26A
:100C90000000C4F2010000F5805240F20C0300276E
:100CA0009442C2F2000308BF03F15407844208BF14
:100CB0001F462FB1387E012806D1E068000605D412
:100CC000012024E0052022E0042020E004203876E2
:100CD0000020F86180203D617961E06081B1206C85
:100CE0000860606C48605DB100F00F01204604F1BF
:100CF0004806FFF7CFFD024628463146FFF7A0FA27
:100D0000206840F48010206001203876002001B077
:100D1000F0BD0000F0B581B0154644F20002C4F207
:100D200001020446801A02F5805318BF0120E71A19
:100D300018BF012738424FF0050045D1002943D0A4
:100D400040F20C0000269C42C2F2000008BF00F1F5
:100D50005406944208BF06469EB33078012832D12B
:100D6000206880052DD4032000273070776020682C
:100D700020F4805020600868C4F888004868C4F8EF
:100D80008C00B5B1486800F00F012046FFF782FDE6
:100D90000330B7EB900F0CD08008002155F82120CC
:100DA00001F00F03013104EB83038842C3F8902064
:100DB000F4D1206840F400702060012030700020E1
:100DC00002E0012000E0042001B0F0BD2DE9F04177
:100DD00042F20002C4F2020290425AD10C460529A6
:100DE00057D802EB44152E4656F80C0F55F8141F31
:100DF00040F2B80800F008078807C2F200080ED5D4
:100E00001FB9306820F40070306002202860C4EB05
:100E1000C40008EB8000C16909B18069884728686F
:100E2000400718D55FB9306820F4806030603068C2
:100E300020F480703060306820F40070306004204E
:100E40002860C4EBC40008EB8000C1680122027175
:100E500009B1806888472868C00708BFBDE8F081ED
:100E60003068012220F480603060306820F48070A7
:100E70003060306820F400703060C4EBC4002A6039
:100E800008EB80004169027119B10069BDE8F041C9
:100E90000847BDE8F08100002DE9F04143F200046D
:100EA000C4F20204A04203D000273846BDE8F08116
:100EB00041F24007C4F202070E46F9691546080CD4
:100EC0004FF6FF728002B2EB114F08BF4FF4802043
:100ED000B0F5003F0BD0B0F5802FE5D1206C00F0CD
:100EE00070612020B1F1206F08BF402000E0202079
:100EF000B042D9D9711901398142D5D220464FF477
:100F0000967100F081F90028CED1386800F47F0096
:100F1000B0F5003F0FD8206C00F07060B0F1206F8A
:100F200009D1206C00F0704000F1C040B0FA80F0B0
:100F30004FEA501801E04FF00008206A20F44010FA
:100F400020622068B0F1FF3F0CDC606A43F6AC71B0
:100F500061F30F006062606A48F2E47161F30F00B0
:100F6000606220680027DDB1206AF119B8F1000F36
:100F700018BF81F020016FF3120001F03F01084417
:100F800020622068012140F00200206020464FF4DA
:100F9000967200F0A5F918B90137BD42E4D12F4689
:100FA000206800283FF581AF206840F000402060B5
:100FB00020687AE7B0B543F20004C4F20204A0420C
:100FC00001D00520B0BD41F25C00C4F202000D4624
:100FD00001684FF6FF72080C8002B2EB114F08BF98
:100FE0004FF48020B0F5003F0BD0B0F5802FE8D152
:100FF000206C00F070612020B1F1206F08BF40200C
:1010000000E02020A842DCD920464FF4967100F081
:10101000FBF808B10120B0BD204629460122FFF7A8
:101020003BFF013818BF0120B0BD00002DE9F0479B
:1010300043F20004C4F20204A04211D141F240057F
:10104000C4F202059246EA691F46100C4FF6FF7380
:101050008002B3EB124F08BF4FF480204A0703D041
:1010600000263046BDE8F08721F07F4808EB0701F5
:1010700081424FF00006F4D8BAF1000FF1D017F01A
:101080000701EED18045ECD220464FF4967100F076
:10109000BBF80028E4D1286800F47F00B0F5003FD9
:1010A0000FD8206C00F07060B0F1206F09D1206C77
:1010B00000F0704000F1C040B0FA80F04FEA5019E3
:1010C00001E04FF000092068B0F1FF3F0CDC606ADE
:1010D00043F6AC7161F30F006062606A48F2E4713C
:1010E00061F30F00606220680026B6EBD70F25D0B1
:1010F000FD0827F0070700265AF806000AEB06014C
:101100002061486808EB06016061206AB9F1000FB0
:1011100018BF81F4003161F31200206220680021C1
:1011200040F00100206020464FF4967200F0D8F89D
:1011300020B9013D06F10806DED13E4620680028B0
:101140008FD4206840F000402060206889E743F297
:101150000001C4F20201884221D141F25C00C4F2D4
:10116000020002684FF6FF73100C8002B3EB124FBF
:1011700008BF4FF48020B0F5003F04BF4FF480500B
:101180007047B0F5802F0AD1086C00F070614FF401
:101190000050B1F1206F08BF4FF48050704700201D
:1011A00070470000B0B543F2000EC4F2020E844650
:1011B000704521F07F4101D000240DE041F25C0038
:1011C000C4F2020000684FF6FF75040CA402B5EBF0
:1011D000104F08BF4FF48024C818A0424FF0000001
:1011E00010D8F4450ED16AB1A1420BD253B101F12E
:1011F000006100200D5C145CA54203D101308342E4
:10120000F8D11846B0BD0000F0B581B043F2000738
:101210000C460646C4F2020700F082FA054600209A
:10122000BE428DF8030001D005204FE041F240009E
:10123000C4F202000068661C00F47F00B0F5003FB5
:101240002CD900BF38683968C04320EA510079685A
:101250007A68884320EA5200B968BA6820EAD10067
:10126000D14300EAD1708DF8030026B100F058FA9E
:10127000401BA04229D89DF80300C007E2D0B868FF
:10128000400703D1B86810F4E06F26D00720B8609B
:101290004FF4E060B860012018E000BF3868C00774
:1012A0000CD13868800709D47868C00706D17868FF
:1012B00080075CBFB8685FEA007009D5002EEDD0EA
:1012C00000F02EFA401BA042E8D9032001B0F0BD87
:1012D000B868400701D00720DCE70020F6E70000EF
:1012E0002DE9F04381B043F2000714460D4606464F
:1012F000C4F2020700F014FABE4201D0052019E042
:1013000041F24008C4F202080646D8F80000B96865
:1013100000F47F00B0F5003F01F0070005D960B18F
:101320000720B8604FF4E06002E0002838D00720C2
:10133000B860012001B0BDE8F08304F1010900BFED
:10134000B86810F4E06FEBD1B9F1000F04D000F0F1
:10135000E7F9801BA04253D8D8F8000000F47F00C2
:10136000B0F5003F02D9B868002815D4052D45D83E
:10137000DFE805F007090B0F0303B86800070BD47B
:101380003CE0386802E0386804E07868C00703D1C0
:1013900034E07868800731D5B8684007D0D0BFE71F
:1013A00004F10109B9F1000F04D000F0B9F9801B74
:1013B000A04225D8D8F8000000F47F00B0F5003F27
:1013C00002D9B868002815D4052D17D8DFE805F034
:1013D00007090B0F0303B86800070BD40EE0386849
:1013E00002E0386804E07868C00703D106E0786856
:1013F000800703D5B8684007D4D098E7002099E764
:10140000032097E7A0F18042A2F510324FEA323272
:10141000052A44D80022B2EB114F4FF005023FD10C
:101420008BB2EBB32DE9F04300224FF001084FF0EF
:101430000F0C4FF0030E0024002500BF08FA05F63C
:101440000E4022D02427082D38BF202750F80790BF
:1014500004F01C030CFA03F343EA0903C351836C41
:101460000EFA02F7B3438364836BB3438363036B66
:10147000BB4303630369B34303614369BB434361F4
:101480008661036843EA0643036001350434102D86
:1014900002F10202D2D10022BDE8F04300E00522B1
:1014A0001046704747F20002C4F2020290420CBF9D
:1014B0008029704702F58050022100F0FCB800003E
:1014C0002DE9F0410446A0F18040A0F510304FEA2C
:1014D0003030052888BFBDE8F0812569A66900275E
:1014E0004FF0010808FA07F188B2284218BF10EA45
:1014F000060003D02046A161FFF7D4FF0137102F6B
:10150000F0D1BDE8F08100002DE9F04F81B0054633
:1015100000294FF0050000F0CB8041F2400CC4F2EE
:10152000020C0C46A5EB0C01A1F53F52A1F57F5131
:10153000B2FA82F2B1FA81F152094909114346F235
:101540000002C4F20202AB1A02F58052B3FA83F72A
:10155000AA1A7F09B2FA82F2394352091143A3F55C
:101560000052B2FA82F252091143A3F54052B2FA84
:1015700082F25209114300F09B8021680020B0EBF9
:10158000114F4FF0050040F093808AB2002A00F01E
:101590008F8005F1240A05F1200E4FF000094FF06D
:1015A000000B4FF0000800BF012000FA08F00840CF
:1015B0004ED021794A1E0F2A55D25246B8F1080F53
:1015C00038BF724613680BF01C070F26BE40B940A7
:1015D000B343314019431160217A0029A96B14BF2C
:1015E00001438143A963E1790029A96C14BF084331
:1015F00021EA0000A864286B6279032102F003024B
:1016000001FA09F102FA09F28843114008432863FC
:10161000DCF8000000F47F00B0F5003F18D980200E
:101620006646774600F0CAFABE46B44680B1607A94
:101630002168C2072A6C0CBF8A430A4380072A64C8
:101640004FEA0140296C54BF21EA00000843286496
:10165000B8F10F0F29D0216808F101080BF1040B34
:1016600009F10209A0E711BB5146B8F1080F38BFD4
:1016700071460A680BF01C030F2606FA03F39A431F
:101680000A60A1790029B6D06A69032301F0030139
:1016900003FA09F301FA09F19A4319401143696108
:1016A000A861296908432861A5E7002000E001201E
:1016B00001B0BDE8F08FA0F18042A2F510324FEAF0
:1016C0003232052A11D80022B2EB114F0DD18AB265
:1016D000002A08BF704783680B4203D0026842EAC1
:1016E000014101E00168114301607047A0F18043AE
:1016F000A3F510334FEA3333052B10D80023B3EB97
:10170000114F0CD18BB2002B08BF7047012A02D1B8
:101710000168194302E0026842EA01410160704732
:1017200040F60000C2F20000006870477047704742
:101730007047704770477047704770477047B0B543
:101740004BF20004C4F20304A04218BFB0BD4BF634
:101750001470C4F203000068D4F8101F01EA0005F9
:10176000A80705D50220C4F8100F2046FFF7DFFFB9
:10177000680705D50420C4F8100F2046FFF7D8FFEE
:10178000280705D50820C4F8100F2046FFF7D1FF21
:10179000E80605D51020C4F8100F2046FFF7CAFF51
:1017A000A80605D52020C4F8100F2046FFF7C3FF78
:1017B000680605D54020C4F8100F2046FFF7BCFF8F
:1017C000280605D58020C4F8100F2046FFF7B5FF86
:1017D000E80506D54FF48070C4F8100F2046FFF7D7
:1017E000ADFFE80705D00120C4F8100F204600F037
:1017F0000CF8280400D4B0BD4FF400412046C4F8D2
:10180000101FBDE8B040FFF791BF704770477047A9
:10181000704770477047704770B540F284160446B1
:10182000B0F1804FC2F200060FD042F20000C4F2C5
:101830000000844208D041F20000C4F2000084425B
:1018400040F0DB80383600E07036206B616B01EAD7
:101850000005E80707D0F06910B1F1692046884714
:10186000204600F0D0F8A80707D5F06810B1F1685D
:1018700020468847204600F0D0F8680704D50420A9
:101880006063204600F0C1F8280704D50820606393
:10189000204600F0BCF8E80604D51020606320461E
:1018A00000F0BCF8680604D5402060632046FFF7CE
:1018B000ADFF280604D5802060632046FFF7A7FF10
:1018C000E80505D54FF480706063204600F09AF873
:1018D000A80505D54FF400706063204600F099F824
:1018E000680505D54FF480606063204600F090F8ED
:1018F000280505D54FF4006060632046FFF78AFF96
:10190000E80417D54FF480506063708931898842AC
:1019100004D3F06810B1F16820468847708B318B92
:10192000884204D3F06910B1F16920468847204607
:10193000FFF771FFA80405D54FF4005060632046FF
:10194000FFF767FF680405D54FF4804060632046C9
:1019500000F05AF8280405D54FF400406063204693
:1019600000F04CF8E80305D54FF480306063204662
:1019700000F046F8A80305D54FF400306063204618
:1019800000F049F8680305D54FF4802060632046D5
:1019900000F03CF8280305D54FF400206063204692
:1019A00000F038F8E80205D54FF480106063204657
:1019B00000F027F8A80205D54FF400106063204618
:1019C00000F02AF8680202D5204600F018F841F22B
:1019D0004000C4F20200006800F47F00B0F5403F10
:1019E00038BF70BD15F4000007D04FF40001204649
:1019F0006163BDE87040FFF70BBF70BD7047704773
:101A0000704770477047704770477047704770471E
:101A10007047704770477047704770477047B0B560
:101A20004CF20004C4F20004A0421CBF0520B0BD6B
:101A30004DF6DD5020604FF6FF70FEF789FE00B1D5
:101A4000B0BD00200025FEF76CFE0028F8D143F65B
:101A5000AC702060606820F002006060606820F078
:101A600001006060042025602061204600F033F80A
:101A70000020B0BDB0B54CF20004C4F20004A04296
:101A80004FF0050008D10D4631B1204600F024F892
:101A90002868FEF75DFE00B1B0BD6879FEF741FE33
:101AA0000028F9D143F6AC7020602979606841B113
:101AB00040F00100606004202061606840F0020096
:101AC00005E020F001006060606820F002006060C6
:101AD00000202060B0BD7047704710B54CF2000484
:101AE000C4F20004A0421CBF052010BDFEF75AFE40
:101AF00000B110BDFEF742FE0028FAD14AF6AA2036
:101B00002060002010BD01464CF20000C4F200002D
:101B100081421CBF052070474CF6CC410160FFF7A5
:101B2000DCBF40F2040040F60001C2F20000C2F245
:101B3000000100780A6810440860704710B543F24D
:101B40000000C4F20200016841F010010160016868
:101B500041F020010160032000F0BAF80F2000F0EE
:101B600005F8044600F035F8204610BDB0B540F247
:101B70000405C2F20005297861B1044600F058FC62
:101B800029784FF47A72B2FBF1F1B0FBF1F000F07A
:101B9000F5FE10B104252846B0BD0F2C0CD84FF02F
:101BA000FF3021460022002500F060F840F20800D6
:101BB000C2F200000460EEE70125ECE740F2641198
:101BC000C2F2000109680140081AB0FA80F0400929
:101BD000704780B500F048F900F059F900F06AF953
:101BE00000F07BF900F08CF900F09DF92A2000F05C
:101BF0002BF82B2000F028F82C2000F025F82D20C1
:101C000000F022F82E2000F01FF82F2000F01CF822
:101C100000F004F9BDE8804000F013B9002812D4A8
:101C2000C1B200F01F00012202FA00F04EF2801251
:101C3000CEF2000242EAD10121F003010860BFF3B5
:101C40004F8FBFF36F8F704700280ED4C1B200F0E2
:101C50001F00012202FA00F04EF20012CEF2000242
:101C600042EAD10121F003010860704742EA010312
:101C70000F2B88BF704710B54EF60C5CCEF2000CEF
:101C8000DCF80030C3F3022E8EF00704042C28BFCA
:101C90000424BEF103034FF0FF3E0EFA04F438BFF4
:101CA0000023A14399400EFA03F39A43114300F035
:101CB0000F02043A624409010C3200F16043B0F1B2
:101CC000FF3FC8BF03F564421170BDE81040704784
:101CD000C11E042988BF70474EF60C51CEF2000198
:101CE0000A684FF6FF031A4060F30A2242F0806050
:101CF00040F0FD70086070474A1E0F2A84BF05201F
:101D00007047382248F2E473C4F20202C3F6AC739F
:101D10009364136800F0030023F00C0343EA80008F
:101D20001060F023106903EB0111090961F307103A
:101D30001061012090640020704740F200003021C3
:101D4000C2F20000C4F2020100680968C1F3032175
:101D50000131B0FBF1F0704740F200003021C2F2D7
:101D60000000C4F2020100680968C1F303310131C7
:101D7000B0FBF1F070474C2048F2E471C4F202006D
:101D8000C3F6AC714163816841F010018160016864
:101D900041F400510160816941F01001816101212C
:101DA000416370474C2048F2E471C4F20200C3F66C
:101DB000AC714163816841F020018160016841F4A8
:101DC00080410160816941F020018161012141630D
:101DD00070474A1E92B20F2A84BF052070473822EE
:101DE00048F2E473C4F20202C3F6AC73936413685E
:101DF00000F0030023F0C00343EA80104FF2000319
:101E00001060CFF6FF73106903EB0131090B61F32A
:101E10000F3010610120906400207047582048F274
:101E2000E471C4F20200C3F6AC718162016841F052
:101E300001010160016941F001010161012181623B
:101E40007047582048F2E471C4F20200C3F6AC7146
:101E50008162016841F002010160016941F0020103
:101E60000161012181627047582048F2E471C4F297
:101E70000200C3F6AC718162016841F004010160A7
:101E8000016941F00401016101218162704758201C
:101E900048F2E471C4F20200C3F6AC7181620168D9
:101EA00041F008010160016941F00801016101216F
:101EB00081627047582048F2E471C4F20200C3F610
:101EC000AC718162016841F010010160016941F06B
:101ED00010010161012181627047582048F2E471CC
:101EE000C4F20200C3F6AC718162016841F02001C6
:101EF0000160016941F020010161012181627047A7
:101F0000582048F2E471C4F20200C3F6AC71816259
:101F1000016841F040010160016941F04001016147
:101F2000012181627047582048F2E471C4F2020036
:101F3000C3F6AC718162016841F080010160016902
:101F400041F0800101610121816270472DE9F04F6C
:101F500085B041F22001C4F202010A6C0020C4F2F3
:101F600002000092D1F800E0026848F2E472C3F681
:101F7000AC72C0F8802048F2E4724A6248F63D2212
:101F80004A6241F6EC124A620A6C032342F40052A0
:101F90000A640A6C4EF6FC5942F480520A640A68DC
:101FA000CEF2000942F480720A600A6841F2002C05
:101FB00063F38E220A60D9F80020D9F8007041F24C
:101FC000000347F08077CEF20003C9F800700027C5
:101FD0005F601C689FED690A9FED691AC0F27A0C78
:101FE00044F001041C6000BF5C68CD6C664615F5CA
:101FF000807F3CBFCD6C2E0A02EE106AB8EE422AFA
:1020000082EE002A22EE012ABCEEC22A12EE105AFB
:10201000AC42E9D348F2000448F22135C4F203048B
:10202000C0F2800565602B25A5600025A5612025EF
:10203000A56211252564256802F0807845F001022B
:10204000226000BF2269D205FCD5226842F004025A
:102050002260D4F8002142F40032C4F8002100BF0D
:10206000D4F800219203FBD5626DD4F800511226FA
:1020700045F40035C4F800510D6802EBD27266F3E6
:102080008E250D6005689FED3F1A45F4003505600B
:1020900005684FEA620B25F00045056006684FF0C1
:1020A000000A01AF002200BF26F4407545EA022570
:1020B0000560056845F000450560C3F804A01D688B
:1020C00045F001051D6000BF5E68CD6C15F5807F91
:1020D00065463CBFCD6C2D0A02EE105AB8EE422A7E
:1020E00082EE002A22EE012ABCEEC22A12EE105A1B
:1020F000AE42E9D3656DB5EB0B0648BF764247F8B3
:102100002260D4F80051013245F40035C4F8005182
:102110000568042A25F0004505600668C4D126F448
:10212000003202601A6822F001021A60D9F8002019
:10213000002342EA0802C9F800200022D5B257F86D
:10214000236057F82550AE4238BF1A460133042B9E
:10215000F4D1236843F001032360C1F800E0009B41
:102160000B640123C0F880304FF480304FF400330B
:102170004862D0B24B6205B0BDE8F08F00247449CC
:10218000000096440080BB443820C4F20200416A3B
:1021900021F008014162416921F0010141610168BA
:1021A00021F00C010160016921F0F0010161416A37
:1021B00041F008014162416941F001014161416B17
:1021C00021F008014163416B41F008014163704710
:1021D0002DE9F04F81B00025C4F202050C46002124
:1021E000A8424FF005008DF8031040F01081002C3C
:1021F00000F00D81666845F24C610020C0F60001D8
:102200000A58B24205D10A185368A768B7EB530FB2
:1022100013D01830B0F5287FF2D1207801281BD1D7
:1022200041F26C00C4F20200016811F5807F10D306
:1022300041F20026C0F27A060DE0506992F808B02B
:10224000B2F80AA0B2F80C8080034FEA530987B2B3
:102250002EE00068060A6660002E5BD0D4F8089075
:10226000484602F0E4FC804630460F4602F0DFFCB0
:1022700002460B464046394602F052FB0746884666
:1022800002F0A6FC824602F0D2FC02460B4638461B
:10229000414602F0DDFD9FED640B53EC102B02F084
:1022A000D9FC02F095FC80464FF0010B4FF400473B
:1022B00048F2E4704CF20021C3F6AC70C0F6EB318A
:1022C00089458146C5F880000CD12078012806D0C8
:1022D00040B941F20020C0F27A00864202D10E4697
:1022E000002003E00E46FFF74FFF01208DF80300AA
:1022F000286820F000402860207803280CD00128AE
:102300000ED038B9296F41F001012967296821F001
:1023100003010DE001207AE0296841F0030107E0A4
:10232000296F012241F010012967296862F3010138
:10233000B646BBF1020F296007D02968BC4621F4DC
:1023400000610122BBF1010F04E02968BC4641F4A1
:10235000006102222960D4E901132E68B1FBF2F278
:1023600041F6003726F48064C0F2B707BA4288BF4E
:1023700046F480642C606A686FF39F3A6FF31D42E5
:1023800042EA0A426A606A684FF6FF77BA434244FB
:102390006A602A68734522F4404242EA0C022A60CD
:1023A0000FD1012836D060B941F20020C0F27A0086
:1023B000814206D141F26C00C4F202004068800FF5
:1023C00003E0FFF7C3FDC5F880909DF8031079B1D5
:1023D000E96E21F00801E966E96E41F00801E9665D
:1023E000E96D21F00801E965E96C21F00101E9647A
:1023F000296860F309212960286840F000402860BE
:1024000028684000FCD50120C5F88000002001B0FC
:10241000BDE8F08F41F26C00C4F20200006800F0E9
:102420000300D2E700BF00BF000000000000F04042
:1024300040F20000C2F20000006870472DE9F0434E
:1024400083B03025C4F202050C460146A5F13000E8
:1024500081424FF0050140F0C680002C00F0C3809F
:10246000D4F804C0BCF1000F13D02278032A2ED870
:10247000DFE802F002111C0A41F26C01C4F2020111
:102480000B6813F5807F19D341F2002CC0F27A0C4F
:102490001BE00521A7E041F26C01C4F20201CB6808
:1024A00013F1011F0ED94FF4FA4C0EE06378012BA3
:1024B00000F09D80002B00F0A28008E009684FEA40
:1024C000112C02E0C9684FEA114CC4F804C0A3897A
:1024D00048F2E4799F1EBFB20F2F24BF0223A381CD
:1024E000E689C3F6AC79B71EBFB20F2F24BF022610
:1024F000E681278A4FF00108791E89B2402924BF5E
:1025000001272782032AC5F850900BD8DFE802F094
:10251000020C1134286C40F010002864286820F068
:10252000030030E001215CE02868012161F3010033
:1025300029E0296801F00301022907D1296C41F043
:1025400010012964296821F0030129606178A268DB
:102550008DF800106946CDE9012CFFF739FE0146E0
:10256000C5F85090E8BB2868022161F3010028609B
:10257000A389E689278A07E0286C40F001002864D7
:10258000286840F0030028604FF47061286801EB70
:102590000321090A61F30B204FF200012860CFF6F6
:1025A000FF71286801EB0631090B61F30F302860D9
:1025B000FC21286801EB8701890861F38700286006
:1025C0002868002140F480302860286840F40030FA
:1025D0002860286840F480202860286840F40020A3
:1025E0002860C5F85080084603B0BDE8F08341F28A
:1025F0006C03C4F202031F6817F5807F04D341F215
:102600000023C0F27A0301E01B681B0AA3605EE7A7
:10261000542048F2E471C4F20200C3F6AC71C16206
:10262000016821F400610160016921F40061016128
:102630000121C1627047542048F2E471C4F20200E3
:10264000C3F6AC71C162016841F4006101600169C7
:1026500041F4006101610121C16270475C2048F2D0
:10266000E471C4F20200C3F6AC714162016821F06A
:1026700002010160016921F0020101610121416251
:1026800070475C2048F2E471C4F20200C3F6AC71FA
:102690004162016841F002010160016941F00201FB
:1026A0000161012141627047542048F2E471C4F293
:1026B0000200C3F6AC71C162016821F4805101606F
:1026C000016921F4805101610121C16270475420E8
:1026D00048F2E471C4F20200C3F6AC71C162016851
:1026E00041F480510160016941F48051016101218F
:1026F000C1627047542048F2E471C4F20200C3F68C
:10270000AC71C162016821F400510160016921F4DA
:10271000005101610121C1627047542048F2E47107
:10272000C4F20200C3F6AC71C162016841F4005109
:102730000160016941F4005101610121C1627047EA
:10274000582048F2E471C4F20200C3F6AC71816211
:10275000016821F480710160016921F480710161D7
:10276000012181627047582048F2E471C4F20200EE
:10277000C3F6AC718162016841F480710160016946
:1027800041F480710161012181627047582048F253
:10279000E471C4F20200C3F6AC718162016821F4F5
:1027A00000710160016921F4007101610121816200
:1027B0007047582048F2E471C4F20200C3F6AC71CD
:1027C0008162016841F400710160016941F40071A6
:1027D0000161012181627047502048F2E471C4F226
:1027E0000200C3F6AC710163016821F04001016091
:1027F000016921F04001016101210163704750200E
:1028000048F2E471C4F20200C3F6AC7101630168DE
:1028100041F040010160016941F040010161012185
:1028200001637047502048F2E471C4F20200C3F61D
:10283000AC710163016821F080010160016921F040
:1028400080010161012101637047502048F2E47169
:10285000C4F20200C3F6AC710163016841F080016B
:102860000160016941F0800101610121016370474C
:102870005C2048F2E471C4F20200C3F6AC7141621C
:10288000016821F001010160016921F0010101618C
:102890000121416270475C2048F2E471C4F20200F9
:1028A000C3F6AC714162016841F001010160016948
:1028B00041F001010161012141627047502048F25D
:1028C000E471C4F20200C3F6AC710163016841F027
:1028D00008010160016941F0080101610121016302
:1028E0007047502048F2E471C4F20200C3F6AC71A4
:1028F0000163016841F010010160016941F01001BC
:102900000161012101637047502048F2E471C4F273
:102910000200C3F6AC710163016841F0200101605F
:10292000016941F0200101610121016370475420D8
:1029300048F2E471C4F20200C3F6AC71C1620168EE
:1029400041F001010160016941F0010101610121D2
:10295000C1627047542048F2E471C4F20200C3F629
:10296000AC71C162016841F002010160016941F08E
:10297000020101610121C16270477047411E0020C0
:10298000B0EB116F1CBF012070474EF21002CEF267
:10299000000251604EF62351CEF20001F0230B707D
:1029A0000721906011607047FFF7E7BFF0B581B075
:1029B000044600294FF0050000F0B2800D4648F2B1
:1029C0000001C4F2000101F58053621AE31AB2FA61
:1029D00082F2B3FA83F352095B091A4348F2000307
:1029E000C4F20103E71AB7FA87F77F093A4303F500
:1029F0008057E71B03F50053B7FA87F7E31A7F09FF
:102A0000B3FA83F33A435B091A434AF20003C4F270
:102A10000203E71A03F58053B7FA87F6E31A76093B
:102A2000B3FA83F332435B091A43A7F5C043B3FA01
:102A300083F35B091A43A7F5E043B3FA83F35B0919
:102A400001F5C0411A43631AB3FA83F35B091A43D1
:102A5000D20765D041F24000C4F2020000688C4207
:102A60001CD100F47F00B0F5003F17D94EF21007DB
:102A7000C4F20007386A4FF6FF71AA8888431044F1
:102A80003862FEF74DFE06463868C0030BD5FEF7E8
:102A900047FE801B0A28F7D9032041E068682063BD
:102AA0002889A06304E0B86A298961F30700B86245
:102AB00020686A78297862F3C300AB78AF7A206027
:102AC000606863F30200606020682A7B62F3820022
:102AD0002060E87A2268002822F0020308BF42F052
:102AE000020323602068002940F0800208BF20F024
:102AF00080022260E06A67F30300E062687B206482
:102B00002068A97B61F3461020602068E97B61F3AF
:102B1000041020602068297C61F3092020600020D7
:102B200001B0F0BD7047704770B541F20001044636
:102B300040F48050C4F20301884223D1E068256943
:102B400000F400662E4205D04FF40060206120465C
:102B5000FFF7E8FF46B115F4005005D04FF40050E0
:102B600020612046FFF7DFFF002E08BF70BD15F47F
:102B7000805007D04FF4805120462161BDE870405D
:102B800000F058BB70BDB0B541F20001044640F4FE
:102B90008050C4F20301884218BFB0BDE0682169CB
:102BA00001EA0005280604D580202061204600F0B7
:102BB0003BF8680604D540202061204600F033F839
:102BC000A80604D520202061204600F02BF8E80656
:102BD00004D510202061204600F023F8280704D5F2
:102BE00008202061204600F01BF8680704D5042067
:102BF0002061204600F013F8A80704D502202061C8
:102C0000204600F00BF8E80700D1B0BD01212046B6
:102C10002161BDE8B040AFF3008070477047704756
:102C20007047704770477047704749F6FF72C4F2AB
:102C3000010290424EF200024FF00501C4F2000280
:102C400012DC4DF6FF73C4F20003984222DD90427D
:102C500037D048F20003C4F20103984231D049F260
:102C60000003C4F201032AE04AF6FF73C4F2020330
:102C700098421ADD4BF20003C4F20203984220D0BE
:102C800041F20003C4F2030398421AD00023C4F2B5
:102C9000030314E048F20003C4F20003984210D08A
:102CA00049F20003C4F2000309E04AF20003C4F24F
:102CB0000103984205D04AF20003C4F2020398428D
:102CC00038D180B5416A904221F001014162416AE8
:102CD00021F010014162416A21F480714162416A30
:102CE00021F480514162416A21F002014162416A4E
:102CF00021F020014162416A21F400714162416A80
:102D000021F40051416241F24001C4F202010B681A
:102D1000016807D103F47F02B2F5003F02D9C90769
:102D200003D0016821F00101016000F01DF90021CC
:102D3000BDE8804008467047F0B581B0044649F6CA
:102D4000FF70C4F20100844216DC4DF6FF70C4F23D
:102D50000000844226DD4EF20000C4F200008442EE
:102D600037D048F20000C4F20100844231D049F269
:102D70000000C4F201002AE04AF6FF70C4F202002B
:102D800084421ADD4BF20000C4F20200844220D0DB
:102D900041F20000C4F2030084421AD00020C4F2C1
:102DA000030014E048F20000C4F20000844210D096
:102DB00049F20000C4F2000009E04AF20000C4F247
:102DC0000100844205D04AF20000C4F202008442AD
:102DD0006CD1E768266906EA0705A80505D54FF412
:102DE00000702061204600F0C5F9E80505D54FF4D4
:102DF00080702061204600F055FA680505D54FF433
:102E000080602061204600F02AFA280507F4006758
:102E100005D54FF4006020612046FFF783FE47B1DF
:102E200016F4005005D04FF4005020612046FFF703
:102E30007AFE47B116F4805005D04FF480502061DF
:102E4000204600F0F7F9280604D5802020612046AE
:102E5000FFF7EAFE680604D5402020612046FFF710
:102E6000E2FEA80604D5202020612046FFF7DAFE06
:102E7000E80604D5102020612046FFF7D2FE28077F
:102E800004D5082020612046FFF7CAFE680704D554
:102E9000042020612046FFF7C2FEA80704D50220C7
:102EA00020612046FFF7BAFEE80701D101B0F0BD6E
:102EB00001212046216101B0BDE8F040FFF7ADBE21
:102EC00049F6FF71C4F2010188424FF0050116DC9A
:102ED0004DF6FF72C4F20002904226DD4EF200026F
:102EE000C4F20002904237D048F20002C4F201025C
:102EF000904231D049F20002C4F201022AE04AF6BF
:102F0000FF72C4F2020290421ADD4BF20002C4F2D8
:102F10000202904220D041F20002C4F20302904229
:102F20001AD00022C4F2030214E048F20002C4F2F4
:102F30000002904210D049F20002C4F2000209E0FF
:102F40004AF20002C4F20102904205D04AF20002A5
:102F5000C4F20202904205D180B500F088F8002149
:102F6000BDE880400846704780B549F6FF71C4F25D
:102F70000101884224DD4AF6FF71C4F20201884251
:102F800034DD4BF20001C4F2020188424ED0002130
:102F9000C4F2030188424DD041F20001C4F20301A2
:102FA000884218BF80BDFFF759FB2420FEF736FE8C
:102FB0002520FEF733FE2620FEF730FE272051E0C5
:102FC00047F6FF71C4F2010188421FDC48F200019C
:102FD000C4F2000188423AD049F20001C4F2000173
:102FE000884243D1FFF71EFC1A203BE04AF2000161
:102FF000C4F2010188422ED04AF20001C4F202015B
:10300000884233D1FFF79CFB1E202BE048F20001E1
:10301000C4F20101884222D049F20001C4F2010148
:10302000884223D1FFF740FB1C201BE0FFF7AEFBDB
:103030001F2017E0FFF71CFC2020FEF7EFFD2120EA
:10304000FEF7ECFD2220FEF7E9FD23200AE0FFF762
:10305000C3FB192006E0FFF74DFB1D2002E0FFF740
:10306000D7FA1B20BDE88040FEF7D8BD80BD80B5F3
:1030700049F6FF71C4F20101884224DD4AF6FF716E
:10308000C4F20201884234DD4BF20001C4F20201B5
:1030900088424ED00021C4F2030188424DD041F253
:1030A0000001C4F20301884218BF80BDFFF7E9FAAE
:1030B0002420FEF7C9FD2520FEF7C6FD2620FEF7D9
:1030C000C3FD272051E047F6FF71C4F20101884299
:1030D0001FDC48F20001C4F2000188423AD049F2F4
:1030E0000001C4F20001884243D1FFF7AEFB1A2071
:1030F0003BE04AF20001C4F2010188422ED04AF2BC
:103100000001C4F20201884233D1FFF72CFB1E20DC
:103110002BE048F20001C4F20101884222D049F2BA
:103120000001C4F20101884223D1FFF7D0FA1C202C
:103130001BE0FFF73EFB1F2017E0FFF7ACFB202052
:10314000FEF782FD2120FEF77FFD2220FEF77CFDA9
:1031500023200AE0FFF753FB192006E0FFF7DDFA12
:103160001D2002E0FFF767FA1B20BDE88040FEF754
:103170006BBD80BD01F08DBA49F6FF71C4F201014B
:1031800088424FF0050116DC4DF6FF72C4F20002D2
:10319000904226DD4EF20002C4F20002904237D087
:1031A00048F20002C4F20102904231D049F200021A
:1031B000C4F201022AE04AF6FF72C4F2020290420F
:1031C0001ADD4BF20002C4F20202904220D041F21A
:1031D0000002C4F2030290421AD00022C4F2030299
:1031E00014E048F20002C4F20002904210D049F20A
:1031F0000002C4F2000209E04AF20002C4F2010235
:10320000904205D04AF20002C4F2020290420FD16D
:10321000C16841F40071C1600168890703D4C168C5
:1032200041F48071C160016841F001010160002139
:1032300008467047704741F2000240F48051C4F2E2
:103240000302914218BF7047C168026911404905E5
:1032500004D54FF48061016100F001B870477047F8
:10326000B0B541F20001044640F48050C4F20301BD
:10327000884218BFB0BDE068216901EA0005A805D1
:1032800005D54FF4007020612046FFF773FFE80575
:1032900000D4B0BD4FF4807120462161BDE8B0403C
:1032A000AFF30080704770477047F0B581B044F6C7
:1032B000FF77C4F2000740F2FC650446B842C2F250
:1032C000000513DD45F20000C4F20000844219D06D
:1032D0000020C4F20100844216D041F20000C4F282
:1032E0000100844240F0EA80D0350EE043F2000055
:1032F000C4F20000844208D0B4F1402F40F0DE80D8
:10330000343502E0683500E09C35606BA16B01EA62
:103310000006300405D54FF40040A063204600F0BD
:1033200002FB700405D54FF48040A063204600F0F6
:1033300005FBB00405D54FF40050A063204600F013
:10334000F9FAF0040ED54FF48050A063E888A988FC
:10335000884204D3A86810B1A9682046884720464F
:1033600000F0E9FA30054ED54FF40060A063206903
:10337000000745D040F2FC60BC42C2F2000012DD02
:1033800045F20001C4F200018C4217D00021C4F2C2
:1033900001018C4214D041F20001C4F201018C42BF
:1033A0002ED1D0300DE043F20001C4F200018C4276
:1033B00007D0B4F1402F23D1343002E0683000E070
:1033C0009C30017F042917D18169C9B1016999B184
:1033D000C18A828A91420FD2A16B11F4E06F78D03A
:1033E000616B21F00101616300218161012101779D
:1033F000006B28B1804703E0206840F0080020609F
:10340000204600F096FA700505D54FF48060A06361
:10341000204600F089FAB00505D54FF40070A0638E
:103420002046FFF741FFF00505D54FF48070A063FB
:10343000204600F077FAF00604D51020A06320465D
:1034400000F07BFA300704D50820A063204600F086
:103450006EFA700704D50420A063204600F066FAD7
:10346000B00707D5A86810B1A9682046884720464C
:1034700000F062FAF00707D0A86910B1A9692046E8
:103480008847204600F051FA41F24000C4F20200A1
:10349000006800F47F00B0F5403F0FD3700604D5FC
:1034A0004020A063204600F043FA300604D5802077
:1034B000A063204600F035FAF00301D401B0F0BD5E
:1034C0004FF480312046A16301B0BDE8F040FFF722
:1034D000EABEE16BC1F3C4216268D2031CD5626805
:1034E000920319D4626802F00302032A14D131B3A3
:1034F000C28A838A9A4222D2626A03696FF35F2288
:103500001A800269013902320261C28A0B0602F195
:103510000102C282ECD112E089B1C28A838A9A4246
:103520000DD2626A036901391A7002690B0602F151
:1035300001020261C28A02F10102C282EDD1616B15
:1035400021F0010161630021816101210177C18ABC
:10355000828A914234BF006B406A00B18047606B41
:1035600020F4006060634BE72DE9F04381B004462E
:1035700000294FF0050000F04B8143F20009C4F22E
:1035800000090D46A4EB0901A4F14023B1FA81F230
:10359000B3FA83F352095B091A43A1F50053B3FA56
:1035A00083F35B091A43A1F55043B3FA83F3A1F502
:1035B00060415B09B1FA81F11A434909114300F0F6
:1035C00027812868F8B144F6FF7840F2FC66C4F21F
:1035D0000008C2F2000644454FF0010015DD45F237
:1035E0000001C4F200018C4217D00021C4F2010195
:1035F0008C4214D041F20001C4F201018C4240F02F
:103600000781D0360CE0052002E14C4508D0B4F12A
:10361000402F40F0FD80343602E0683600E09C36F2
:10362000307B08B10220F3E0307F00284FF0020029
:1036300040F0EE80216878A721F00101216030730D
:103640003077A868002818BF0746204600F0EAF83F
:10365000206840F010002060206840F008002060E2
:103660002068F9783A7961F38A207B7997F806C067
:103670002060206803F0010162F349202060606847
:1036800020F0800040EAC11060602069F9790139BA
:1036900061F30300206120690CF00F0120F0F000BD
:1036A00040EA01102061206B4FF6FF713A89884390
:1036B0001044206338782168002841F4807208BFE4
:1036C00021F480722260B8782168002841F08002DD
:1036D00008BF21F08002226078782168002841F438
:1036E000006241F2400008BF21F400622260C4F28F
:1036F0000200006800F47F00B0F5003F09D94FF4E4
:103700008020FEF75BFA20B12068B97A61F38E3031
:103710002060E8796168FF280AD041F00801616003
:10372000616800F0010021F0100141EA001001E0A1
:1037300021F0080060606068AA79697962F382000C
:103740002B7B6060606861F301006060606873B14A
:1037500040F4803060606068A97B6A7B61F351400F
:103760006060E06A20F0FF001044E06202E020F4B4
:103770008030606044454FF0010011DD41F20001EE
:10378000C4F201018C4213D00021C4F201018C4229
:103790000ED045F20001C4F200018C4205D00FE0CA
:1037A0004C4502D0B4F1402F0AD1FEF7C6FA01E031
:1037B000FEF7D2FA296800EB5100B0FBF1F080B2BD
:1037C000A1684FF6FF7291430844A06020682979F0
:1037D00005F1100761F30C30206001203073307761
:1037E0008FCF06F1200C8CE88F00FF20707370776C
:1037F0004FF0FF30A063206840F004002060206894
:1038000040F002002060206840F0010020600020AD
:1038100001B0BDE8F08300BF00000000000000011F
:103820000000000080B584B044F6FF72C4F20002CC
:1038300000219042CDF8091022DD45F20001C4F2CA
:103840000001884234D00021C4F20101884241D0F5
:1038500041F20001C4F20101884260D10C200190C4
:1038600006208DF8080044F20000C4F2020000F5C2
:10387000405001A9FDF748FEFFF76CF807203BE038
:1038800043F20001C4F20001884238D0B0F1402F69
:1038900045D10C20019008208DF8080044F200006A
:1038A000C4F2020001A9FDF72FFEFFF71AF836E077
:1038B0000320019008208DF8080044F20000C4F2B3
:1038C000020000F5405001A9FDF71EFEFFF71CF8AD
:1038D000052011E04FF44060019008208DF80800A9
:1038E00044F20000C4F2020000F5005001A9FDF707
:1038F0000BFEFFF71CF80620FEF7A6F90FE0C0202C
:10390000019008208DF8080044F20000C4F2020083
:1039100000F5805001A9FDF7F7FDFEF7CFFF04B0D9
:1039200080BD704770477047704770477047704759
:103930007047704770477047704770477047000086
:10394000FEE77047704700F011F8FCF729FC70475C
:1039500080B5FEF7E6F8BDE88040FFF725B820B156
:1039600040F20001C2F200010860704740F200001E
:103970004EF60851C0F60000CEF20001086041F298
:103980003000C4F2020048F2E4724261026822F0A0
:10399000020202604FF480324261D1F8800040F4AC
:1039A0007000C1F88000704748F20000C4F20100C6
:1039B000FFF7C2B941F20000C4F20300FFF7B4B848
:1039C00041F20000C4F20300FFF7DDB841F200004D
:1039D000C4F20300FFF72FBC41F20000C4F2030061
:1039E000FFF73EBC49F20000C4F20100FFF7A4B9A2
:1039F0004AF20000C4F20100FFF79EB94AF200004B
:103A0000C4F20200FFF798B94BF20000C4F20200C2
:103A1000FFF792B948F20000C4F20000FFF78CB93A
:103A200049F20000C4F20000FFF786B90020C4F29A
:103A30000300FFF779B80020C4F20300FFF7A3B832
:103A40000020C4F20300FFF7F6BB0020C4F203001D
:103A5000FFF706BC43F20000C4F20000FFF725BCEC
:103A60004FF04020FFF721BC45F20000C4F20000F7
:103A7000FFF71BBC0020C4F20100FFF716BC41F2A7
:103A80000000C4F20100FFF710BC0000FEE70000D8
:103A9000FEE770B594B005AE0D46044630463C21B5
:103AA000FCF777FC0020CDE90300CDE90104ADF877
:103AB000140040F60060C0F22770CDE906054FF40F
:103AC0008370ADF8200001200C218DF822008DF8C4
:103AD0002B008DF82D1001A98DF8340045F200005F
:103AE0000C91C4F201003146FCF702FF40F2B40031
:103AF000C2F20000046014B070BD80B582B0002036
:103B0000CDE9000040F2794245F20000C2F2000225
:103B1000C4F201006946FDF7AEF880B940F24020DA
:103B2000C2F20000036853B1DDE9000101F00F02A9
:103B300040F2794120F06040C2F20001984702B0A3
:103B400080BD80B582B0024640F2B400C2F20000EF
:103B5000006820F06040009041F0800000F08F008D
:103B6000019045F20000C4F201006946FDF7D2F869
:103B700002B080BD40F24021C2F2000108607047EF
:103B800045F20000C4F201000068C0F34020704715
:103B900080B5FFF77EFF44F28140C0F60000BDE82B
:103BA0008040FFF7E7BF0000F0B581B0C9B10C4617
:103BB00005460026002000BF06F10801271AA14291
:103BC00038BF0827A819F9B2FFF7BBFFFFF7D8FFE6
:103BD00010B100F045F9F9E716FA87F086B2A6426F
:103BE000EAD301B0F0BD000010B58AB1038845F2F8
:103BF0003E0CC0F6000C00BF11F801EB9CB28EEA3F
:103C000014243CF81440013A84EA03230380F3D1DE
:103C100010BD000080B58AB1D0F800E045F2402C1C
:103C2000C0F6000C11F8013B013A83EA1E635CF810
:103C3000233083EA0E2EC0F800E0F3D180BD0000EF
:103C4000F0B583B0002502950299814216D2044650
:103C500044F61F6644F6206701950198B04205D8E6
:103C60000198013001900198B842F9D300F0F8F8BA
:103C70000298013002900298A042EDD303B0F0BD4B
:103C80002DE9F04143F20008C4F20208064600F1B3
:103C90007847404614460D46FDF759FAB7FBF0F158
:103CA00001FB107020B9C9B24046FDF783F998B9FD
:103CB000404631462A462346FDF7B8F9A0420BD1CB
:103CC000404631462A462346FDF76CFA001BB0FAFF
:103CD00080F04009BDE8F0810020BDE8F08170B5BA
:103CE00084B00446012000FA01F50026204629464A
:103CF0000396CDE90166FDF785FB0120C0F20010B7
:103D0000029001A9204601958DF80C60FDF7FCFB9F
:103D100004B070BD10B582B047F200010020C0F6BB
:103D2000000101900A68B2F5603F0AD84C6801F5BD
:103D3000805101A8FFF76EFF0198001BB0FA80F0D8
:103D4000400902B010BD40F22C20C2F20000002158
:103D5000017040F2CC50C2F200000160704740F2A6
:103D60005120C2F20000007870470000B0B5044650
:103D70000088042831D8DFE800F00331121C22004B
:103D8000FFF7C8FFA0B340F2CC50C2F20000002100
:103D9000016040F22C20C2F200000170B0BDE58845
:103DA000D4F8021004F10A002A46FCF78EFA2581A5
:103DB000B0BDD4F80200E28804F10A0106E0E2880E
:103DC00047F2000004F10A01C0F60000FFF758FFB7
:103DD00008B90020E08000202081B0BDA17A40F227
:103DE0002C20C2F2000001220029027018BFB0BDD1
:103DF0004FF0FF302080B0BD10B540F22C20C2F251
:103E00000000007858BB40F2CC50C2F200000168BC
:103E100044F6206201319142016020D3002101600B
:103E2000FFF79DFFD8B9FFF775FFC0B149F2000455
:103E3000C4F2000404F54050FDF7F1FD2046FEF702
:103E4000F4FEEFF3108072B648F20000C0F60000F6
:103E5000D0E9000180F30888BDE81040084710BD94
:103E60004CF20000C4F20000FDF737BE10B582B07E
:103E70000021CDE9001141F24001C4F202010A68BB
:103E80007C2102F47F02C4F20201B2F5003F48F245
:103E9000E47294BF0B688B68C3F6AC72DB060BD57B
:103EA0004A608B68102464F305038B600B6864F32D
:103EB00005030B6001234B604A600A684CF2000462
:103EC00042F4006222F03F020A6001224A604FF48D
:103ED0004071C4F20004ADF8041000906946204619
:103EE000FDF7C8FD2046FDF70EFE02B010BD10B56F
:103EF00046F20004C4F2020420460D21FFF7EFFE53
:103F000020464FF400510022BDE81040FDF7EEBB03
:103F100040F23022C2F20002106841F288310130D2
:103F20008842106038BF704746F200000023C4F298
:103F300002004FF400511360FDF7BDBB86B04FF493
:103F40008171ADF8041049F2005141F26C00C0F6E5
:103F5000BA21C4F202000291016811F5807F04D3F6
:103F600041F20020C0F27A0001E00068000A0390EC
:103F70004FF0021004900120ADF814000020C4F2AC
:103F8000020001A9FEF75AFA50B90298FFF7E7FCC0
:103F900001200621FDF7B0FE01200321FDF719FFE6
:103FA000FDF7CCFD1420FFF74BFE00F061FB00BFD6
:103FB00000F048F8FFF720FF00F069FBFFF79DFDD8
:103FC000F6E780B540F25120C2F2000000210170F6
:103FD00040F26030C2F20000018040F26230C2F272
:103FE0000000017040F26430C2F20000018040F233
:103FF0004C20C2F20000016040F25020C2F20000EA
:104000000170022000F0F5F84FF47A7000F0D4F956
:1040100044F2A340C0F6000000F0C2F943F6A93014
:10402000C0F6000000F0C2F94EF64801C0F20101EE
:104030004AF65520FFF7ACFD4FF4E130BDE8804073
:1040400000F065BB2DE9F04F81B000F0BBF90DF138
:10405000010000F092FB40F251250028C2F2000559
:104060004FD040F2643840F2623640F2522940F2BA
:104070006037C2F200084FF0000BC2F20006C2F235
:1040800000094FF0010AC2F200070DF1010400BF60
:104090002878012830D130789DF80120A8F800B0A8
:1040A00090B13B88022803F10101398009F803200F
:1040B00013D0012820D188B202281DD399F801001D
:1040C000412815D1022011E0012A15D189F800A05C
:1040D000A7F800A086F800A00EE088B20D280BD348
:1040E000B9F80A100E31814206D80320307003E07F
:1040F000A7F800B086F800B0204600F03EFB00288C
:10410000C6D100F04EFB287801286FD140F262360C
:10411000C2F20006317840F2603800200329C2F272
:104120000008ADF8020028D1B8F8000040F252248F
:10413000C2F200040238275A82B20DF10200214671
:10414000FFF752FDBDF80200874212D1A078012886
:1041500007D1E07828B940F25020C2F200000121D6
:104160000170B8F8001040F25220C2F20000FFF7D0
:104170001BFD0020A8F80000307040F26430C2F24D
:104180000000018841F2883301318AB29A420180ED
:1041900004D300210180A8F800103170287801288C
:1041A00024D140F25024C2F200042078F0B940F249
:1041B0004C25C2F20005286840F6C411013088423F
:1041C000286004D30020286000F024FA286868B929
:1041D00040F23420C2F2000001780131CAB2032A51
:1041E000017003D3012121700021017001B0BDE8ED
:1041F000F08F40F2D051C2F200014FF47A720A609F
:1042000040F27641C2F2000100220A8040F2784179
:10421000C2F200010A7040F26631C2F200010A7077
:1042200040F24421C2F200010A6040F23C21C2F295
:1042300000010A6040F24821C2F200010A6040F227
:104240003821C2F200010A6040F22E21C2F20001C0
:104250000A8040F23521C2F200010870704710B5A3
:1042600040F26632C2F200021178002953D140F2C6
:104270002E2140F2764CC2F200010023C2F2000C63
:104280000B80BCF8003040F2673140F2784EC2F249
:104290000001C2F2000EC8549EF80000013302284B
:1042A000ACF8003022D0012805D058BB98B20228C3
:1042B00028D101202DE0487841280DD0102805D0C4
:1042C000032823D198B207280DD824E098B20928F2
:1042D00021D3CC880A3404E098B20D281BD34C8932
:1042E0000E3484420ED802208EF80000087801288F
:1042F00006D040F23521C2F200010978884205D18A
:104300000120107098B2B0F5877F04D30020ACF87C
:1043100000008EF8000010BD70B582B040F2764308
:1043200014460022C2F200031A8040F27843C2F21F
:104330000003ADF806201A7040F23522C2F20002E6
:10434000127840F2BC45C2F200052A7041226A7020
:104350004268006805F10C06C5F80620C5F80200A1
:10436000304622466C81FBF7B0FF04F10C0082B2AC
:104370000DF106002946FFF737FC40F24420C2F257
:1043800000000268BDF8060030533AB104F10E0097
:1043900081B240F2BC40C2F20000904702B070BD52
:1043A00040F23821C2F200010860704740F2442117
:1043B000C2F200010860704740F2D051C2F2000121
:1043C000086070472DE9F04182B040F22E20C2F221
:1043D0000000018840F2D052C2F20002013112689E
:1043E000018089B240F2764540F278488A42C2F2B2
:1043F0000005C2F2000804D800210180298088F855
:10440000001040F26637C2F2000738780021012818
:10441000ADF8061031D1288840F26734C2F20004AA
:104420000238265A82B20DF106002146FFF7DCFB66
:10443000BDF8060086421BD16078412808D01028BC
:104440000BD0032814D140F23C20C2F2000008E057
:1044500040F23820C2F2000003E040F24820C2F2ED
:104460000000016821B140F26730C2F200008847C5
:104470000020288088F80000387002B0BDE8F08184
:10448000B0B514464AF65522904209D1002C08BF17
:10449000B0BD0D4615F8010BFFF7E1FE013CF9D167
:1044A000B0BDF0B5C5B004460078012849D140F24E
:1044B0005121C2F20001012040F264320870C2F2C0
:1044C0000002002140F25023118040F26032C2F21B
:1044D0000003C2F200021B78118040F26232002B0E
:1044E000C2F2000211703FD0ADF8021061788DF871
:1044F00004008DF80510D4F80600D4F80210658980
:1045000001AECDF80A00CDF8061006F10C0004F15A
:104510000C012A46ADF80E50FBF792FE05F10C0097
:1045200087B20DF1020031463A46FFF75DFBBDF858
:104530000200F05305F10E0081B2304600F029F977
:1045400014E0A51C2846FFF711FCA078FF2802D133
:10455000E078FF280DD0628904F10C01284645B0AF
:10456000BDE8F040FFF7D8BE00F054F84FF6FF70FA
:10457000608045B0F0BD10B54FF494710446FBF770
:10458000E6FE4FF49070A4F8240110BD10B5B0F809
:1045900024C1944538BF10BDB0F822318AB1944689
:1045A0001FFA83FE01339CB26409082C11F8014BF9
:1045B00088BF0023BCF1010C00F80E40F0D1B0F828
:1045C00024C1A0F82231B0F82631ACEB0201A0F8EA
:1045D00024119918A0F8261110BDB0F82621BAB1FF
:1045E000B0F82021835C0B70511C8AB25209082A52
:1045F00088BF0021B0F82421A0F82011511CB0F888
:104600002621A0F82411511EA0F826110120704780
:104610000020704710B582B04FF6AA7000234FF00B
:10462000010EFF220721EC46ADF80000CDF8023064
:1046300082EA0300082200BFC4B281EA44030006F4
:1046400058BF6300013A1846F6D10EF1010EBEF1D3
:10465000060F02D01CF80E20EAE755208DF807005F
:10466000684608218DF8063000F093F802B010BDBE
:1046700080B54FF47A70FFF7F9FBFFF738FCFFF7CE
:1046800062FBFFF79EFCBDE8804000F013B8FFF727
:10469000E7BB10B540F2CA54C2F2000420780130E2
:1046A000C1B20529207018BF10BDFFF731FC0020F2
:1046B000207010BD70B586B001AC20461421FBF708
:1046C00068FEFDF73AFB49F20006C4F20006054613
:1046D0003046FEF7F5FB45F6C5212809C0F67C21DA
:1046E000A0FB01010120ADF80400C80902900020E0
:1046F000ADF80C0040F20110ADF80F003046214635
:10470000FEF754F93046FEF737FD06B070BDB0B580
:104710008AB001AD0446281D2021FBF73AFE019422
:10472000032043F20004ADF80900FF20C4F20004A6
:104730008DF80B0020462946FEF716FF206840F052
:10474000100020604FF48050A063206840F0040007
:104750002060206840F004002060206840F00800DD
:104760002060206840F00200206040F2D450C2F285
:104770000000FFF700FF0AB0B0BD43F22401C4F20D
:1047800000018A6992054FBF00200968017001206D
:1047900070470A46014640F2D450C2F20000FFF7CB
:1047A000F5BE10B582B043F22004C4F20004E06903
:1047B00040070BD440F2D450C2F200000DF10701C3
:1047C000FFF70BFF10B19DF80700206002B010BD8D
:1047D00010B591EA030F48BF83F0004300F1408316
:1047E000841A71EB030C05D2121943EB0C03001B66
:1047F00061EB0C014FEA1154A4EB135CDFF81CE1F0
:104800001EEA430F18BF9EEA445F73D021EA0451A9
:1048100023EA0E0343F48013DCF1200E32D322FA94
:104820000CFE10EB0E0023FA0CFE41EB0E01CCF156
:10483000200E03FA0EFE10EB0E00CCF1200E51F10B
:104840000001B1F5801F32D201EB045112FA0EF2D1
:10485000BDE8104058BF7047401C38BF5FEA4202B5
:1048600018BF7047002814BF20F0010041F100017B
:104870004FEA410313F5001F38BF7047A1F1C04153
:1048800000F0E0BA012A43EB0302ACF1200CDCF1AA
:104890001F0E32BF4FF0000E23FA0CF310EB030093
:1048A00041EB0451B4EB115FD0D0A1EB045101F501
:1048B0008011490801EB04515FEA30000ED350F13A
:1048C000000038BF12FA0EFE08D1BDE81040C9E75B
:1048D000401C38BF5FEA4202CAD1C3E7BDE81040BE
:1048E0004FEA410313F5001F38BF7047A1F1C041E3
:1048F00000F0A8BA9EEA445F08D011EA5E0FBDE856
:10490000104004BF01F0004100207047BDE8104096
:1049100070B500F049FA00BF64FBBE3E0000E0FF46
:104920002DE9C04130B4DFF8A0C23CEA111418BF31
:104930003CEA131400F0EC801CEA111481EA030530
:1049400044EAD57418BF1CEA131500F0C780A4EB25
:10495000050404F17F7404F500344FF0004545EA86
:10496000C12145EAC32341EA505143EA52534FEA79
:10497000C0204FEAC222994208BF904200F09C80BA
:104980004FEA13650FF24016765D4FEA134506FBBA
:1049900005F7C7F1807706FB07F74FEAD737A7FB84
:1049A00003687642A7FB06CEC8F5803838BFA8F169
:1049B000010807FB08E6A6FB028C4FF0000EE6FBA1
:1049C00003CEDCF1000CCEF1004E38BFAEF1010E8B
:1049D000A6FB0C584FF00007E6FB0E87A1FB08C6AC
:1049E000A0FB07CE16EB0E064FF0000545F10005C3
:1049F000E1FB076515F1E04E7EBFA4F580345FEA68
:104A000046066D4116F1800745F100054FEA17276C
:104A100047EA05674FEA15254FEA0666A6F1DE4626
:104A2000B6F1805F1FD9384605EBC47124F0010C44
:104A300001EB0C11BCF1FE6F02D8F0BCBDE80081A7
:104A400024425CBF01F5801E9EEAC47F02D4F0BC04
:104A5000BDE80081244238D4A1F1C041F0BCBDE8DA
:104A6000004100F0EFB94FEAD02040EA41504FEA50
:104A7000D1214FEAD22242EA43524FEAD323A7FB85
:104A8000028607FB036605FB02661EEA0E0F58BF8F
:104A9000A6EB0056B6EB00564FEA520E4EEAC37E26
:104AA00018EB0E0E56EB530EBDD518EB02085E4107
:104AB0007F1C55F10005B6E74FF480154FF0000755
:104AC0004FF000064FF00008ADE701F1C04101F0E2
:104AD00000414FF00000F0BCBDE800810CEA131566
:104AE00011EA0C1F00D00CE013EA0C1F00F0258027
:104AF0004FF0000081EA030101F00041F0BCBDE885
:104B00000081F0BCBDE8004181EA030100F09AB9E0
:104B1000F0BCBDE8004170B500F046F9097EFC3EEE
:104B200000F007B84FF0000081EA030101F00041F6
:104B3000704781EA030100F085B9F0BCBDE800418F
:104B400022494FF000007047FFFDFBF9F7F5F4F242
:104B5000F0EEEDEBE9E8E6E4E3E1E0DEDDDBDAD818
:104B6000D7D5D4D3D1D0CFCDCCCBCAC8C7C6C5C476
:104B7000C2C1C0BFBEBDBCBBBAB9B8B7B6B5B4B38D
:104B8000B2B1B0AFAEADACABAAA9A8A8A7A6A5A478
:104B9000A3A3A2A1A09F9F9E9D9C9C9B9A9999983C
:104BA0009797969595949393929191908F8F8E8EDF
:104BB0008D8C8C8B8B8A898988888787868585846C
:104BC00084838382828181800000FF070000F87F58
:104BD0004FEA41034FEA5353A3F58063D3F11E0319
:104BE000C8BFD3F1210C0CDD4FF0004242EAC122D4
:104BF00042EA505232FA03FC8CEAE17CACEBE17001
:104C00007047102BC4BF0020704703F5787CBCF1BF
:104C1000FF3F04D06FF0004282EA2100704770B578
:104C200000F0C2F84992248000207047F2E7B0FA01
:104C300080F310FA03F10AD0C3F11D0303F580637A
:104C40004FEA03524FEA415002EBD12170474FF037
:104C50000000704770B5DFF848C11CEA111E1EBF86
:104C60001CEA13159EEA0C0F95EA0C0F00F06F80FA
:104C700081EA03044EEAD47EAE4421EA4C1123EAD1
:104C80004C1341F4801143F48013AEF17F7EA1FBFD
:104C9000024CA0FB0365361955EB0C05A1FB034C38
:104CA0004CF10003A0FB021C16EB0C06654153F10E
:104CB0000003094218BF46F0010613F4007F0BD130
:104CC0004FEA03314FEA053041EA155140EA1650E8
:104CD00034036FF003020AE04FEAC3214FEAC52014
:104CE00041EA555140EA5650F4026FF0020202EBDD
:104CF0002E4201EB025585EACE710AD05FEA440CE0
:104D000018BF24F0004450F1000041F1000120EAF6
:104D1000D47040F2FE7C624500D270BDA84214BF40
:104D20004FF080444FF04044002E08BF0024BEF1F5
:104D3000806FA8BFA1F1C041BDE8704080F28280C1
:104D400001F1C04101F000414FF0000070470CEA52
:104D500013159EEA0C0F18BF95EA0C0F06D081EAD6
:104D6000030E4FF000000EF0004170BD00F01CF883
:104D70008900013E00F007B800F009B84FEA430C83
:104D80005FEA5C5C08D081EA030100F05BB84FEA9F
:104D9000410C5FEA5C5CF6D102494FF000007047BD
:104DA0000000FF070000F87F0EF1020E2EF0030E48
:104DB0005EF8046B364205D4012A43EB030515F572
:104DC000001F12D8012841EB010C1CF5001F0CD864
:104DD0000ED14FEAD17C0CEB4C0C0CF1020C15F50A
:104DE000001F08BF4CEBD37C04E04FF0080C01E03F
:104DF0004FEAD37C0CEB4C0526FA05F606F00706C5
:104E0000B6F1040C06D20EEB860CBDE870404CF0F7
:104E1000010C6047DFE80CF0090B02024FF0004183
:104E2000A1F500214FF0000070BD19461046012881
:104E300051EB010418BFD4F5001484BF002001F029
:104E4000004170BD0808A0F500114FEA310170471C
:104E500010B591EA030F48BF83F000433FF5C0ACA3
:104E6000841A71EB030C07D28CF0004C121943EB3F
:104E70000C03001B61EB0C014FEA1154A4EB135C13
:104E8000DFF89CE11EEA430F18BF9EEA445F00F082
:104E9000B08021EA045123EA6E035242C3EB6E0351
:104EA00038BF5B1EDCF1200E25D322FA0CFE10EB7E
:104EB0000E0043FA0CFE41EB0E01CCF1200E03FA7A
:104EC0000EFE10EB0E00CCF1200E51F1000129D4A2
:104ED00001EB045112FA0EF2BDE8104058BF7047C2
:104EE000401C1CBFB2F1004F704700280CBF491C8A
:104EF00020F00100704712EB020E43EB030218BFD3
:104F00004FF0010E4EEA4202ACF1200CDCF11E0E15
:104F100054D943FA0CFE10EB0E00CCF11E0E51F1E9
:104F2000FF31D5D50EF1010E12FA0EFE404141EBD4
:104F3000010101EB445C5FEA5C5C10D901EB0451B8
:104F400010EBDE7038BFBEF1004FBDE8104018BF57
:104F5000704700280CBF491C20F00100704730D278
:104F60004FEAD42C24F4006411F500111BD0B1FADF
:104F700081F20B3AA41AA41ED2F12003914030FA18
:104F800003F31943904001EBCC7101EB0451002C69
:104F9000BDE81040A8BF704701F1C04101F00041D9
:104FA0004FF000007047B0FA80F310FA03F100D11F
:104FB00010BDE41A173C4805C90AE4E701EB0451A7
:104FC00010BD49104FEA300001EB0451BDE810401C
:104FD00002E04FF0000170474A0008BF0042F8D0DD
:104FE000B2F5001F28BF704701F000414FF00000EC
:104FF00070479EEA445F07D011EA5E0FBDE810409B
:1050000004BF002100207047BDE8104070B5FFF7D5
:10501000CBFE00BF40DFF63E104683F000417047F4
:105020000000E0FFF1EE100A4FF6FF71C0F2C03150
:1050300020EA010040F04070E1EE100A70470000E5
:105040002110422063308440A550C660E77008817B
:1050500029914AA16BB18CC1ADD1CEE1EFF13112F2
:10506000100273325222B5529442F772D6623993CB
:1050700018837BB35AA3BDD39CC3FFF3DEE3622442
:10508000433420040114E664C774A44485546AA51B
:105090004BB528850995EEE5CFF5ACC58DD55336D2
:1050A000722611163006D776F6669556B4465BB76B
:1050B0007AA719973887DFF7FEE79DD7BCC7C448A2
:1050C000E5588668A7784008611802282338CCC9BB
:1050D000EDD98EE9AFF9488969990AA92BB9F55A32
:1050E000D44AB77A966A711A500A333A122AFDDB0B
:1050F000DCCBBFFB9EEB799B588B3BBB1AABA66C02
:10510000877CE44CC55C222C033C600C411CAEED5A
:105110008FFDECCDCDDD2AAD0BBD688D499D977E11
:10512000B66ED55EF44E133E322E511E700E9FFFAA
:10513000BEEFDDDFFCCF1BBF3AAF599F788F889160
:10514000A981CAB1EBA10CD12DC14EF16FE1801044
:10515000A100C230E3200450254046706760B98347
:105160009893FBA3DAB33DC31CD37FE35EF3B10294
:105170009012F322D2323542145277625672EAB557
:10518000CBA5A89589856EF54FE52CD50DC5E234E4
:10519000C324A01481046674476424540544DBA727
:1051A000FAB79987B8975FE77EF71DC73CD7D32634
:1051B000F2369106B01657667676154634564CD9B7
:1051C0006DC90EF92FE9C899E9898AB9ABA9445884
:1051D000654806782768C018E1088238A3287DCB87
:1051E0005CDB3FEB1EFBF98BD89BBBAB9ABB754AD4
:1051F000545A376A167AF10AD01AB32A923A2EFD17
:105200000FED6CDD4DCDAABD8BADE89DC98D267C23
:10521000076C645C454CA23C832CE01CC10C1FEF66
:105220003EFF5DCF7CDF9BAFBABFD98FF89F176E73
:10523000367E554E745E932EB23ED10EF01E0000A7
:1052400000000000B71DC1046E3B8209D926430D42
:10525000DC7604136B6BC517B24D861A0550471EDA
:10526000B8ED08260FF0C922D6D68A2F61CB4B2B7A
:10527000649B0C35D386CD310AA08E3CBDBD4F3822
:1052800070DB114CC7C6D0481EE09345A9FD5241C2
:10529000ACAD155F1BB0D45BC2969756758B56525A
:1052A000C836196A7F2BD86EA60D9B6311105A67FA
:1052B00014401D79A35DDC7D7A7B9F70CD665E74A2
:1052C000E0B6239857ABE29C8E8DA1913990609502
:1052D0003CC0278B8BDDE68F52FBA582E5E664861A
:1052E000585B2BBEEF46EABA3660A9B7817D68B33A
:1052F000842D2FAD3330EEA9EA16ADA45D0B6CA062
:10530000906D32D42770F3D0FE56B0DD494B71D981
:105310004C1B36C7FB06F7C32220B4CE953D75CA99
:1053200028803AF29F9DFBF646BBB8FBF1A679FFB9
:10533000F4F63EE143EBFFE59ACDBCE82DD07DECE1
:1053400077708634C06D4730194B043DAE56C53971
:10535000AB0682271C1B4323C53D002E7220C12AA9
:10536000CF9D8E1278804F16A1A60C1B16BBCD1FA9
:1053700013EB8A01A4F64B057DD00808CACDC90CF1
:1053800007AB9778B0B6567C69901571DE8DD475F1
:10539000DBDD936B6CC0526FB5E6116202FBD06629
:1053A000BF469F5E085B5E5AD17D1D576660DC5329
:1053B00063309B4DD42D5A490D0B1944BA16D84071
:1053C00097C6A5AC20DB64A8F9FD27A54EE0E6A1B1
:1053D0004BB0A1BFFCAD60BB258B23B69296E2B269
:1053E0002F2BAD8A98366C8E41102F83F60DEE87E9
:1053F000F35DA9994440689D9D662B902A7BEA94B1
:10540000E71DB4E0500075E4892636E93E3BF7ED30
:105410003B6BB0F38C7671F7555032FAE24DF3FEE8
:105420005FF0BCC6E8ED7DC231CB3ECF86D6FFCB68
:105430008386B8D5349B79D1EDBD3ADC5AA0FBD830
:10544000EEE00C6959FDCD6D80DB8E6037C64F6490
:105450003296087A858BC97E5CAD8A73EBB04B7748
:10546000560D044FE110C54B383686468F2B474208
:105470008A7B005C3D66C158E4408255535D4351D0
:105480009E3B1D252926DC21F0009F2C471D5E2810
:10549000424D1936F550D8322C769B3F9B6B5A3BC8
:1054A00026D6150391CBD40748ED970AFFF0560E88
:1054B000FAA011104DBDD014949B93192386521D50
:1054C0000E562FF1B94BEEF5606DADF8D7706CFC50
:1054D000D2202BE2653DEAE6BC1BA9EB0B0668EF88
:1054E000B6BB27D701A6E6D3D880A5DE6F9D64DAC8
:1054F0006ACD23C4DDD0E2C004F6A1CDB3EB60C910
:105500007E8D3EBDC990FFB910B6BCB4A7AB7DB0CF
:10551000A2FB3AAE15E6FBAACCC0B8A77BDD79A307
:10552000C660369B717DF79FA85BB4921F46759647
:105530001A163288AD0BF38C742DB081C33071858F
:1055400099908A5D2E8D4B59F7AB085440B6C950DF
:1055500045E68E4EF2FB4F4A2BDD0C479CC0CD43F7
:10556000217D827B9660437F4F460072F85BC17657
:10557000FD0B86684A16476C93300461242DC5657F
:10558000E94B9B115E565A1587701918306DD81C5F
:10559000353D9F0282205E065B061D0BEC1BDC0F77
:1055A00051A69337E6BB52333F9D113E8880D03AD7
:1055B0008DD097243ACD5620E3EB152D54F6D429FF
:1055C0007926A9C5CE3B68C1171D2BCCA000EAC81F
:1055D000A550ADD6124D6CD2CB6B2FDF7C76EEDBB7
:1055E000C1CBA1E376D660E7AFF023EA18EDE2EE97
:1055F0001DBDA5F0AAA064F4738627F9C49BE6FD3F
:1056000009FDB889BEE0798D67C63A80D0DBFB849E
:10561000D58BBC9A62967D9EBBB03E930CADFF9736
:10562000B110B0AF060D71ABDF2B32A66836F3A216
:105630006D66B4BCDA7B75B8035D36B5B440F7B1BE
:105640000102020200000000FFFFFF1F00127A00AB
:10565000002A7515010016000080000003000000FC
:105660000200000000127A000057A6160100170081
:1056700000C00000030000000200000000127A00D9
:105680000084D7170100190000000000030000008B
:105690000200000000127A0000B1081901001A008F
:1056A00000400000030000000200000000127A0029
:1056B00000DE391A01001B0000800000030000001A
:1056C0000200000000127A00000B6B1B01001C009E
:1056D00000C00000030000000200000000127A0079
:1056E00000389C1C01001E000000000003000000A8
:1056F00002000000001BB700002A751501000F0012
:10570000000000000300000002000000001BB700C2
:105710000057A61601000F0055D500000300000039
:1057200002000000001BB7000084D7170100100022
:10573000AAAA00000300000002000000001BB7003E
:1057400000B10819010011000080000003000000F2
:1057500002000000001BB70000DE391A0100120031
:10576000555500000300000002000000001BB700B8
:10577000000B6B1B01001300AA2A000003000000AD
:1057800002000000001BB70000389C1C0100140040
:1057900000000000030000000200000000127A0078
:1057A00000E1F505010006000040000000000000D7
:1057B0000200000000127A0080778E0601000600C9
:1057C00000E00000000000000200000000127A006B
:1057D000000E270701000700008000000000000005
:1057E0000200000000127A0080A4BF070100080038
:1057F00000200000000000000200000000127A00FB
:10580000003B58080100080000C000000000000034
:105810000200000000127A0080D1F00801000900A7
:1058200000600000000000000200000000127A008A
:105830000068890901000A00000000000000000063
:105840000200000000127A0080FE210A01000A0016
:1058500000A00000000000000200000000127A001A
:105860000095BA0A01000B00004000000000000093
:105870000200000000127A00802B530B01000B0085
:1058800000E00000000000000200000000127A00AA
:1058900000C2EB0B01000C000080000000000000C3
:1058A0000200000000127A008058840C01000D00F4
:1058B00000200000010000000200000000127A0039
:1058C00000EF1C0D01000D0000C0000001000000F1
:1058D0000200000000127A008085B50D01000E0064
:1058E0000060000001000000020000000C590008E8
:1058F000000000200C000000DC010008185900081E
:105900000C000020F8070000F801000800127A00DF
:10591000010000000F000000FFFFFFFFFFFFFFFF7F
:10592000FFFFFFFFFFFFFFFFFFFFFFFFFFFFFFFF87
:10593000FFFFFFFFFFFFFFFFFFFFFFFFFFFFFFFF77
:10594000FFFFFFFFFFFFFFFFFFFFFFFFFFFFFFFF67
:10595000FFFFFFFFFFFFFFFFFFFFFFFFFFFFFFFF57
:10596000FFFFFFFFFFFFFFFFFFFFFFFFFFFFFFFF47
:10597000FFFFFFFFFFFFFFFFFFFFFFFFFFFFFFFF37
:10598000FFFFFFFFFFFFFFFFFFFFFFFFFFFFFFFF27
:10599000FFFFFFFFFFFFFFFFFFFFFFFFFFFFFFFF17
:1059A000FFFFFFFFFFFFFFFFFFFFFFFFFFFFFFFF07
:1059B000FFFFFFFFFFFFFFFFFFFFFFFFFFFFFFFFF7
:1059C000FFFFFFFFFFFFFFFFFFFFFFFFFFFFFFFFE7
:1059D000FFFFFFFFFFFFFFFFFFFFFFFFFFFFFFFFD7
:1059E000FFFFFFFFFFFFFFFFFFFFFFFFFFFFFFFFC7
:1059F000FFFFFFFFFFFFFFFFFFFFFFFFFFFFFFFFB7
:105A0000FFFFFFFFFFFFFFFFFFFFFFFFFFFFFFFFA6
:105A1000FFFFFFFFFFFFFFFFFFFFFFFFFFFFFFFF96
:105A2000FFFFFFFFFFFFFFFFFFFFFFFFFFFFFFFF86
:105A3000FFFFFFFFFFFFFFFFFFFFFFFFFFFFFFFF76
:105A4000FFFFFFFFFFFFFFFFFFFFFFFFFFFFFFFF66
:105A5000FFFFFFFFFFFFFFFFFFFFFFFFFFFFFFFF56
:105A6000FFFFFFFFFFFFFFFFFFFFFFFFFFFFFFFF46
:105A7000FFFFFFFFFFFFFFFFFFFFFFFFFFFFFFFF36
:105A8000FFFFFFFFFFFFFFFFFFFFFFFFFFFFFFFF26
:105A9000FFFFFFFFFFFFFFFFFFFFFFFFFFFFFFFF16
:105AA000FFFFFFFFFFFFFFFFFFFFFFFFFFFFFFFF06
:105AB000FFFFFFFFFFFFFFFFFFFFFFFFFFFFFFFFF6
:105AC000FFFFFFFFFFFFFFFFFFFFFFFFFFFFFFFFE6
:105AD000FFFFFFFFFFFFFFFFFFFFFFFFFFFFFFFFD6
:105AE000FFFFFFFFFFFFFFFFFFFFFFFFFFFFFFFFC6
:105AF000FFFFFFFFFFFFFFFFFFFFFFFFFFFFFFFFB6
:105B0000FFFFFFFFFFFFFFFFFFFFFFFFFFFFFFFFA5
:105B1000FFFFFFFFFFFFFFFFFFFFFFFFFFFFFFFF95
:105B2000FFFFFFFFFFFFFFFFFFFFFFFFFFFFFFFF85
:105B3000FFFFFFFFFFFFFFFFFFFFFFFFFFFFFFFF75
:105B4000FFFFFFFFFFFFFFFFFFFFFFFFFFFFFFFF65
:105B5000FFFFFFFFFFFFFFFFFFFFFFFFFFFFFFFF55
:105B6000FFFFFFFFFFFFFFFFFFFFFFFFFFFFFFFF45
:105B7000FFFFFFFFFFFFFFFFFFFFFFFFFFFFFFFF35
:105B8000FFFFFFFFFFFFFFFFFFFFFFFFFFFFFFFF25
:105B9000FFFFFFFFFFFFFFFFFFFFFFFFFFFFFFFF15
:105BA000FFFFFFFFFFFFFFFFFFFFFFFFFFFFFFFF05
:105BB000FFFFFFFFFFFFFFFFFFFFFFFFFFFFFFFFF5
:105BC000FFFFFFFFFFFFFFFFFFFFFFFFFFFFFFFFE5
:105BD000FFFFFFFFFFFFFFFFFFFFFFFFFFFFFFFFD5
:105BE000FFFFFFFFFFFFFFFFFFFFFFFFFFFFFFFFC5
:105BF000FFFFFFFFFFFFFFFFFFFFFFFFFFFFFFFFB5
:105C0000FFFFFFFFFFFFFFFFFFFFFFFFFFFFFFFFA4
:105C1000FFFFFFFFFFFFFFFFFFFFFFFFFFFFFFFF94
:105C2000FFFFFFFFFFFFFFFFFFFFFFFFFFFFFFFF84
:105C3000FFFFFFFFFFFFFFFFFFFFFFFFFFFFFFFF74
:105C4000FFFFFFFFFFFFFFFFFFFFFFFFFFFFFFFF64
:105C5000FFFFFFFFFFFFFFFFFFFFFFFFFFFFFFFF54
:105C6000FFFFFFFFFFFFFFFFFFFFFFFFFFFFFFFF44
:105C7000FFFFFFFFFFFFFFFFFFFFFFFFFFFFFFFF34
:105C8000FFFFFFFFFFFFFFFFFFFFFFFFFFFFFFFF24
:105C9000FFFFFFFFFFFFFFFFFFFFFFFFFFFFFFFF14
:105CA000FFFFFFFFFFFFFFFFFFFFFFFFFFFFFFFF04
:105CB000FFFFFFFFFFFFFFFFFFFFFFFFFFFFFFFFF4
:105CC000FFFFFFFFFFFFFFFFFFFFFFFFFFFFFFFFE4
:105CD000FFFFFFFFFFFFFFFFFFFFFFFFFFFFFFFFD4
:105CE000FFFFFFFFFFFFFFFFFFFFFFFFFFFFFFFFC4
:105CF000FFFFFFFFFFFFFFFFFFFFFFFFFFFFFFFFB4
:105D0000FFFFFFFFFFFFFFFFFFFFFFFFFFFFFFFFA3
:105D1000FFFFFFFFFFFFFFFFFFFFFFFFFFFFFFFF93
:105D2000FFFFFFFFFFFFFFFFFFFFFFFFFFFFFFFF83
:105D3000FFFFFFFFFFFFFFFFFFFFFFFFFFFFFFFF73
:105D4000FFFFFFFFFFFFFFFFFFFFFFFFFFFFFFFF63
:105D5000FFFFFFFFFFFFFFFFFFFFFFFFFFFFFFFF53
:105D6000FFFFFFFFFFFFFFFFFFFFFFFFFFFFFFFF43
:105D7000FFFFFFFFFFFFFFFFFFFFFFFFFFFFFFFF33
:105D8000FFFFFFFFFFFFFFFFFFFFFFFFFFFFFFFF23
:105D9000FFFFFFFFFFFFFFFFFFFFFFFFFFFFFFFF13
:105DA000FFFFFFFFFFFFFFFFFFFFFFFFFFFFFFFF03
:105DB000FFFFFFFFFFFFFFFFFFFFFFFFFFFFFFFFF3
:105DC000FFFFFFFFFFFFFFFFFFFFFFFFFFFFFFFFE3
:105DD000FFFFFFFFFFFFFFFFFFFFFFFFFFFFFFFFD3
:105DE000FFFFFFFFFFFFFFFFFFFFFFFFFFFFFFFFC3
:105DF000FFFFFFFFFFFFFFFFFFFFFFFFFFFFFFFFB3
:105E0000FFFFFFFFFFFFFFFFFFFFFFFFFFFFFFFFA2
:105E1000FFFFFFFFFFFFFFFFFFFFFFFFFFFFFFFF92
:105E2000FFFFFFFFFFFFFFFFFFFFFFFFFFFFFFFF82
:105E3000FFFFFFFFFFFFFFFFFFFFFFFFFFFFFFFF72
:105E4000FFFFFFFFFFFFFFFFFFFFFFFFFFFFFFFF62
:105E5000FFFFFFFFFFFFFFFFFFFFFFFFFFFFFFFF52
:105E6000FFFFFFFFFFFFFFFFFFFFFFFFFFFFFFFF42
:105E7000FFFFFFFFFFFFFFFFFFFFFFFFFFFFFFFF32
:105E8000FFFFFFFFFFFFFFFFFFFFFFFFFFFFFFFF22
:105E9000FFFFFFFFFFFFFFFFFFFFFFFFFFFFFFFF12
:105EA000FFFFFFFFFFFFFFFFFFFFFFFFFFFFFFFF02
:105EB000FFFFFFFFFFFFFFFFFFFFFFFFFFFFFFFFF2
:105EC000FFFFFFFFFFFFFFFFFFFFFFFFFFFFFFFFE2
:105ED000FFFFFFFFFFFFFFFFFFFFFFFFFFFFFFFFD2
:105EE000FFFFFFFFFFFFFFFFFFFFFFFFFFFFFFFFC2
:105EF000FFFFFFFFFFFFFFFFFFFFFFFFFFFFFFFFB2
:105F0000FFFFFFFFFFFFFFFFFFFFFFFFFFFFFFFFA1
:105F1000FFFFFFFFFFFFFFFFFFFFFFFFFFFFFFFF91
:105F2000FFFFFFFFFFFFFFFFFFFFFFFFFFFFFFFF81
:105F3000FFFFFFFFFFFFFFFFFFFFFFFFFFFFFFFF71
:105F4000FFFFFFFFFFFFFFFFFFFFFFFFFFFFFFFF61
:105F5000FFFFFFFFFFFFFFFFFFFFFFFFFFFFFFFF51
:105F6000FFFFFFFFFFFFFFFFFFFFFFFFFFFFFFFF41
:105F7000FFFFFFFFFFFFFFFFFFFFFFFFFFFFFFFF31
:105F8000FFFFFFFFFFFFFFFFFFFFFFFFFFFFFFFF21
:105F9000FFFFFFFFFFFFFFFFFFFFFFFFFFFFFFFF11
:105FA000FFFFFFFFFFFFFFFFFFFFFFFFFFFFFFFF01
:105FB000FFFFFFFFFFFFFFFFFFFFFFFFFFFFFFFFF1
:105FC000FFFFFFFFFFFFFFFFFFFFFFFFFFFFFFFFE1
:105FD000FFFFFFFFFFFFFFFFFFFFFFFFFFFFFFFFD1
:105FE000FFFFFFFFFFFFFFFFFFFFFFFFFFFFFFFFC1
:105FF000FFFFFFFFFFFFFFFFFFFFFFFFFFFFFFFFB1
:10600000FFFFFFFFFFFFFFFFFFFFFFFFFFFFFFFFA0
:10601000FFFFFFFFFFFFFFFFFFFFFFFFFFFFFFFF90
:10602000FFFFFFFFFFFFFFFFFFFFFFFFFFFFFFFF80
:10603000FFFFFFFFFFFFFFFFFFFFFFFFFFFFFFFF70
:10604000FFFFFFFFFFFFFFFFFFFFFFFFFFFFFFFF60
:10605000FFFFFFFFFFFFFFFFFFFFFFFFFFFFFFFF50
:10606000FFFFFFFFFFFFFFFFFFFFFFFFFFFFFFFF40
:10607000FFFFFFFFFFFFFFFFFFFFFFFFFFFFFFFF30
:10608000FFFFFFFFFFFFFFFFFFFFFFFFFFFFFFFF20
:10609000FFFFFFFFFFFFFFFFFFFFFFFFFFFFFFFF10
:1060A000FFFFFFFFFFFFFFFFFFFFFFFFFFFFFFFF00
:1060B000FFFFFFFFFFFFFFFFFFFFFFFFFFFFFFFFF0
:1060C000FFFFFFFFFFFFFFFFFFFFFFFFFFFFFFFFE0
:1060D000FFFFFFFFFFFFFFFFFFFFFFFFFFFFFFFFD0
:1060E000FFFFFFFFFFFFFFFFFFFFFFFFFFFFFFFFC0
:1060F000FFFFFFFFFFFFFFFFFFFFFFFFFFFFFFFFB0
:10610000FFFFFFFFFFFFFFFFFFFFFFFFFFFFFFFF9F
:10611000FFFFFFFFFFFFFFFFFFFFFFFFFFFFFFFF8F
:10612000FFFFFFFFFFFFFFFFFFFFFFFFFFFFFFFF7F
:10613000FFFFFFFFFFFFFFFFFFFFFFFFFFFFFFFF6F
:10614000FFFFFFFFFFFFFFFFFFFFFFFFFFFFFFFF5F
:10615000FFFFFFFFFFFFFFFFFFFFFFFFFFFFFFFF4F
:10616000FFFFFFFFFFFFFFFFFFFFFFFFFFFFFFFF3F
:10617000FFFFFFFFFFFFFFFFFFFFFFFFFFFFFFFF2F
:10618000FFFFFFFFFFFFFFFFFFFFFFFFFFFFFFFF1F
:10619000FFFFFFFFFFFFFFFFFFFFFFFFFFFFFFFF0F
:1061A000FFFFFFFFFFFFFFFFFFFFFFFFFFFFFFFFFF
:1061B000FFFFFFFFFFFFFFFFFFFFFFFFFFFFFFFFEF
:1061C000FFFFFFFFFFFFFFFFFFFFFFFFFFFFFFFFDF
:1061D000FFFFFFFFFFFFFFFFFFFFFFFFFFFFFFFFCF
:1061E000FFFFFFFFFFFFFFFFFFFFFFFFFFFFFFFFBF
:1061F000FFFFFFFFFFFFFFFFFFFFFFFFFFFFFFFFAF
:10620000FFFFFFFFFFFFFFFFFFFFFFFFFFFFFFFF9E
:10621000FFFFFFFFFFFFFFFFFFFFFFFFFFFFFFFF8E
:10622000FFFFFFFFFFFFFFFFFFFFFFFFFFFFFFFF7E
:10623000FFFFFFFFFFFFFFFFFFFFFFFFFFFFFFFF6E
:10624000FFFFFFFFFFFFFFFFFFFFFFFFFFFFFFFF5E
:10625000FFFFFFFFFFFFFFFFFFFFFFFFFFFFFFFF4E
:10626000FFFFFFFFFFFFFFFFFFFFFFFFFFFFFFFF3E
:10627000FFFFFFFFFFFFFFFFFFFFFFFFFFFFFFFF2E
:10628000FFFFFFFFFFFFFFFFFFFFFFFFFFFFFFFF1E
:10629000FFFFFFFFFFFFFFFFFFFFFFFFFFFFFFFF0E
:1062A000FFFFFFFFFFFFFFFFFFFFFFFFFFFFFFFFFE
:1062B000FFFFFFFFFFFFFFFFFFFFFFFFFFFFFFFFEE
:1062C000FFFFFFFFFFFFFFFFFFFFFFFFFFFFFFFFDE
:1062D000FFFFFFFFFFFFFFFFFFFFFFFFFFFFFFFFCE
:1062E000FFFFFFFFFFFFFFFFFFFFFFFFFFFFFFFFBE
:1062F000FFFFFFFFFFFFFFFFFFFFFFFFFFFFFFFFAE
:10630000FFFFFFFFFFFFFFFFFFFFFFFFFFFFFFFF9D
:10631000FFFFFFFFFFFFFFFFFFFFFFFFFFFFFFFF8D
:10632000FFFFFFFFFFFFFFFFFFFFFFFFFFFFFFFF7D
:10633000FFFFFFFFFFFFFFFFFFFFFFFFFFFFFFFF6D
:10634000FFFFFFFFFFFFFFFFFFFFFFFFFFFFFFFF5D
:10635000FFFFFFFFFFFFFFFFFFFFFFFFFFFFFFFF4D
:10636000FFFFFFFFFFFFFFFFFFFFFFFFFFFFFFFF3D
:10637000FFFFFFFFFFFFFFFFFFFFFFFFFFFFFFFF2D
:10638000FFFFFFFFFFFFFFFFFFFFFFFFFFFFFFFF1D
:10639000FFFFFFFFFFFFFFFFFFFFFFFFFFFFFFFF0D
:1063A000FFFFFFFFFFFFFFFFFFFFFFFFFFFFFFFFFD
:1063B000FFFFFFFFFFFFFFFFFFFFFFFFFFFFFFFFED
:1063C000FFFFFFFFFFFFFFFFFFFFFFFFFFFFFFFFDD
:1063D000FFFFFFFFFFFFFFFFFFFFFFFFFFFFFFFFCD
:1063E000FFFFFFFFFFFFFFFFFFFFFFFFFFFFFFFFBD
:1063F000FFFFFFFFFFFFFFFFFFFFFFFFFFFFFFFFAD
:10640000FFFFFFFFFFFFFFFFFFFFFFFFFFFFFFFF9C
:10641000FFFFFFFFFFFFFFFFFFFFFFFFFFFFFFFF8C
:10642000FFFFFFFFFFFFFFFFFFFFFFFFFFFFFFFF7C
:10643000FFFFFFFFFFFFFFFFFFFFFFFFFFFFFFFF6C
:10644000FFFFFFFFFFFFFFFFFFFFFFFFFFFFFFFF5C
:10645000FFFFFFFFFFFFFFFFFFFFFFFFFFFFFFFF4C
:10646000FFFFFFFFFFFFFFFFFFFFFFFFFFFFFFFF3C
:10647000FFFFFFFFFFFFFFFFFFFFFFFFFFFFFFFF2C
:10648000FFFFFFFFFFFFFFFFFFFFFFFFFFFFFFFF1C
:10649000FFFFFFFFFFFFFFFFFFFFFFFFFFFFFFFF0C
:1064A000FFFFFFFFFFFFFFFFFFFFFFFFFFFFFFFFFC
:1064B000FFFFFFFFFFFFFFFFFFFFFFFFFFFFFFFFEC
:1064C000FFFFFFFFFFFFFFFFFFFFFFFFFFFFFFFFDC
:1064D000FFFFFFFFFFFFFFFFFFFFFFFFFFFFFFFFCC
:1064E000FFFFFFFFFFFFFFFFFFFFFFFFFFFFFFFFBC
:1064F000FFFFFFFFFFFFFFFFFFFFFFFFFFFFFFFFAC
:10650000FFFFFFFFFFFFFFFFFFFFFFFFFFFFFFFF9B
:10651000FFFFFFFFFFFFFFFFFFFFFFFFFFFFFFFF8B
:10652000FFFFFFFFFFFFFFFFFFFFFFFFFFFFFFFF7B
:10653000FFFFFFFFFFFFFFFFFFFFFFFFFFFFFFFF6B
:10654000FFFFFFFFFFFFFFFFFFFFFFFFFFFFFFFF5B
:10655000FFFFFFFFFFFFFFFFFFFFFFFFFFFFFFFF4B
:10656000FFFFFFFFFFFFFFFFFFFFFFFFFFFFFFFF3B
:10657000FFFFFFFFFFFFFFFFFFFFFFFFFFFFFFFF2B
:10658000FFFFFFFFFFFFFFFFFFFFFFFFFFFFFFFF1B
:10659000FFFFFFFFFFFFFFFFFFFFFFFFFFFFFFFF0B
:1065A000FFFFFFFFFFFFFFFFFFFFFFFFFFFFFFFFFB
:1065B000FFFFFFFFFFFFFFFFFFFFFFFFFFFFFFFFEB
:1065C000FFFFFFFFFFFFFFFFFFFFFFFFFFFFFFFFDB
:1065D000FFFFFFFFFFFFFFFFFFFFFFFFFFFFFFFFCB
:1065E000FFFFFFFFFFFFFFFFFFFFFFFFFFFFFFFFBB
:1065F000FFFFFFFFFFFFFFFFFFFFFFFFFFFFFFFFAB
:10660000FFFFFFFFFFFFFFFFFFFFFFFFFFFFFFFF9A
:10661000FFFFFFFFFFFFFFFFFFFFFFFFFFFFFFFF8A
:10662000FFFFFFFFFFFFFFFFFFFFFFFFFFFFFFFF7A
:10663000FFFFFFFFFFFFFFFFFFFFFFFFFFFFFFFF6A
:10664000FFFFFFFFFFFFFFFFFFFFFFFFFFFFFFFF5A
:10665000FFFFFFFFFFFFFFFFFFFFFFFFFFFFFFFF4A
:10666000FFFFFFFFFFFFFFFFFFFFFFFFFFFFFFFF3A
:10667000FFFFFFFFFFFFFFFFFFFFFFFFFFFFFFFF2A
:10668000FFFFFFFFFFFFFFFFFFFFFFFFFFFFFFFF1A
:10669000FFFFFFFFFFFFFFFFFFFFFFFFFFFFFFFF0A
:1066A000FFFFFFFFFFFFFFFFFFFFFFFFFFFFFFFFFA
:1066B000FFFFFFFFFFFFFFFFFFFFFFFFFFFFFFFFEA
:1066C000FFFFFFFFFFFFFFFFFFFFFFFFFFFFFFFFDA
:1066D000FFFFFFFFFFFFFFFFFFFFFFFFFFFFFFFFCA
:1066E000FFFFFFFFFFFFFFFFFFFFFFFFFFFFFFFFBA
:1066F000FFFFFFFFFFFFFFFFFFFFFFFFFFFFFFFFAA
:10670000FFFFFFFFFFFFFFFFFFFFFFFFFFFFFFFF99
:10671000FFFFFFFFFFFFFFFFFFFFFFFFFFFFFFFF89
:10672000FFFFFFFFFFFFFFFFFFFFFFFFFFFFFFFF79
:10673000FFFFFFFFFFFFFFFFFFFFFFFFFFFFFFFF69
:10674000FFFFFFFFFFFFFFFFFFFFFFFFFFFFFFFF59
:10675000FFFFFFFFFFFFFFFFFFFFFFFFFFFFFFFF49
:10676000FFFFFFFFFFFFFFFFFFFFFFFFFFFFFFFF39
:10677000FFFFFFFFFFFFFFFFFFFFFFFFFFFFFFFF29
:10678000FFFFFFFFFFFFFFFFFFFFFFFFFFFFFFFF19
:10679000FFFFFFFFFFFFFFFFFFFFFFFFFFFFFFFF09
:1067A000FFFFFFFFFFFFFFFFFFFFFFFFFFFFFFFFF9
:1067B000FFFFFFFFFFFFFFFFFFFFFFFFFFFFFFFFE9
:1067C000FFFFFFFFFFFFFFFFFFFFFFFFFFFFFFFFD9
:1067D000FFFFFFFFFFFFFFFFFFFFFFFFFFFFFFFFC9
:1067E000FFFFFFFFFFFFFFFFFFFFFFFFFFFFFFFFB9
:1067F000FFFFFFFFFFFFFFFFFFFFFFFFFFFFFFFFA9
:10680000FFFFFFFFFFFFFFFFFFFFFFFFFFFFFFFF98
:10681000FFFFFFFFFFFFFFFFFFFFFFFFFFFFFFFF88
:10682000FFFFFFFFFFFFFFFFFFFFFFFFFFFFFFFF78
:10683000FFFFFFFFFFFFFFFFFFFFFFFFFFFFFFFF68
:10684000FFFFFFFFFFFFFFFFFFFFFFFFFFFFFFFF58
:10685000FFFFFFFFFFFFFFFFFFFFFFFFFFFFFFFF48
:10686000FFFFFFFFFFFFFFFFFFFFFFFFFFFFFFFF38
:10687000FFFFFFFFFFFFFFFFFFFFFFFFFFFFFFFF28
:10688000FFFFFFFFFFFFFFFFFFFFFFFFFFFFFFFF18
:10689000FFFFFFFFFFFFFFFFFFFFFFFFFFFFFFFF08
:1068A000FFFFFFFFFFFFFFFFFFFFFFFFFFFFFFFFF8
:1068B000FFFFFFFFFFFFFFFFFFFFFFFFFFFFFFFFE8
:1068C000FFFFFFFFFFFFFFFFFFFFFFFFFFFFFFFFD8
:1068D000FFFFFFFFFFFFFFFFFFFFFFFFFFFFFFFFC8
:1068E000FFFFFFFFFFFFFFFFFFFFFFFFFFFFFFFFB8
:1068F000FFFFFFFFFFFFFFFFFFFFFFFFFFFFFFFFA8
:10690000FFFFFFFFFFFFFFFFFFFFFFFFFFFFFFFF97
:10691000FFFFFFFFFFFFFFFFFFFFFFFFFFFFFFFF87
:10692000FFFFFFFFFFFFFFFFFFFFFFFFFFFFFFFF77
:10693000FFFFFFFFFFFFFFFFFFFFFFFFFFFFFFFF67
:10694000FFFFFFFFFFFFFFFFFFFFFFFFFFFFFFFF57
:10695000FFFFFFFFFFFFFFFFFFFFFFFFFFFFFFFF47
:10696000FFFFFFFFFFFFFFFFFFFFFFFFFFFFFFFF37
:10697000FFFFFFFFFFFFFFFFFFFFFFFFFFFFFFFF27
:10698000FFFFFFFFFFFFFFFFFFFFFFFFFFFFFFFF17
:10699000FFFFFFFFFFFFFFFFFFFFFFFFFFFFFFFF07
:1069A000FFFFFFFFFFFFFFFFFFFFFFFFFFFFFFFFF7
:1069B000FFFFFFFFFFFFFFFFFFFFFFFFFFFFFFFFE7
:1069C000FFFFFFFFFFFFFFFFFFFFFFFFFFFFFFFFD7
:1069D000FFFFFFFFFFFFFFFFFFFFFFFFFFFFFFFFC7
:1069E000FFFFFFFFFFFFFFFFFFFFFFFFFFFFFFFFB7
:1069F000FFFFFFFFFFFFFFFFFFFFFFFFFFFFFFFFA7
:106A0000FFFFFFFFFFFFFFFFFFFFFFFFFFFFFFFF96
:106A1000FFFFFFFFFFFFFFFFFFFFFFFFFFFFFFFF86
:106A2000FFFFFFFFFFFFFFFFFFFFFFFFFFFFFFFF76
:106A3000FFFFFFFFFFFFFFFFFFFFFFFFFFFFFFFF66
:106A4000FFFFFFFFFFFFFFFFFFFFFFFFFFFFFFFF56
:106A5000FFFFFFFFFFFFFFFFFFFFFFFFFFFFFFFF46
:106A6000FFFFFFFFFFFFFFFFFFFFFFFFFFFFFFFF36
:106A7000FFFFFFFFFFFFFFFFFFFFFFFFFFFFFFFF26
:106A8000FFFFFFFFFFFFFFFFFFFFFFFFFFFFFFFF16
:106A9000FFFFFFFFFFFFFFFFFFFFFFFFFFFFFFFF06
:106AA000FFFFFFFFFFFFFFFFFFFFFFFFFFFFFFFFF6
:106AB000FFFFFFFFFFFFFFFFFFFFFFFFFFFFFFFFE6
:106AC000FFFFFFFFFFFFFFFFFFFFFFFFFFFFFFFFD6
:106AD000FFFFFFFFFFFFFFFFFFFFFFFFFFFFFFFFC6
:106AE000FFFFFFFFFFFFFFFFFFFFFFFFFFFFFFFFB6
:106AF000FFFFFFFFFFFFFFFFFFFFFFFFFFFFFFFFA6
:106B0000FFFFFFFFFFFFFFFFFFFFFFFFFFFFFFFF95
:106B1000FFFFFFFFFFFFFFFFFFFFFFFFFFFFFFFF85
:106B2000FFFFFFFFFFFFFFFFFFFFFFFFFFFFFFFF75
:106B3000FFFFFFFFFFFFFFFFFFFFFFFFFFFFFFFF65
:106B4000FFFFFFFFFFFFFFFFFFFFFFFFFFFFFFFF55
:106B5000FFFFFFFFFFFFFFFFFFFFFFFFFFFFFFFF45
:106B6000FFFFFFFFFFFFFFFFFFFFFFFFFFFFFFFF35
:106B7000FFFFFFFFFFFFFFFFFFFFFFFFFFFFFFFF25
:106B8000FFFFFFFFFFFFFFFFFFFFFFFFFFFFFFFF15
:106B9000FFFFFFFFFFFFFFFFFFFFFFFFFFFFFFFF05
:106BA000FFFFFFFFFFFFFFFFFFFFFFFFFFFFFFFFF5
:106BB000FFFFFFFFFFFFFFFFFFFFFFFFFFFFFFFFE5
:106BC000FFFFFFFFFFFFFFFFFFFFFFFFFFFFFFFFD5
:106BD000FFFFFFFFFFFFFFFFFFFFFFFFFFFFFFFFC5
:106BE000FFFFFFFFFFFFFFFFFFFFFFFFFFFFFFFFB5
:106BF000FFFFFFFFFFFFFFFFFFFFFFFFFFFFFFFFA5
:106C0000FFFFFFFFFFFFFFFFFFFFFFFFFFFFFFFF94
:106C1000FFFFFFFFFFFFFFFFFFFFFFFFFFFFFFFF84
:106C2000FFFFFFFFFFFFFFFFFFFFFFFFFFFFFFFF74
:106C3000FFFFFFFFFFFFFFFFFFFFFFFFFFFFFFFF64
:106C4000FFFFFFFFFFFFFFFFFFFFFFFFFFFFFFFF54
:106C5000FFFFFFFFFFFFFFFFFFFFFFFFFFFFFFFF44
:106C6000FFFFFFFFFFFFFFFFFFFFFFFFFFFFFFFF34
:106C7000FFFFFFFFFFFFFFFFFFFFFFFFFFFFFFFF24
:106C8000FFFFFFFFFFFFFFFFFFFFFFFFFFFFFFFF14
:106C9000FFFFFFFFFFFFFFFFFFFFFFFFFFFFFFFF04
:106CA000FFFFFFFFFFFFFFFFFFFFFFFFFFFFFFFFF4
:106CB000FFFFFFFFFFFFFFFFFFFFFFFFFFFFFFFFE4
:106CC000FFFFFFFFFFFFFFFFFFFFFFFFFFFFFFFFD4
:106CD000FFFFFFFFFFFFFFFFFFFFFFFFFFFFFFFFC4
:106CE000FFFFFFFFFFFFFFFFFFFFFFFFFFFFFFFFB4
:106CF000FFFFFFFFFFFFFFFFFFFFFFFFFFFFFFFFA4
:106D0000FFFFFFFFFFFFFFFFFFFFFFFFFFFFFFFF93
:106D1000FFFFFFFFFFFFFFFFFFFFFFFFFFFFFFFF83
:106D2000FFFFFFFFFFFFFFFFFFFFFFFFFFFFFFFF73
:106D3000FFFFFFFFFFFFFFFFFFFFFFFFFFFFFFFF63
:106D4000FFFFFFFFFFFFFFFFFFFFFFFFFFFFFFFF53
:106D5000FFFFFFFFFFFFFFFFFFFFFFFFFFFFFFFF43
:106D6000FFFFFFFFFFFFFFFFFFFFFFFFFFFFFFFF33
:106D7000FFFFFFFFFFFFFFFFFFFFFFFFFFFFFFFF23
:106D8000FFFFFFFFFFFFFFFFFFFFFFFFFFFFFFFF13
:106D9000FFFFFFFFFFFFFFFFFFFFFFFFFFFFFFFF03
:106DA000FFFFFFFFFFFFFFFFFFFFFFFFFFFFFFFFF3
:106DB000FFFFFFFFFFFFFFFFFFFFFFFFFFFFFFFFE3
:106DC000FFFFFFFFFFFFFFFFFFFFFFFFFFFFFFFFD3
:106DD000FFFFFFFFFFFFFFFFFFFFFFFFFFFFFFFFC3
:106DE000FFFFFFFFFFFFFFFFFFFFFFFFFFFFFFFFB3
:106DF000FFFFFFFFFFFFFFFFFFFFFFFFFFFFFFFFA3
:106E0000FFFFFFFFFFFFFFFFFFFFFFFFFFFFFFFF92
:106E1000FFFFFFFFFFFFFFFFFFFFFFFFFFFFFFFF82
:106E2000FFFFFFFFFFFFFFFFFFFFFFFFFFFFFFFF72
:106E3000FFFFFFFFFFFFFFFFFFFFFFFFFFFFFFFF62
:106E4000FFFFFFFFFFFFFFFFFFFFFFFFFFFFFFFF52
:106E5000FFFFFFFFFFFFFFFFFFFFFFFFFFFFFFFF42
:106E6000FFFFFFFFFFFFFFFFFFFFFFFFFFFFFFFF32
:106E7000FFFFFFFFFFFFFFFFFFFFFFFFFFFFFFFF22
:106E8000FFFFFFFFFFFFFFFFFFFFFFFFFFFFFFFF12
:106E9000FFFFFFFFFFFFFFFFFFFFFFFFFFFFFFFF02
:106EA000FFFFFFFFFFFFFFFFFFFFFFFFFFFFFFFFF2
:106EB000FFFFFFFFFFFFFFFFFFFFFFFFFFFFFFFFE2
:106EC000FFFFFFFFFFFFFFFFFFFFFFFFFFFFFFFFD2
:106ED000FFFFFFFFFFFFFFFFFFFFFFFFFFFFFFFFC2
:106EE000FFFFFFFFFFFFFFFFFFFFFFFFFFFFFFFFB2
:106EF000FFFFFFFFFFFFFFFFFFFFFFFFFFFFFFFFA2
:106F0000FFFFFFFFFFFFFFFFFFFFFFFFFFFFFFFF91
:106F1000FFFFFFFFFFFFFFFFFFFFFFFFFFFFFFFF81
:106F2000FFFFFFFFFFFFFFFFFFFFFFFFFFFFFFFF71
:106F3000FFFFFFFFFFFFFFFFFFFFFFFFFFFFFFFF61
:106F4000FFFFFFFFFFFFFFFFFFFFFFFFFFFFFFFF51
:106F5000FFFFFFFFFFFFFFFFFFFFFFFFFFFFFFFF41
:106F6000FFFFFFFFFFFFFFFFFFFFFFFFFFFFFFFF31
:106F7000FFFFFFFFFFFFFFFFFFFFFFFFFFFFFFFF21
:106F8000FFFFFFFFFFFFFFFFFFFFFFFFFFFFFFFF11
:106F9000FFFFFFFFFFFFFFFFFFFFFFFFFFFFFFFF01
:106FA000FFFFFFFFFFFFFFFFFFFFFFFFFFFFFFFFF1
:106FB000FFFFFFFFFFFFFFFFFFFFFFFFFFFFFFFFE1
:106FC000FFFFFFFFFFFFFFFFFFFFFFFFFFFFFFFFD1
:106FD000FFFFFFFFFFFFFFFFFFFFFFFFFFFFFFFFC1
:106FE000FFFFFFFFFFFFFFFFFFFFFFFFFFFFFFFFB1
:106FF000FFFFFFFFFFFFFFFFFFFFFFFFFFFFFFFFA1
:10700000CC8400007941B529FFFFFFFFFFFFFFFFA0
:10701000FFFFFFFFFFFFFFFFFFFFFFFFFFFFFFFF80
:10702000FFFFFFFFFFFFFFFFFFFFFFFFFFFFFFFF70
:10703000FFFFFFFFFFFFFFFFFFFFFFFFFFFFFFFF60
:10704000FFFFFFFFFFFFFFFFFFFFFFFFFFFFFFFF50
:10705000FFFFFFFFFFFFFFFFFFFFFFFFFFFFFFFF40
:10706000FFFFFFFFFFFFFFFFFFFFFFFFFFFFFFFF30
:10707000FFFFFFFFFFFFFFFFFFFFFFFFFFFFFFFF20
:10708000FFFFFFFFFFFFFFFFFFFFFFFFFFFFFFFF10
:10709000FFFFFFFFFFFFFFFFFFFFFFFFFFFFFFFF00
:1070A000FFFFFFFFFFFFFFFFFFFFFFFFFFFFFFFFF0
:1070B000FFFFFFFFFFFFFFFFFFFFFFFFFFFFFFFFE0
:1070C000FFFFFFFFFFFFFFFFFFFFFFFFFFFFFFFFD0
:1070D000FFFFFFFFFFFFFFFFFFFFFFFFFFFFFFFFC0
:1070E000FFFFFFFFFFFFFFFFFFFFFFFFFFFFFFFFB0
:1070F000FFFFFFFFFFFFFFFFFFFFFFFFFFFFFFFFA0
:10710000FFFFFFFFFFFFFFFFFFFFFFFFFFFFFFFF8F
:10711000FFFFFFFFFFFFFFFFFFFFFFFFFFFFFFFF7F
:10712000FFFFFFFFFFFFFFFFFFFFFFFFFFFFFFFF6F
:10713000FFFFFFFFFFFFFFFFFFFFFFFFFFFFFFFF5F
:10714000FFFFFFFFFFFFFFFFFFFFFFFFFFFFFFFF4F
:10715000FFFFFFFFFFFFFFFFFFFFFFFFFFFFFFFF3F
:10716000FFFFFFFFFFFFFFFFFFFFFFFFFFFFFFFF2F
:10717000FFFFFFFFFFFFFFFFFFFFFFFFFFFFFFFF1F
:10718000FFFFFFFFFFFFFFFFFFFFFFFFFFFFFFFF0F
:10719000FFFFFFFFFFFFFFFFFFFFFFFFFFFFFFFFFF
:1071A000FFFFFFFFFFFFFFFFFFFFFFFFFFFFFFFFEF
:1071B000FFFFFFFFFFFFFFFFFFFFFFFFFFFFFFFFDF
:1071C000FFFFFFFFFFFFFFFFFFFFFFFFFFFFFFFFCF
:1071D000FFFFFFFFFFFFFFFFFFFFFFFFFFFFFFFFBF
:1071E000FFFFFFFFFFFFFFFFFFFFFFFFFFFFFFFFAF
:1071F000FFFFFFFFFFFFFFFFFFFFFFFFFFFFFFFF9F
:10720000FFFFFFFFFFFFFFFFFFFFFFFFFFFFFFFF8E
:10721000FFFFFFFFFFFFFFFFFFFFFFFFFFFFFFFF7E
:10722000FFFFFFFFFFFFFFFFFFFFFFFFFFFFFFFF6E
:10723000FFFFFFFFFFFFFFFFFFFFFFFFFFFFFFFF5E
:10724000FFFFFFFFFFFFFFFFFFFFFFFFFFFFFFFF4E
:10725000FFFFFFFFFFFFFFFFFFFFFFFFFFFFFFFF3E
:10726000FFFFFFFFFFFFFFFFFFFFFFFFFFFFFFFF2E
:10727000FFFFFFFFFFFFFFFFFFFFFFFFFFFFFFFF1E
:10728000FFFFFFFFFFFFFFFFFFFFFFFFFFFFFFFF0E
:10729000FFFFFFFFFFFFFFFFFFFFFFFFFFFFFFFFFE
:1072A000FFFFFFFFFFFFFFFFFFFFFFFFFFFFFFFFEE
:1072B000FFFFFFFFFFFFFFFFFFFFFFFFFFFFFFFFDE
:1072C000FFFFFFFFFFFFFFFFFFFFFFFFFFFFFFFFCE
:1072D000FFFFFFFFFFFFFFFFFFFFFFFFFFFFFFFFBE
:1072E000FFFFFFFFFFFFFFFFFFFFFFFFFFFFFFFFAE
:1072F000FFFFFFFFFFFFFFFFFFFFFFFFFFFFFFFF9E
:10730000FFFFFFFFFFFFFFFFFFFFFFFFFFFFFFFF8D
:10731000FFFFFFFFFFFFFFFFFFFFFFFFFFFFFFFF7D
:10732000FFFFFFFFFFFFFFFFFFFFFFFFFFFFFFFF6D
:10733000FFFFFFFFFFFFFFFFFFFFFFFFFFFFFFFF5D
:10734000FFFFFFFFFFFFFFFFFFFFFFFFFFFFFFFF4D
:10735000FFFFFFFFFFFFFFFFFFFFFFFFFFFFFFFF3D
:10736000FFFFFFFFFFFFFFFFFFFFFFFFFFFFFFFF2D
:10737000FFFFFFFFFFFFFFFFFFFFFFFFFFFFFFFF1D
:10738000FFFFFFFFFFFFFFFFFFFFFFFFFFFFFFFF0D
:10739000FFFFFFFFFFFFFFFFFFFFFFFFFFFFFFFFFD
:1073A000FFFFFFFFFFFFFFFFFFFFFFFFFFFFFFFFED
:1073B000FFFFFFFFFFFFFFFFFFFFFFFFFFFFFFFFDD
:1073C000FFFFFFFFFFFFFFFFFFFFFFFFFFFFFFFFCD
:1073D000FFFFFFFFFFFFFFFFFFFFFFFFFFFFFFFFBD
:1073E000FFFFFFFFFFFFFFFFFFFFFFFFFFFFFFFFAD
:1073F000FFFFFFFFFFFFFFFFFFFFFFFFFFFFFFFF9D
:10740000FFFFFFFFFFFFFFFFFFFFFFFFFFFFFFFF8C
:10741000FFFFFFFFFFFFFFFFFFFFFFFFFFFFFFFF7C
:10742000FFFFFFFFFFFFFFFFFFFFFFFFFFFFFFFF6C
:10743000FFFFFFFFFFFFFFFFFFFFFFFFFFFFFFFF5C
:10744000FFFFFFFFFFFFFFFFFFFFFFFFFFFFFFFF4C
:10745000FFFFFFFFFFFFFFFFFFFFFFFFFFFFFFFF3C
:10746000FFFFFFFFFFFFFFFFFFFFFFFFFFFFFFFF2C
:10747000FFFFFFFFFFFFFFFFFFFFFFFFFFFFFFFF1C
:10748000FFFFFFFFFFFFFFFFFFFFFFFFFFFFFFFF0C
:10749000FFFFFFFFFFFFFFFFFFFFFFFFFFFFFFFFFC
:1074A000FFFFFFFFFFFFFFFFFFFFFFFFFFFFFFFFEC
:1074B000FFFFFFFFFFFFFFFFFFFFFFFFFFFFFFFFDC
:1074C000FFFFFFFFFFFFFFFFFFFFFFFFFFFFFFFFCC
:1074D000FFFFFFFFFFFFFFFFFFFFFFFFFFFFFFFFBC
:1074E000FFFFFFFFFFFFFFFFFFFFFFFFFFFFFFFFAC
:1074F000FFFFFFFFFFFFFFFFFFFFFFFFFFFFFFFF9C
:10750000FFFFFFFFFFFFFFFFFFFFFFFFFFFFFFFF8B
:10751000FFFFFFFFFFFFFFFFFFFFFFFFFFFFFFFF7B
:10752000FFFFFFFFFFFFFFFFFFFFFFFFFFFFFFFF6B
:10753000FFFFFFFFFFFFFFFFFFFFFFFFFFFFFFFF5B
:10754000FFFFFFFFFFFFFFFFFFFFFFFFFFFFFFFF4B
:10755000FFFFFFFFFFFFFFFFFFFFFFFFFFFFFFFF3B
:10756000FFFFFFFFFFFFFFFFFFFFFFFFFFFFFFFF2B
:10757000FFFFFFFFFFFFFFFFFFFFFFFFFFFFFFFF1B
:10758000FFFFFFFFFFFFFFFFFFFFFFFFFFFFFFFF0B
:10759000FFFFFFFFFFFFFFFFFFFFFFFFFFFFFFFFFB
:1075A000FFFFFFFFFFFFFFFFFFFFFFFFFFFFFFFFEB
:1075B000FFFFFFFFFFFFFFFFFFFFFFFFFFFFFFFFDB
:1075C000FFFFFFFFFFFFFFFFFFFFFFFFFFFFFFFFCB
:1075D000FFFFFFFFFFFFFFFFFFFFFFFFFFFFFFFFBB
:1075E000FFFFFFFFFFFFFFFFFFFFFFFFFFFFFFFFAB
:1075F000FFFFFFFFFFFFFFFFFFFFFFFFFFFFFFFF9B
:10760000FFFFFFFFFFFFFFFFFFFFFFFFFFFFFFFF8A
:10761000FFFFFFFFFFFFFFFFFFFFFFFFFFFFFFFF7A
:10762000FFFFFFFFFFFFFFFFFFFFFFFFFFFFFFFF6A
:10763000FFFFFFFFFFFFFFFFFFFFFFFFFFFFFFFF5A
:10764000FFFFFFFFFFFFFFFFFFFFFFFFFFFFFFFF4A
:10765000FFFFFFFFFFFFFFFFFFFFFFFFFFFFFFFF3A
:10766000FFFFFFFFFFFFFFFFFFFFFFFFFFFFFFFF2A
:10767000FFFFFFFFFFFFFFFFFFFFFFFFFFFFFFFF1A
:10768000FFFFFFFFFFFFFFFFFFFFFFFFFFFFFFFF0A
:10769000FFFFFFFFFFFFFFFFFFFFFFFFFFFFFFFFFA
:1076A000FFFFFFFFFFFFFFFFFFFFFFFFFFFFFFFFEA
:1076B000FFFFFFFFFFFFFFFFFFFFFFFFFFFFFFFFDA
:1076C000FFFFFFFFFFFFFFFFFFFFFFFFFFFFFFFFCA
:1076D000FFFFFFFFFFFFFFFFFFFFFFFFFFFFFFFFBA
:1076E000FFFFFFFFFFFFFFFFFFFFFFFFFFFFFFFFAA
:1076F000FFFFFFFFFFFFFFFFFFFFFFFFFFFFFFFF9A
:10770000FFFFFFFFFFFFFFFFFFFFFFFFFFFFFFFF89
:10771000FFFFFFFFFFFFFFFFFFFFFFFFFFFFFFFF79
:10772000FFFFFFFFFFFFFFFFFFFFFFFFFFFFFFFF69
:10773000FFFFFFFFFFFFFFFFFFFFFFFFFFFFFFFF59
:10774000FFFFFFFFFFFFFFFFFFFFFFFFFFFFFFFF49
:10775000FFFFFFFFFFFFFFFFFFFFFFFFFFFFFFFF39
:10776000FFFFFFFFFFFFFFFFFFFFFFFFFFFFFFFF29
:10777000FFFFFFFFFFFFFFFFFFFFFFFFFFFFFFFF19
:10778000FFFFFFFFFFFFFFFFFFFFFFFFFFFFFFFF09
:10779000FFFFFFFFFFFFFFFFFFFFFFFFFFFFFFFFF9
:1077A000FFFFFFFFFFFFFFFFFFFFFFFFFFFFFFFFE9
:1077B000FFFFFFFFFFFFFFFFFFFFFFFFFFFFFFFFD9
:1077C000FFFFFFFFFFFFFFFFFFFFFFFFFFFFFFFFC9
:1077D000FFFFFFFFFFFFFFFFFFFFFFFFFFFFFFFFB9
:1077E000FFFFFFFFFFFFFFFFFFFFFFFFFFFFFFFFA9
:1077F000FFFFFFFFFFFFFFFFFFFFFFFFFFFFFFFF99
:10780000FFFFFFFFFFFFFFFFFFFFFFFFFFFFFFFF88
:10781000FFFFFFFFFFFFFFFFFFFFFFFFFFFFFFFF78
:10782000FFFFFFFFFFFFFFFFFFFFFFFFFFFFFFFF68
:10783000FFFFFFFFFFFFFFFFFFFFFFFFFFFFFFFF58
:10784000FFFFFFFFFFFFFFFFFFFFFFFFFFFFFFFF48
:10785000FFFFFFFFFFFFFFFFFFFFFFFFFFFFFFFF38
:10786000FFFFFFFFFFFFFFFFFFFFFFFFFFFFFFFF28
:10787000FFFFFFFFFFFFFFFFFFFFFFFFFFFFFFFF18
:10788000FFFFFFFFFFFFFFFFFFFFFFFFFFFFFFFF08
:10789000FFFFFFFFFFFFFFFFFFFFFFFFFFFFFFFFF8
:1078A000FFFFFFFFFFFFFFFFFFFFFFFFFFFFFFFFE8
:1078B000FFFFFFFFFFFFFFFFFFFFFFFFFFFFFFFFD8
:1078C000FFFFFFFFFFFFFFFFFFFFFFFFFFFFFFFFC8
:1078D000FFFFFFFFFFFFFFFFFFFFFFFFFFFFFFFFB8
:1078E000FFFFFFFFFFFFFFFFFFFFFFFFFFFFFFFFA8
:1078F000FFFFFFFFFFFFFFFFFFFFFFFFFFFFFFFF98
:10790000FFFFFFFFFFFFFFFFFFFFFFFFFFFFFFFF87
:10791000FFFFFFFFFFFFFFFFFFFFFFFFFFFFFFFF77
:10792000FFFFFFFFFFFFFFFFFFFFFFFFFFFFFFFF67
:10793000FFFFFFFFFFFFFFFFFFFFFFFFFFFFFFFF57
:10794000FFFFFFFFFFFFFFFFFFFFFFFFFFFFFFFF47
:10795000FFFFFFFFFFFFFFFFFFFFFFFFFFFFFFFF37
:10796000FFFFFFFFFFFFFFFFFFFFFFFFFFFFFFFF27
:10797000FFFFFFFFFFFFFFFFFFFFFFFFFFFFFFFF17
:10798000FFFFFFFFFFFFFFFFFFFFFFFFFFFFFFFF07
:10799000FFFFFFFFFFFFFFFFFFFFFFFFFFFFFFFFF7
:1079A000FFFFFFFFFFFFFFFFFFFFFFFFFFFFFFFFE7
:1079B000FFFFFFFFFFFFFFFFFFFFFFFFFFFFFFFFD7
:1079C000FFFFFFFFFFFFFFFFFFFFFFFFFFFFFFFFC7
:1079D000FFFFFFFFFFFFFFFFFFFFFFFFFFFFFFFFB7
:1079E000FFFFFFFFFFFFFFFFFFFFFFFFFFFFFFFFA7
:1079F000FFFFFFFFFFFFFFFFFFFFFFFFFFFFFFFF97
:107A0000FFFFFFFFFFFFFFFFFFFFFFFFFFFFFFFF86
:107A1000FFFFFFFFFFFFFFFFFFFFFFFFFFFFFFFF76
:107A2000FFFFFFFFFFFFFFFFFFFFFFFFFFFFFFFF66
:107A3000FFFFFFFFFFFFFFFFFFFFFFFFFFFFFFFF56
:107A4000FFFFFFFFFFFFFFFFFFFFFFFFFFFFFFFF46
:107A5000FFFFFFFFFFFFFFFFFFFFFFFFFFFFFFFF36
:107A6000FFFFFFFFFFFFFFFFFFFFFFFFFFFFFFFF26
:107A7000FFFFFFFFFFFFFFFFFFFFFFFFFFFFFFFF16
:107A8000FFFFFFFFFFFFFFFFFFFFFFFFFFFFFFFF06
:107A9000FFFFFFFFFFFFFFFFFFFFFFFFFFFFFFFFF6
:107AA000FFFFFFFFFFFFFFFFFFFFFFFFFFFFFFFFE6
:107AB000FFFFFFFFFFFFFFFFFFFFFFFFFFFFFFFFD6
:107AC000FFFFFFFFFFFFFFFFFFFFFFFFFFFFFFFFC6
:107AD000FFFFFFFFFFFFFFFFFFFFFFFFFFFFFFFFB6
:107AE000FFFFFFFFFFFFFFFFFFFFFFFFFFFFFFFFA6
:107AF000FFFFFFFFFFFFFFFFFFFFFFFFFFFFFFFF96
:107B0000FFFFFFFFFFFFFFFFFFFFFFFFFFFFFFFF85
:107B1000FFFFFFFFFFFFFFFFFFFFFFFFFFFFFFFF75
:107B2000FFFFFFFFFFFFFFFFFFFFFFFFFFFFFFFF65
:107B3000FFFFFFFFFFFFFFFFFFFFFFFFFFFFFFFF55
:107B4000FFFFFFFFFFFFFFFFFFFFFFFFFFFFFFFF45
:107B5000FFFFFFFFFFFFFFFFFFFFFFFFFFFFFFFF35
:107B6000FFFFFFFFFFFFFFFFFFFFFFFFFFFFFFFF25
:107B7000FFFFFFFFFFFFFFFFFFFFFFFFFFFFFFFF15
:107B8000FFFFFFFFFFFFFFFFFFFFFFFFFFFFFFFF05
:107B9000FFFFFFFFFFFFFFFFFFFFFFFFFFFFFFFFF5
:107BA000FFFFFFFFFFFFFFFFFFFFFFFFFFFFFFFFE5
:107BB000FFFFFFFFFFFFFFFFFFFFFFFFFFFFFFFFD5
:107BC000FFFFFFFFFFFFFFFFFFFFFFFFFFFFFFFFC5
:107BD000FFFFFFFFFFFFFFFFFFFFFFFFFFFFFFFFB5
:107BE000FFFFFFFFFFFFFFFFFFFFFFFFFFFFFFFFA5
:107BF000FFFFFFFFFFFFFFFFFFFFFFFFFFFFFFFF95
:107C0000FFFFFFFFFFFFFFFFFFFFFFFFFFFFFFFF84
:107C1000FFFFFFFFFFFFFFFFFFFFFFFFFFFFFFFF74
:107C2000FFFFFFFFFFFFFFFFFFFFFFFFFFFFFFFF64
:107C3000FFFFFFFFFFFFFFFFFFFFFFFFFFFFFFFF54
:107C4000FFFFFFFFFFFFFFFFFFFFFFFFFFFFFFFF44
:107C5000FFFFFFFFFFFFFFFFFFFFFFFFFFFFFFFF34
:107C6000FFFFFFFFFFFFFFFFFFFFFFFFFFFFFFFF24
:107C7000FFFFFFFFFFFFFFFFFFFFFFFFFFFFFFFF14
:107C8000FFFFFFFFFFFFFFFFFFFFFFFFFFFFFFFF04
:107C9000FFFFFFFFFFFFFFFFFFFFFFFFFFFFFFFFF4
:107CA000FFFFFFFFFFFFFFFFFFFFFFFFFFFFFFFFE4
:107CB000FFFFFFFFFFFFFFFFFFFFFFFFFFFFFFFFD4
:107CC000FFFFFFFFFFFFFFFFFFFFFFFFFFFFFFFFC4
:107CD000FFFFFFFFFFFFFFFFFFFFFFFFFFFFFFFFB4
:107CE000FFFFFFFFFFFFFFFFFFFFFFFFFFFFFFFFA4
:107CF000FFFFFFFFFFFFFFFFFFFFFFFFFFFFFFFF94
:107D0000FFFFFFFFFFFFFFFFFFFFFFFFFFFFFFFF83
:107D1000FFFFFFFFFFFFFFFFFFFFFFFFFFFFFFFF73
:107D2000FFFFFFFFFFFFFFFFFFFFFFFFFFFFFFFF63
:107D3000FFFFFFFFFFFFFFFFFFFFFFFFFFFFFFFF53
:107D4000FFFFFFFFFFFFFFFFFFFFFFFFFFFFFFFF43
:107D5000FFFFFFFFFFFFFFFFFFFFFFFFFFFFFFFF33
:107D6000FFFFFFFFFFFFFFFFFFFFFFFFFFFFFFFF23
:107D7000FFFFFFFFFFFFFFFFFFFFFFFFFFFFFFFF13
:107D8000FFFFFFFFFFFFFFFFFFFFFFFFFFFFFFFF03
:107D9000FFFFFFFFFFFFFFFFFFFFFFFFFFFFFFFFF3
:107DA000FFFFFFFFFFFFFFFFFFFFFFFFFFFFFFFFE3
:107DB000FFFFFFFFFFFFFFFFFFFFFFFFFFFFFFFFD3
:107DC000FFFFFFFFFFFFFFFFFFFFFFFFFFFFFFFFC3
:107DD000FFFFFFFFFFFFFFFFFFFFFFFFFFFFFFFFB3
:107DE000FFFFFFFFFFFFFFFFFFFFFFFFFFFFFFFFA3
:107DF000FFFFFFFFFFFFFFFFFFFFFFFFFFFFFFFF93
:107E0000FFFFFFFFFFFFFFFFFFFFFFFFFFFFFFFF82
:107E1000FFFFFFFFFFFFFFFFFFFFFFFFFFFFFFFF72
:107E2000FFFFFFFFFFFFFFFFFFFFFFFFFFFFFFFF62
:107E3000FFFFFFFFFFFFFFFFFFFFFFFFFFFFFFFF52
:107E4000FFFFFFFFFFFFFFFFFFFFFFFFFFFFFFFF42
:107E5000FFFFFFFFFFFFFFFFFFFFFFFFFFFFFFFF32
:107E6000FFFFFFFFFFFFFFFFFFFFFFFFFFFFFFFF22
:107E7000FFFFFFFFFFFFFFFFFFFFFFFFFFFFFFFF12
:107E8000FFFFFFFFFFFFFFFFFFFFFFFFFFFFFFFF02
:107E9000FFFFFFFFFFFFFFFFFFFFFFFFFFFFFFFFF2
:107EA000FFFFFFFFFFFFFFFFFFFFFFFFFFFFFFFFE2
:107EB000FFFFFFFFFFFFFFFFFFFFFFFFFFFFFFFFD2
:107EC000FFFFFFFFFFFFFFFFFFFFFFFFFFFFFFFFC2
:107ED000FFFFFFFFFFFFFFFFFFFFFFFFFFFFFFFFB2
:107EE000FFFFFFFFFFFFFFFFFFFFFFFFFFFFFFFFA2
:107EF000FFFFFFFFFFFFFFFFFFFFFFFFFFFFFFFF92
:107F0000FFFFFFFFFFFFFFFFFFFFFFFFFFFFFFFF81
:107F1000FFFFFFFFFFFFFFFFFFFFFFFFFFFFFFFF71
:107F2000FFFFFFFFFFFFFFFFFFFFFFFFFFFFFFFF61
:107F3000FFFFFFFFFFFFFFFFFFFFFFFFFFFFFFFF51
:107F4000FFFFFFFFFFFFFFFFFFFFFFFFFFFFFFFF41
:107F5000FFFFFFFFFFFFFFFFFFFFFFFFFFFFFFFF31
:107F6000FFFFFFFFFFFFFFFFFFFFFFFFFFFFFFFF21
:107F7000FFFFFFFFFFFFFFFFFFFFFFFFFFFFFFFF11
:107F8000FFFFFFFFFFFFFFFFFFFFFFFFFFFFFFFF01
:107F9000FFFFFFFFFFFFFFFFFFFFFFFFFFFFFFFFF1
:107FA000FFFFFFFFFFFFFFFFFFFFFFFFFFFFFFFFE1
:107FB000FFFFFFFFFFFFFFFFFFFFFFFFFFFFFFFFD1
:107FC000FFFFFFFFFFFFFFFFFFFFFFFFFFFFFFFFC1
:107FD000FFFFFFFFFFFFFFFFFFFFFFFFFFFFFFFFB1
:107FE000FFFFFFFFFFFFFFFFFFFFFFFFFFFFFFFFA1
:107FF000FFFFFFFFFFFFFFFFFFFFFFFFFFFFFFFF91
:108000000000012031AE000829AE0008818B000875
:1080100025AE000899870008B1B1000800000000F3
:1080200000000000000000000000000039AE000861
:10803000798B0008000000002DAE00083DAE00085E
:108040007D8B00087D8B00087D8B00087D8B0008F0
:108050007D8B00087D8B00087D8B00087D8B0008E0
:108060007D8B00087D8B00087D8B00089D870008B4
:108070007D8B00087D8B00087D8B00087D8B0008C0
:108080007D8B00087D8B00087D8B00087D8B0008B0
:108090007D8B00087D8B00087D8B00087D8B0008A0
:1080A0007D8B000879080010451B00107D8B0008AF
:1080B0007D8B00087D8B00087D8B00087D8B000880
:1080C0007D8B00087D8B00087D8B00087D8B000870
:1080D0007D8B00087D8B00087D8B00087D8B000860
:1080E0007D8B00087D8B00087D8B00087D8B000850
:1080F0007D8B00087D8B00087D8B00087D8B000840
:108100007D8B00087D8B00087D8B00087D8B00082F
:108110007D8B00087D8B00087D8B00087D8B00081F
:108120007D8B00087D8B00087D8B00087D8B00080F
:108130007D8B00087D8B00087D8B000801000010FE
:108140007D8B00087D8B00087D8B00087D8B0008EF
:108150007D8B00087D8B00087D8B00087D8B0008DF
:108160007D8B00087D8B00087D8B00087D8B0008CF
:108170007D8B00087D8B00087D8B00087D8B0008BF
:108180007D8B00087D8B00087D8B00087D8B0008AF
:108190007D8B00087D8B00087D8B00087D8B00089F
:1081A000DFF80CD000F0CCF900480047A1D100085E
:1081B0000000012030B504460020034600E05B1CAF
:1081C000934203D2E05CCD5C401BF8D030BD2DE97A
:1081D000F05F0546002092469B468846064681464B
:1081E00040241BE0284641464746224600F0C9F994
:1081F00053465A46C01A914110D31146184622469A
:1082000000F0B0F92D1A67EB01084F462246012015
:10821000002100F0A7F917EB00094E41201EA4F140
:108220000104DFDC484631462A464346BDE8F09F5C
:108230002DE9FE4F804681EA0300C00F0C460090F6
:1082400021F0004123F00045B8EB0200A94105D21E
:108250004046214690461C460B46024623F000400D
:10826000104347D0270DC7F30A00C3F30A51029009
:10827000401A019040286BDAC3F3130040F4801BCE
:108280000098924620B10023D2EB030A63EB0B0B5C
:1082900001985946C0F14002504600F063F9064685
:1082A0000D4650465946019A00F07BF910EB080044
:1082B0006141002487EA115284EAE7731A4340D0EF
:1082C000009A62B3019A012A4FEA075215DC001B9B
:1082D00061EB02014FF0004202EA0752CDE9004291
:1082E000001C41F5801132462B4600F07BF903B0AB
:1082F000BDE8F08F40462146F9E7001B61EB020123
:10830000001C41F5801300185B412018A2F50017EE
:1083100047EB030140EAD570B6196D4111E06D08D5
:108320004FEA360645EAC0754FEA0752001B61EB7B
:108330000201001C41F5801149084FEA3000001984
:10834000514132462B4603B0BDE8F04F00F03BB937
:108350000098012240000023D0EB020263EBE0739F
:10836000009821464FEAE074B8EB000061EB04018D
:10837000E9E783F000435BE781F0004158E72DE92E
:10838000FE4F81EA030404F0004421F00041009410
:108390004FF0000B23F0004350EA01045ED052EA94
:1083A00003045BD0C3F30A54C1F30A552C44A4F26E
:1083B000F3340194A0FB0254C1F3130141F4801182
:1083C000C3F3130343F4801301FB024400FB034E89
:1083D000840A970A44EA815447EA8357A4FB076852
:1083E00002958D0A05FB07854FEA932C04FB0C547C
:1083F0002705029D4FEA065847EA1637B5EB0805F0
:108400006EEB070C870E920E47EA811742EA831241
:10841000A7FB0201B6EB0B0164EB00042B0D43EA52
:108420000C335E1844EB1C50DA465146E7FB020160
:10843000C5F313044FEA0B3343EA14534FEA0432F3
:10844000019C43EA0603A4F10C040294009CCDE9CC
:1084500000B400F0C7F803B0BDE8F08F002001467B
:10846000F9E72DE9F04D81EA030404F0004B21F017
:10847000004514464FF0000A23F0004150EA05027F
:1084800020D054EA01021DD0C5F30A570246C5F3B5
:108490001303C1F31300C1F30A5640F4801543F4EB
:1084A0008013A7EB0608101BD64608F2FD3873EBC5
:1084B000050002D308F1010801E092185B41B8F110
:1084C000000F03DA00200146BDE8F08D00204FF4D4
:1084D0008011064684460EE0171B73EB050705D393
:1084E000121B63EB050306434CEA010C49084FEAF3
:1084F000300092185B4150EA0107EDD152EA0300C7
:1085000012D082EA040083EA0501084305D0101B5B
:10851000AB4106D20122002306E000224FF00043C7
:1085200002E06FF0010253101AEB06004CEB085109
:1085300010EB0A0041EB0B01BDE8F04D00F043B831
:10854000064C074D06E0E06840F0010394E80700A0
:1085500098471034AC42F6D3FFF726FE48E50008F2
:1085600088E50008202A04DB203A00FA02F1002006
:1085700070479140C2F1200320FA03F31943904061
:108580007047202A04DB203A21FA02F000217047CC
:1085900021FA02F3D040C2F120029140084319466B
:1085A0007047202A06DBCB17203A41FA02F043EA53
:1085B000E07306E041FA02F3D040C2F1200291409C
:1085C00008431946704710B5141E73F1000408DA09
:1085D000401C41F1000192185B411A4301D120F087
:1085E000010010BD2DE9F04D92469B4611B1B1FA44
:1085F00081F202E0B0FA80F220329046FFF7B2FF3B
:1086000004460F4640EA0A0041EA0B0153465A4627
:10861000084313D0114653EA010019D0C8F14002B3
:108620005046FFF7AEFF05460E46504659464246B5
:10863000FFF798FF084305D0012004E020463946A3
:10864000BDE8F08D0020054346EAE0762C43374331
:108650000A986305E40AA0EB08000022FD0A44EA38
:1086600047540A3002D500200146E9E701051019F8
:108670006941DDE9084500196941BDE8F04DA2E70F
:1086800010B5431A934209D28318881803E010F8F2
:10869000011D03F8011D521EF9D210BD40EA01036D
:1086A0009B0703D009E008C9121F08C0042AFAD2A8
:1086B00003E011F8013B00F8013B521EF9D210BD56
:1086C000D2B201E000F8012B491EFBD27047002214
:1086D000F6E710B513460A4604461946FFF7F0FFC1
:1086E000204610BD30B5041E71F1000404DB4FF0CC
:1086F0000044404264EB0101141E73F1000405DBE9
:108700001C464FF00043524263EB0403801A994128
:1087100001D2012030BD002030BD0EB540F2334102
:1087200002910021CDE900110A460B46FFF75AFFDE
:1087300003B000BD70B5C1F30A5201F0004500243A
:10874000C1F3130140F2FF3341F480119A4201DA80
:10875000002070BD40F233439A42A2F2334203DC60
:108760005242FFF70EFF00E090402C43F1D0404210
:1087700070BD00F0004230F000400AD0C10D01F59C
:108780006071C0F3160042EA0151C208400711436C
:108790007047002001467047FEE700002DE9F043D6
:1087A00081B045F20C05C4F2010555F8048C2F6820
:1087B00007EA0806300640F19A808020286044F2DB
:1087C0001010C2F20000016F19B1016FA5F10C0089
:1087D000884744F63004C2F20004A068002840F044
:1087E0008680A06804EBC0004069A26820F0604168
:1087F00004EB8210407FB1F5302F1BD04AF6552292
:10880000914203D020291AD1202115E0A06804EB61
:108810008010007F022805D0A06804EB8010007F44
:10882000012816D1A06804EB8010407F412810D1A8
:1088300002F0C0FC4FF4302105F044F809E044F2A6
:108840009432C2F20002D2F8F822914208BF05F039
:1088500039F8A0680130A060A06800281CBF002083
:10886000A060D4F8009044F20000C4F20100A268B5
:10887000A168814544F21010C2F2000007D045F211
:108880000003C4F20103994540F0FE805430037E9A
:10889000012B15D1042304EBC20204EB81110376F2
:1088A00048F6992314321C31C0F60003C3610161FC
:1088B0004261D9F8080040F08000C9F8080016E0CD
:1088C0004EF29C10C0F6000005F002F84EF2AB002C
:1088D000C0F60000494604F0FBFF4EF245504EF250
:1088E0004751C0F60000C0F6000104F0F1FF700629
:1088F00044BF40202860B00644BF20202860F00616
:1089000044BF1020286030070BD50820286044F2AF
:108910001010C2F20000816D19B1816DA5F10C003B
:10892000884770070BD50420286044F21010C2F26B
:108930000000016E19B1016EA5F10C008847B00767
:1089400044BF0220286041F24000C4F202000168E6
:1089500001F47F01B1F5003F17D95FEA883118D5DE
:1089600017F0010115D00121296044F21011C2F263
:108970000001052281F8542081F85C2081F86C20E8
:1089800081F87C2081F88C2003E0F9071CBF0121CD
:108990002960710544BF4FF480612960B10544BF6F
:1089A0004FF400712960F10544BF4FF480712960D4
:1089B000006800F47F00B0F5403F62D3300544BF4B
:1089C0004FF400602860F0040ED54FF4805028600A
:1089D00044F21010C2F20000D0F8901021B1D0F88B
:1089E0009010A5F10C008847B0040ED54FF400504C
:1089F000286044F21010C2F20000D0F8801021B1BB
:108A0000D0F88010A5F10C008847700344BF4FF4E4
:108A100080202860300344BF4FF400202860F0021B
:108A200044BF4FF480102860B00244BF4FF40010E0
:108A30002860700244BF4FF480002860300244BFB9
:108A40004FF400002860F00144BF4FF080702860B0
:108A5000B00144BF4FF000702860700144BF4FF078
:108A600080602860300144BF4FF000602860F00053
:108A700044BF4FF080502860B00044BF4FF000501A
:108A8000286001B0BDE8F0834EF21C40C0F6000043
:108A900040F2F65102F0A0FBB0B584B0044644F2B7
:108AA0000000C4F2010044F210158442C2F2000535
:108AB00006D045F20000C4F20100844253D154357F
:108AC000A06820F08000A0606869E0B3206C69694C
:108AD0000860606C696948602869A0B345F20003CA
:108AE00028696A6944F48051C4F20103994204F18F
:108AF000480125D140F20013C0F20233009340F246
:108B00000453C0F20673019340F60843C1F21043C8
:108B10005268029342F21803C4F2300302F00F02CB
:108B200003936B4613F802E0D4F800C07246BEF11E
:108B3000080F28BF08225FEA4C3348BF724600E0A6
:108B40000022FFF79DFD206840F480102060002087
:108B5000E86101202876A86C18B104B0BDE8B040E7
:108B6000004704B0B0BD4EF21C40C0F600004FF408
:108B7000186102F031FB000070470000FEE70000C2
:108B8000FEE70000B0B5A0F18042A2F560324FEAE6
:108B9000B222042A78D200297ED00C78142C80F0DE
:108BA000838091F801C0BCF1040F80F08580032A16
:108BB00088BFB0BD132C98BFBCF1030F00D9B0BD66
:108BC000026852075CBF02685FEA027214D54EF277
:108BD0008110C0F6000004F07BFE3BA005F0CAF84F
:108BE0004EF245504EF24751C0F60000C0F600016B
:108BF000BDE8B04004F06CBE4AF6AB224FEAD40E9A
:108C0000CAF6AA22AEFB02235A0802EB4202C2EBCA
:108C1000D40200EB82021C23D2F830E003EA840382
:108C200003249C400CFA03F52EEA040E2C404EEA75
:108C300004051563D2F830E08D78033301249C409D
:108C400005FA03F32EEA040E234043EA0E031363EE
:108C50000C238A8803EA8C031844C0F8A02041F250
:108C60004002C4F202021268C98802F47F02B2F51F
:108C7000003F04D96FF3DF31C0F8C010B0BD6FF30F
:108C80009F31C0F8C010B0BD4EF26630C0F6000093
:108C900040F2B72102F0A0FA4EF26630C0F60000B2
:108CA0004FF42E7102F098FA4EF26630C0F60000D2
:108CB00040F2B92102F090FA4EF26630C0F60000A0
:108CC00040F2BA2102F088FA4144432043616C69C2
:108CD00062726174696F6E2063616E277420436FE6
:108CE0006E666967207768696C65206974277320F0
:108CF00052756E6E696E67210000000070B5A0F1BC
:108D00008042A2F560324FEAB222042A7ED20029C4
:108D100000F084800B78142B80F08880032A88BFB1
:108D200070BD026852075CBF02685FEA027214D528
:108D30004EF28110C0F6000004F0CAFD3FA005F01D
:108D400019F84EF245504EF24751C0F60000C0F6F9
:108D50000001BDE8704004F0BBBD4CF6CD42CCF63E
:108D6000CC42A3FB022C4FEA1C1202EB8202D1F888
:108D700008E000F5C874A3EB820C04EB0C1541F27B
:108D80004002C5F804E0C4F20202D2F800E08A8989
:108D90000EF47F0E16466FF35F364FEA0C13BEF5E6
:108DA000003F88BF1646AE60E2584E7822F00402BB
:108DB00006F03F0642EA86028D7891F803E0E25021
:108DC000E25805F01F0522F0080242EAC502E2500F
:108DD000012202FA0CFCD0F88421BEF1000F0CBF76
:108DE00022EA0C0242EA0C02C0F884210979002927
:108DF000D0F88C110CBF21EA0C0141EA0C01C0F83B
:108E00008C11E05840F00100E05070BD4EF2663029
:108E1000C0F6000040F2922102F0DEF94EF2663018
:108E2000C0F6000040F2932102F0D6F94EF266300F
:108E3000C0F600004FF4257102F0CEF94144432002
:108E4000444D412063616E277420436F6E666967ED
:108E5000207768696C6520697427732052756E6E7F
:108E6000696E6721000000002DE9F04784B00446D8
:108E7000A0F18040A0F560304FEAB020042880F0D7
:108E80003E810D46002900F04281206840075CBF0A
:108E900020685FEA007015D54EF28110C0F6000020
:108EA00004F016FD9EA004F065FF4EF245504EF210
:108EB0004751C0F60000C0F6000104B0BDE8F0471D
:108EC00004F006BDE8684DF6985AC0F6000A00287E
:108ED00018BF824600200390019048F6000044F23B
:108EE0000008C4F20300C4F2020884424FF00F00ED
:108EF00002901ED048F20040C4F20300844226D003
:108F000048F20000C4F2030084424ED101AF4FF09A
:108F1000010940463946CDF8049001F053F8042089
:108F2000019008F58050394601F04CF8082601966A
:108F300021E0012008F58057019001A9384601F091
:108F400041F802204FF004092026019014E001AFFF
:108F50004FF0020940463946CDF8049001F032F84E
:108F600046F200001026C4F202003946019601F0D4
:108F700029F880200190474601A9384601F022F8DF
:108F80004C2048F2E471C4F20200C3F6AC714163B4
:108F9000016931430161016841EA09010160016A27
:108FA00041F00801016201214163A06840F008001E
:108FB000A060A06840F00200A060A06840F001003E
:108FC000A060D4F80003298861F31120C4F80003DD
:108FD000D4F80003A978EA7861F30300C4F8000329
:108FE000606862F3CF306060A0689AF8001061F3A7
:108FF0000510A0604DF24000CFF6FF7058F8000059
:1090000000F47F00B0F5003F10D944F26430C2F2A2
:1090100000000068C00709D09AF8011060680029B4
:109020000CBF20F4804040F480406060206840071E
:109030005CBF20685FEA007007D54EF28110C0F671
:10904000000004F045FC3FA02DE761686A792879AB
:1090500062F30B21AB79EF796160616807F001027F
:1090600063F306116160616821F0800141EAC21179
:109070006160297A6268002942F0010308BF22F08A
:1090800001036360697A6268002942F0020308BF45
:1090900022F0020363606168002841F4805208BF37
:1090A00021F480526260206840F00100206044F6A4
:1090B000F000C2F2000001682269D20519D40268EA
:1090C000521A642A18D82269D20512D40268521A98
:1090D000642A11D82269D2050BD40268521A642A74
:1090E0000AD82269D20504D40268521A642AE3D944
:1090F00002E04FF48070206104B0BDE8F0874EF2CA
:109100006630C0F6000040F2291102F065F84EF218
:109110006630C0F600004FF4957102F05DF800BFB4
:109120004144432063616E277420496E697420773F
:1091300068696C6520697427732052756E6E696E5C
:1091400067210000414443204F76657273616D7062
:109150006C652063616E277420436F6E66696720BB
:109160007768696C6520697427732052756E6E6923
:109170006E6721002DE9F041A0F18042A2F5603236
:109180004FEAB224042C80F08E80002900F09380F6
:109190004A78142A80F097800B78102B80F09B80FF
:1091A000032C88BFBDE8F081132A98BF0F2B01D98B
:1091B000BDE8F0810468640758D44CF6CD4ECCF677
:1091C000CC4EA3FB0E4C4AF6AB254FEA9C06D408C6
:1091D000CAF6AA2506EB8606A4FB0558A2FB0E5E7E
:1091E0009B1BCCF3810503EB430300EB85055B0080
:1091F0002F6CDBB21F269E4002FA03F3B7433340C5
:109200003B432B648369CF784FF0010C07F00107D3
:109210000CFA02F69740B34337403B438D78097907
:1092200083614FEA580303EB4303C3EBD20300EB24
:1092300083031C261F6A06EA8206072401F0070141
:10924000B440B140A7432140394319624FEA1E118F
:1092500001EB8101A2EB81010CFA01F1DDB1D0F843
:1092600004211143C0F80411BDE8F0814EF28110D1
:10927000C0F6000004F02CFB1BA004F07BFD4EF2B6
:1092800045504EF24751C0F60000C0F60001BDE85F
:10929000F04104F01DBBD0F8042122EA0101C0F81E
:1092A0000411BDE8F0814EF26630C0F6000040F2D5
:1092B000EF1101F091FF4EF26630C0F600004FF45E
:1092C000F87101F089FF4EF26630C0F6000040F2FE
:1092D000F11101F081FF4EF26630C0F600004FF44C
:1092E000F97101F079FF00BF414443205265677571
:1092F0006C6172204368616E6E656C2063616E27DD
:109300007420436F6E666967207768696C652069B1
:109310007427732052756E6E696E6721000000001D
:1093200010B5A0F18042A2F560324FEAB222042AC1
:1093300043D2002949D00268520729D442684B78A9
:1093400091F800C063F3D75291F802E0CC78426004
:109350004268BCF1000F6EF353424260426842F42F
:10936000803308BF22F480334360026D64F30B2224
:109370000265026D0B7922F0C00203F0030342EA9A
:1093800083120265026D497961F30402026510BD22
:109390004EF28110C0F6000004F09AFA0FA004F01B
:1093A000E9FC4EF245504EF24751C0F60000C0F6BF
:1093B0000001BDE8104004F08BBA4EF26630C0F6F2
:1093C000000040F2CD1101F007FF4EF26630C0F60A
:1093D00000004FF4E77101F0FFFE00BF414443205D
:1093E000526567756C617220436F6D6D6F6E20639F
:1093F000616E277420436F6E666967207768696CB9
:109400006520697427732052756E6E696E6721003E
:109410002DE9F04184B0002800F0B48044F2101E21
:10942000C2F2000E9EF8542045F20008012AC4F250
:10943000010847D1D8F80020920500F1A08003224E
:1094400000238EF85420CEF85830D8F80020002998
:1094500022F48052C8F800200268C8F888204268C8
:10946000C8F88C2000F0828040F20012C0F2023274
:10947000009240F20452C0F20672019240F6084295
:10948000C1F210424068029242F21802C4F2300265
:1094900000F00F0003926A46165CD8F800203046B0
:1094A000082E28BF0820520348BF30460330B3EBD4
:1094B000900F5BD08008421E032A00F0030C18D2E4
:1094C000002333E04EF29C10C0F6000004F000FAD6
:1094D00030A0414604F0FCF94EF245504EF247519F
:1094E000C0F60000C0F6000104B0BDE8F04104F091
:1094F000EFB9A0EB0C000023302208F1900500BF6B
:109500000E6802EA8307EE514E683C1D2E518C68AE
:1095100007F10806AC5101F11006C96807F10C0407
:109520000433295198423146EAD13146BCF1000F4B
:109530001CD0086803F00F0208EB8202BCF1010F97
:10954000C2F8900012D0581C4A6800F00F0008EBD7
:109550008000BCF1020FC0F8902007D0981C8968E9
:1095600000F00F0008EB8000C0F89010D8F8000061
:1095700040F40070C8F8000001208EF8540004B0D8
:10958000BDE8F0814EF21C40C0F6000040F2D73139
:1095900001F022FE546869732043414E5B30782508
:1095A0003038785D205054422054782069736E27FB
:1095B0007420696E2052454144592073746174656A
:1095C0002C2063616E277420737461727420547848
:1095D000210A000010B5A0F18042A2F568324FEADE
:1095E0003222092A7ED2002900F083805C2248F2D0
:1095F000E473C4F20202C3F6AC735362136843F41B
:1096000080731360136943F02003136101235362D5
:10961000036841F2400223F00103C4F20202036036
:10962000136803F47F03B3F5003F14D944F26433A5
:10963000C2F200031B685B0712D54B7A1268002B3D
:1096400002F47F0246D0B2F5003F09D9026842F425
:109650000062026004E002688B7963F3CB2202604F
:109660000268CB7922F0C00203F0030342EA8312BE
:10967000026002680B7A63F3C302026002680B792E
:1096800091F800E063F3051291F801C0CC78026014
:1096900002684B79BEF1000F63F30A220260446056
:1096A000826842F0010308BF22F0010383608268F0
:1096B000BCF1000F42F0020308BF22F002038360F6
:1096C00089780268002942F4805308BF22F480534D
:1096D000036010BDB2F5003FC2D9026822F40062F7
:1096E0000260BDE74EF29340C0F60000432101F056
:1096F00073FD4EF29340C0F60000442101F06CFD72
:1097000080B506283AD244F2B822C0EBC001C2F2BA
:10971000000202EB810111F8042FD2B142F20002E3
:10972000C4F2020242EA4010026922F00102026120
:1097300001220A70C16821F48061C160C16821F40E
:109740008071C160C16821F40071C160072141616D
:1097500080BD4EF27510C0F6000004F0B9F80BA001
:1097600004F008FB4EF245504EF24751C0F600009F
:10977000C0F60001BDE8804004F0AAB84EF22B30DC
:10978000C0F6000040F23A2101F026FD4368616E08
:109790006E656C20737461746520697320696E2036
:1097A0005265736574210000B0B541F25C04C4F2E7
:1097B000020421684FF6FF72080C8002B2EB114FD1
:1097C00008BF4FF48020B0F5003F08D0B0F5802FDF
:1097D00040F0B68043F20000C4F20200006C00F0DA
:1097E00017FAB8B14EF28D10C0F6000004F070F810
:1097F0004EF26120C0F6000004F0BCFA4EF2455073
:109800004EF24751C0F60000C0F6000104F060F8C7
:109810000120B0BD21684FF6FF72080C8002B2EB48
:10982000114F08BF4FF48020B0F5003F08D0B0F5CD
:10983000802F40F08D8043F20000C4F20200006CE3
:1098400000F0E6F9C8B14EF28D10C0F6000004F049
:109850003FF84EF26120C0F6000004F08BFA4EF2A1
:1098600045504EF24751C0F60000C0F6000104F02A
:109870002FF8002585F00100B0BD54F81C0C43F210
:10988000000400F47F00B0F5003FC4F202040ED8DB
:10989000206C00F07060B0F1206F08D1206C00F0F7
:1098A000704000F1C040B0FA80F0400900E00020B4
:1098B000216A21F4401121622168B1F1FF3F0CDCE3
:1098C000616A43F6AC7262F30F016162616A48F249
:1098D000E47262F30F0161622168216A00286FF36C
:1098E00012010CBF41F01F0041F03F0020622068D0
:1098F000012540F002002060012000F0FBF9A0B13A
:109900004EF28D10C0F6000003F0E2FF14A01F21FC
:1099100003F0DEFF4EF245504EF24751C0F6000014
:10992000C0F6000103F0D4FF00252068002804D40D
:10993000206840F000402060206885F00100B0BD44
:109940004EF2A130C0F600004FF47C7101F044FCEF
:109950004EF2A130C0F6000040F2B33101F03CFC01
:10996000536563746F72204572617365206572720E
:109970006F7220617420536563746F72206E756D11
:109980006265722025752121210A00002DE9F04130
:1099900041F24004C4F20204E1694FF6FF72080C80
:1099A0008002B2EB114F08BF4FF48020B0F5F83FB2
:1099B00040F2B0804FF2FF01C0F20101884240F254
:1099C000B18000F025F9C0B14EF28D10C0F6000054
:1099D00003F07EFF4EF26120C0F6000004F0CAF9E9
:1099E0004EF245504EF24751C0F60000C0F600015D
:1099F00003F06EFF0020BDE8F081206843F200060E
:109A000000F47F00B0F5003FC4F202060ED8306CBF
:109A100000F07060B0F1206F08D1306C00F0704041
:109A200000F1C040B0FA80F0400900E00020316849
:109A3000B1F1FF3F0CDC716A43F6AC7262F30F01C7
:109A40007162716A48F2E47262F30F017162316807
:109A500040F2000844F2B817CFF6F8784FF000044F
:109A6000C2F20007E0B100BF3859391930614868C7
:109A700004F5F8357061306A00EA0800284380F484
:109A800000303062306840F001003060002000F0AB
:109A900031F900BB0834B4F5807FE5D118E000BF90
:109AA000385939193061486804F5F8357061306A01
:109AB00000EA080028433062306840F0010030605E
:109AC000002000F017F930B90834B4F5807FE7D1F1
:109AD0004FF4807413E04EF28D10C0F6000003F0D6
:109AE000F7FE14A0294603F0F3FE4EF245504EF265
:109AF0004751C0F60000C0F6000103F0E9FE3068EF
:109B0000002804D4306840F00040306030682046BF
:109B1000BDE8F0814EF2A130C0F600004FF45B7159
:109B200001F05AFB4EF2A130C0F6000040F26D3158
:109B300001F052FB50726F6772616D206572726F37
:109B400072206174206164647265737320307825BB
:109B50003038782121210A00B0B541F25C00C4F20E
:109B6000020001684FF6FF72080C8002B2EB114F41
:109B700008BF4FF48020B0F5F83F38D94FF20011FC
:109B8000C0F2010188423AD34FF2000E44F2B812FB
:109B90004FF2FF0C0020C0F6010EC2F20002C0F628
:109BA000010C00BF10F80E10135C994218BFB0BD35
:109BB00000EB0E03111813F8014F4D78AC4210D191
:109BC00013F8014F8D78AC420DD113F8014FC978CD
:109BD0008C420AD1634500F10400E3D14FF4807058
:109BE000B0BD0130B0BD0230B0BD0330B0BD4EF2EB
:109BF000A130C0F6000040F25A4101F0EDFA4EF2F9
:109C0000A130C0F6000040F25B4101F0E5FA00002F
:109C100080B581B044F6F00CC2F2000C0020DCF8F4
:109C200000E08DF8030041F24000C4F20200006839
:109C300000F47F00B0F5003F43F20800C4F20200D8
:109C400039D900BF50F8083C50F8081CDB4323EA20
:109C5000510150F8043C50F8042C994321EA520178
:109C60000268036821EAD201DA4301EAD2718DF871
:109C70000310DCF80010A1EB0E01B1F5967F33D88C
:109C80009DF80310C907DDD00168490703D10168B9
:109C900011F4E06F2BD0072101604FF4E061016007
:109CA000012001B080BD00BFDCF80010A1EB0E0167
:109CB000B1F5967F18D850F8081CC907F4D150F8B0
:109CC000081C8907F0D450F8041CC907ECD150F8DF
:109CD000041C89075CBF01685FEA0171E4D4016874
:109CE000490704D00721DAE7032001B080BD002036
:109CF00001B080BD10B541F2400C44F6F00EC4F244
:109D0000020CC2F2000E43F20801DEF80020DCF87B
:109D10000030C4F202010C6803F47F03B3F5003F86
:109D200004F0070305D94BB1072008604FF4E06049
:109D300001E02BB307200860012010BD50B10138AD
:109D400072E000BF51F8080CC00700F09780086867
:109D50004007E9D1086810F4E06FE5D1DEF80000B3
:109D6000801AB0F5967F00F28B80DCF8000000F4DA
:109D70007F00B0F5003FE5D908680028E2D5E6E7A6
:109D800050B1013821E000BF51F8080CC00700F0C5
:109D9000758008684007CDD1DEF80000801AB0F564
:109DA000967F00F26D80DCF8000000F47F00B0F5D3
:109DB000003FE9D908680028E6D5EAE751F8043CF5
:109DC0009B075BD50B685B07B4D1DEF800309B1AAC
:109DD000B3F5967F54D8DCF8003003F47F03B3F575
:109DE000003F02D90B68002BECD4042846D8DFE8EA
:109DF00000F0080D03040400E0E70B681B07E1D442
:109E00003CE051F8083C9B07DCD437E051F8043CB7
:109E1000DB07D7D132E051F8043C9B072ED500BFB9
:109E20000B685B077FF480AF0B6813F4E06F7FF47F
:109E30007BAFDEF800309B1AB3F5967F20D8DCF8B4
:109E4000003003F47F03B3F5003F02D90B68002B09
:109E5000E6D4042812D8DFE800F0080D030404005B
:109E6000D9E70B681B07DBD408E051F8083C9B07D7
:109E7000D6D403E051F8043CDB07D1D1002010BD5B
:109E8000032010BD5FEA004C00F09480C10745F24A
:109E90002001C4F202012AD182072FD4420734D410
:109EA000020739D4C2063ED4820643D4420648D4BF
:109EB00002064DD4C20552D4820557D442055CD463
:109EC000020561D4C20466D482046BD4400404D574
:109ED00048680E2262F31B604860BCF1000F58BF57
:109EE000704748680E2262F31F70486070470B6825
:109EF0000E2262F303030B608207CFD50A680E239C
:109F000063F307120A604207CAD50A680E2363F397
:109F10000B220A600207C5D50A680E2363F30F32CD
:109F20000A60C206C0D50A680E2363F313420A60B2
:109F30008206BBD50A680E2363F317520A604206F5
:109F4000B6D50A680E2363F31B620A600206B1D518
:109F50000A680E2363F31F720A60C205ACD54A6813
:109F60000E2363F303024A608205A7D54A680E23D5
:109F700063F307124A604205A2D54A680E2363F3D1
:109F80000B224A6002059DD54A680E2363F30F3207
:109F90004A60C20498D54A680E2363F313424A60AC
:109FA000820493D54A680E2363F317524A60400433
:109FB00093D58DE74EF25740C0F60000E12101F045
:109FC0000BF900002DE9F04F81B00446A0F180406C
:109FD000A0F510304FEA3030062880F0D3808A4652
:109FE000002900F0D680DAF800300021B1EB134FE1
:109FF00040F0C18099B2002900F0BD80052800F230
:10A00000A08004F1240C04F1200B4FF000094FF064
:10A0100001084FF0000E002608FA06F10B405BD055
:10A020009AF80410481E0F2860D26046082E38BFE8
:10A030005846026809F01C070F25BD40B940AA43E5
:10A040002940114301609AF808000028A06B14BF52
:10A0500040EA030120EA0301A1639AF807000028FF
:10A06000A06C14BF18439843A064206B9AF8052095
:10A07000032102F0030201FA0EF102FA0EF2884304
:10A0800011400843206341F24000C4F2020000681E
:10A0900000F47F00B0F5003F1ED944F26430C2F2F4
:10A0A00000000068000617D59AF80930DAF80010A9
:10A0B000D807206C0CBF20EA010840EA0108C4F868
:10A0C00040809807206C4FF001084FEA014154BFCF
:10A0D00088430843206400BF0F2E32D0DAF80030E6
:10A0E00001360EF1020E09F1040995E761BB6046E5
:10A0F000082E38BF5846D0F8008009F01C010F2206
:10A1000002FA01F128EA010101609AF806104FF005
:10A1100001080029A9D0D4F81480032001F003011C
:10A1200000FA0EF001FA0EF128EA0008084040EAB1
:10A1300008006061A36120694FF0010818432061A5
:10A1400093E701B0BDE8F08F15A003F0C1FB9AF8CA
:10A15000043017A02146324603F0BAFB4EF24550B8
:10A160004EF24751C0F60000C0F6000101B0BDE854
:10A17000F04F03F0ADBB4EF25740C0F6000048214F
:10A1800001F02AF84EF25740C0F60000462101F0D7
:10A1900023F84EF25740C0F60000472101F01CF8AA
:10A1A0005B45404750494F204C4C5D20000000006B
:10A1B0004750494F2D5B3078253038785D20506905
:10A1C0006E2D5B25645D20616C7465726E617465D3
:10A1D0002066756E6374696F6E205B25645D206315
:10A1E0006F6E666967204572726F722121210A00C5
:10A1F00070B5002900F0D5804BF2001CC4F2030CAE
:10A200000A690CEB00239A634A69DA63D3F870E0B9
:10A210000A7E62F3000EC3F870E0D3F870E04A7E65
:10A2200062F3C30EC3F870E0D3F870E08A7E62F385
:10A23000420EC3F870E0D3F870E00C7B4EF04002A1
:10A240004D7B002C08BF2EF040021A671A6F002DBC
:10A2500042F0200408BF22F020041C670A6A4BF673
:10A26000047E1A644A6AC4F2030E5A641A6F91F8A3
:10A27000285065F310421A671A6F91F8295065F358
:10A28000D3421A671A6F91F82A5065F352421A673F
:10A29000CA7E1D6F002A45F4800408BF25F480049F
:10A2A0001C670A7F1C6F002A44F4001508BF24F4C1
:10A2B00000151D671A6FCC7A22F0605204F0070473
:10A2C00042EAC4621A674C7A1D6F002C45F0804642
:10A2D00008BF25F080461E6703F170020B7A012447
:10A2E000002B04FA00F3DEF800400CBF24EA03035D
:10A2F0002343CEF800308B7A1668002B46F00075A9
:10A3000008BF26F0007515600CEB0020426F0E7838
:10A3100042F001034D788C7891F803C0002E08BFFD
:10A3200022F001034367426F002D42F0020308BF91
:10A3300022F002034367426F002C42F0040308BF7F
:10A3400022F004034367426FBCF1000F42F00803A0
:10A3500008BF22F0080343670A79436F002A43F0DD
:10A36000100608BF23F0100646674A79436F002A9B
:10A3700043F0200608BF23F0200646678A79436F22
:10A38000002A43F0400608BF23F040064667C9791B
:10A39000426F002942F0800308BF22F08003436728
:10A3A00070BD4EF2DF30C0F600004FF4CB7100F00C
:10A3B00013FF0000B0B5002900F0338109286FD1E8
:10A3C0004BF20000C4F20300C2688B68520A62F3C9
:10A3D0005F23C3604FF6FF73C268C8F2000303F146
:10A3E000FC4302EA030CCB680022C0F2FF121A40C1
:10A3F0006244C26002680B7C63F30202026002687E
:10A400004B7C63F3C30202604A790B788261CA888D
:10A410004261026822F0404242EA8372026091F88F
:10A4200003C00368BCF1000F43F0100208BF23F023
:10A430001002026091F802C00368BCF1000F43F4FF
:10A44000806208BF23F48062026091F801C0036853
:10A45000BCF1000F43F4006208BF23F40062026005
:10A4600091F804C0D0F8903FBCF1000F43F4803263
:10A4700008BF23F48032C0F8902F0268CB7C22F012
:10A48000C00203F0030342EA831202608A7C01687F
:10A49000002A14BF41F0200121F020010160B0BD6D
:10A4A000082880F0C5804BF2000CC4F2030C0CEBC2
:10A4B0000023D3F80CE18C684FEADE3262F3DF341C
:10A4C000C3F80C41D3F80C21CC8964F31E42C3F8C5
:10A4D0000C21D3F800210C7C64F30202C3F80021A4
:10A4E000D3F800214C7C64F3C302C3F800214A79FD
:10A4F00091F803E0C3F81821CA88BEF1000FC3F831
:10A500001421D3F8002142F0100408BF22F01004F7
:10A51000C3F8004191F802E0D3F80041BEF1000F0A
:10A5200044F4806208BF24F48062C3F8002191F8EB
:10A5300001E0D3F80041BEF1000F44F4006508BF0C
:10A5400024F40065C3F8005103F580720B794FF4D1
:10A550000035002B05FA00F3DCF8905F0CBF25EA0C
:10A5600003032B43CCF8903FD1E906530CEB0020BA
:10A57000C0F85451C0F85831106891F8203063F396
:10A58000492010601068CB7C20F0C00003F003036A
:10A5900040EA83108D7C10601068002D40F020038D
:10A5A00008BF20F020031360106891F8253020F0D8
:10A5B000704040EA03701060106891F8263063F331
:10A5C00011401060106891F8273063F393401060D9
:10A5D00091F821001368002843F4807508BF23F424
:10A5E0008075156091F822001368002843F48015E7
:10A5F00008BF23F48015156091F823001368002824
:10A6000043F4001508BF23F40015156091F82410D9
:10A610001068002914BF40F4800020F4800010600E
:10A62000B0BD4EF2DF30C0F60000F42100F0D4FDE2
:10A630004EF2DF30C0F6000040F6B80100F0CCFD6D
:10A64000B0B5002900F0CD8009282BD14A884BF203
:10A650000000C4F20300C2618A880262CA884262B2
:10A660000A898262026891F800C042F0007391F892
:10A670000AE0CC7ABCF1000F08BF22F0007303603F
:10A680000168BEF1000F41F0006208BF21F00062D6
:10A6900002600168002C14BF41F0806121F08061EC
:10A6A0000160B0BD082880F0A4804BF200034A8806
:10A6B000C4F2030303EB0020C0F81C218A88C0F811
:10A6C0002021CA88C0F824210A89C0F82821D0F89E
:10A6D00000210C7842F0007391F80AC091F80BE069
:10A6E0000D7B002C08BF22F00073C0F80031D0F8B9
:10A6F0000021BCF1000F42F0006308BF22F00063AC
:10A70000C0F80031D0F80021BEF1000F42F08063A4
:10A7100008BF22F08063C0F80031D0F80421002D7A
:10A7200042F4803308BF22F48033C0F804314A7BFE
:10A73000D0F80431002A43F4003508BF23F4003573
:10A74000C0F804518A7BD0F80431002A43F48025F4
:10A7500008BF23F48025C0F80451CA7BD0F8043127
:10A76000002A43F4002508BF23F40025C0F8045153
:10A770000A7CD0F80431002A43F4801508BF23F482
:10A780008015C0F804514A7CD0F80431002A43F403
:10A79000001508BF23F40015C0F804518A7CD0F8D6
:10A7A0000431002A43F4800508BF23F48005C0F873
:10A7B0000451CA7CD0F80431002A43F4000508BFD4
:10A7C00023F40005C0F804510A7DD0F8041100F507
:10A7D0008270002A14BF41F0807121F08071016005
:10A7E000B0BD4EF2DF30C0F600004FF4847100F0CF
:10A7F000F3FC4EF2DF30C0F6000040F6221100F00C
:10A80000EBFC00002DE9F04F85B041F26C01C4F281
:10A81000020151F80C0C0022C4F20202009051F81F
:10A820004CEC106848F2E470C3F6AC70C2F88000DB
:10A8300048F2E47041F8280C48F63D2041F8280C15
:10A8400041F6EC1041F8280C51F80C0C032340F4AD
:10A85000005041F80C0C51F80C0C4EF6FC5940F429
:10A86000805041F80C0C51F84C0CCEF2000940F429
:10A87000807041F84C0C51F84C0C41F2002C63F301
:10A880008E2041F84C0CD9F80000D9F8007041F244
:10A89000000347F08077CEF20003C9F8007000276C
:10A8A0005F601C689FEDBF0AC0F27A0C44F001049F
:10A8B0001C6000BF5C680D68664615F5807F3CBF74
:10A8C0000D682E0A01EE106AB8EE411A21EE001A48
:10A8D000BCEEC11A11EE105AAC42EBD348F2001490
:10A8E00048F22135C4F20304C0F2800544F8FC5C50
:10A8F0002B2544F8F85C002544F8E85C202544F852
:10A90000D85C112544F8C05C6FF0FF05665900F073
:10A91000807846F00100605154F8F00CC0055CBF2F
:10A9200054F8F00C5FEAC05007D454F8F00CC0059E
:10A9300003D454F8F00CC005EED56FF0FF00255895
:10A9400045F004052550206840F40030206000BF29
:10A95000206880035CBF20685FEA803005D42068EF
:10A96000800302D420688003F2D554F8AC0C25682B
:10A97000122645F40035256051F84C5C9FED8A0A9B
:10A9800066F38E2541F84C5C156845F4003515607A
:10A99000156825F000451560156825F440751560AB
:10A9A000156845F00045156000255D601D6845F09F
:10A9B00001051D605E680D68674615F5807F3CBF28
:10A9C0000D682F0A01EE107AB8EE411A21EE001A36
:10A9D000BCEEC11A11EE105AAE42EBD354F8AC5C87
:10A9E00000EBD070A5EB600ABAF1000F48BFCAF1C6
:10A9F000000ACDF804A02568012645F4003525603D
:10AA00001568401025F000451560156866F30925A6
:10AA10001560156845F00045156000255D601D68EE
:10AA200045F001051D6000BF5E680D68674615F5BD
:10AA3000807F3CBF0D682F0A01EE107AB8EE411AF4
:10AA400021EE001ABCEEC11A11EE105AAE42EBD341
:10AA500054F8AC5C0226B5EB000B48BFCBF1000B01
:10AA6000CDF808B0256845F400352560156825F057
:10AA700000451560156866F309251560156845F0F1
:10AA80000045156000255D601D6845F001051D60ED
:10AA90005F680D68664615F5807F3CBF0D682E0A1D
:10AAA00001EE106AB8EE411A21EE001ABCEEC11A8E
:10AAB00011EE105AAF42EBD354F8AC5C2F1A48BFDA
:10AAC0007F420397256845F400352560156825F019
:10AAD00000451560156845F440751560156845F02A
:10AAE0000045156000255D601D6845F001051D608D
:10AAF0005E680D6815F5807F65463CBF0D682D0AC0
:10AB000001EE105AB8EE411A21EE001ABCEEC11A3D
:10AB100011EE105AAE42EBD354F8AC6C351A48BF64
:10AB20006D4204952068D34540F4003020601068E1
:10AB300020F000401060106820F4003010601868A9
:10AB400020F001001860D9F8000001AB40EA0800CD
:10AB5000C9F800004FF0000038BF012053F8206012
:10AB6000B74238BF022053F820309D426FF0FF03F8
:10AB7000E75838BF032047F00107E75041F84CEC95
:10AB8000009B41F80C3C0123C2F880304FF4803226
:10AB900041F8282C4FF4003241F8282C05B0BDE8CC
:10ABA000F08F00BF51499D3AA69BC43AB0B549F613
:10ABB000FF72C4F20102904216DC4DF6FF73C4F23C
:10ABC0000003984226DD4EF20003C4F200039842CF
:10ABD00038D048F20003C4F20103984232D049F25F
:10ABE0000003C4F201032AE04AF6FF73C4F2020331
:10ABF00098421ADD4BF20003C4F20203984221D0BE
:10AC00000023C4F2030398421CD041F20003C4F2B3
:10AC1000030314E048F20003C4F20003984211D089
:10AC200049F20003C4F2000309E04AF20003C4F24F
:10AC30000103984206D04AF20003C4F2020398428C
:10AC400040F0E780002900F0DC80904218DC4DF6EF
:10AC5000FF72C4F2000290422ADD4EF20002C4F2FA
:10AC6000000290423DD048F20002C4F2010290423C
:10AC700037D049F20002C4F20102904231D023E001
:10AC80004AF6FF72C4F2020290421EDD4BF200024D
:10AC9000C4F20202904224D041F20002C4F2030244
:10ACA00090421ED00022C4F20302904219D00BE061
:10ACB00048F20002C4F20002904212D049F20002AF
:10ACC000C4F2000290420CD0B0BD4AF20002C4F2BD
:10ACD0000102904205D04AF20002C4F20202904200
:10ACE000F2D14EF2100C41F24002C4F2000CC4F258
:10ACF0000202ACF11003126898423BD102F47F02C9
:10AD0000B2F5003F36D9DCF820204FF6FF7E8B8865
:10AD100022EA0E021A4444F6F00ECCF82020C2F2C9
:10AD2000000EDEF8002000BFDCF80030DB0326D583
:10AD3000DEF800309B1A0A2BC6D8DCF80030DB03A3
:10AD40001DD5DEF800309B1A0A2BBDD8DCF8003088
:10AD5000DB0314D5DEF800309B1A0A2BB4D8DCF8DC
:10AD60000030DB030BD5DEF800309B1A0A2B88BFBE
:10AD7000B0BDD9E74A6802630A89826306E0DCF85D
:10AD800028200B8963F30702CCF8282002684B784F
:10AD900091F800C063F3C30291F802E08D7A02607B
:10ADA00042686EF30202426002680B7B63F3820228
:10ADB0000260CA7A0368002A23F0020408BF43F045
:10ADC000020404600268BCF1000F42F0800308BF77
:10ADD00022F080030360C26A65F30302C2624A7B09
:10ADE000026402688B7B63F3461202600268CB7BCD
:10ADF00063F3041202600268097C61F309220260B5
:10AE0000B0BD4EF2CE40C0F600004FF4817100F0AC
:10AE1000E3F94EF2CE40C0F6000040F2011100F01E
:10AE2000DBF90000FEE700007047000070470000FB
:10AE300000F00CF8FDF7B4F97047000044F6F0009C
:10AE4000C2F20000016801310160704748F2000061
:10AE50004EF68851C0F60000CEF2000141F8800C99
:10AE600041F23000C4F2020048F2E472426102682A
:10AE700022F0020202604FF480324261086840F41E
:10AE8000700008607047000044F6FF71C4F20001D2
:10AE9000884244F22C71C2F200010CDD45F200023E
:10AEA000C4F20002904211D00022C4F2010290428A
:10AEB0000ED19C3113E043F20002C4F20002904232
:10AEC0000DD0B0F1402F0FD1343108E0683106E0E9
:10AED00041F20002C4F20102904205D1D031886AE9
:10AEE000002808BF704700474EF20950C0F6000026
:10AEF00040F6360100F070F970B5044644F6FF7074
:10AF0000C4F2000044F22C768442C2F200060CDD4A
:10AF100045F20000C4F20000844211D00020C4F2C7
:10AF2000010084420ED19C3613E043F20000C4F2CB
:10AF3000000084420DD0B4F1402F63D1343608E0D4
:10AF4000683606E041F20000C4F20100844259D1A3
:10AF5000D036206820F040002060757BFF2D3BD06C
:10AF60002846FEF7CDFB062D44D244F2B820C5EBAF
:10AF7000C502C2F2000041F2400100EB8202002350
:10AF8000C4F202011371C2E90233C2E90433C2E917
:10AF900006330A6802F47F02B2F5003F16D901EBCE
:10AFA0004512D2F8D03F02F57D6123F00103C2F8CB
:10AFB000D03F0A68D20709D00A68D2071CBF0A68C6
:10AFC0005FEAC27202D00A68D207F2D10121027888
:10AFD000A94022EA01010170FF207073B088F0805F
:10AFE0004BF22910C0F60000B060606B40F4805056
:10AFF000606370BD4EF22B30C0F6000040F22911A4
:10B0000000F0EAF84EF20950C0F6000040F63601B2
:10B0100000F0E2F8B0B544F6FF71C4F2000144F26A
:10B020002C758842C2F200050CDD45F20001C4F225
:10B030000001884211D00021C4F2010188420ED1E2
:10B040009C3513E043F20001C4F2000188420DD0A8
:10B05000B0F1402F60D1343508E0683506E041F2A8
:10B060000001C4F20101884256D1D035016821F0B7
:10B07000400101606C7BFF2C3BD02046FEF740FB7B
:10B08000062C41D244F2B820C4EBC402C2F2000044
:10B0900041F2400100EB82020023C4F2020113716D
:10B0A000C2E90233C2E90433C2E906330A6802F492
:10B0B0007F02B2F5003F16D901EB4412D2F8D03F1F
:10B0C00002F57D6123F00103C2F8D03F0A68D20780
:10B0D00009D00A68D2071CBF0A685FEAC27202D0B0
:10B0E0000A68D207F2D101210278A14022EA0101C7
:10B0F0000170FF20687301202873286B002808BFA7
:10B10000B0BDBDE8B04000474EF22B30C0F60000A5
:10B1100040F2291100F060F84EF20950C0F600002C
:10B1200040F6360100F058F844F6FF71C4F2000111
:10B13000884244F22C71C2F200010CDD45F200029B
:10B14000C4F20002904211D00022C4F201029042E7
:10B150000ED19C3113E043F20002C4F2000290428F
:10B160000DD0B0F1402F1BD1343108E0683106E03A
:10B1700041F20002C4F20102904211D1D031CA88DA
:10B180008B889A4238BF7047426B22F480524263E8
:10B190000020886001200873086A00B100477047EA
:10B1A0004EF20950C0F6000040F6360100F014F8E7
:10B1B000FEE700004EF60C50BFF34F8FCEF20000BA
:10B1C0000168042201F4E061C0F2FA521143016007
:10B1D000BFF34F8F00BFFDE7A0B104460AA00D46A4
:10B1E00002F076FB0BA021462A4602F071FB4EF2DC
:10B1F00045504EF24751C0F60000C0F6000102F083
:10B2000067FB00BF00BFFDE75B45404150505D203C
:10B2100000000000417373657274206661696C659B
:10B220006420696E202573206C696E65202564009A
:10B23000B0B519B1012904D100226AE00022D0B2D0
:10B24000B0BD01F0010CA1EB0C010022072300BFEF
:10B250000478D2B2624083EA420490F801E0150615
:10B2600058BF540083EA4402250658BF620083EAAF
:10B270004204150658BF540083EA4402250658BF0D
:10B28000620083EA4204150658BF540083EA440270
:10B29000250658BF620083EA4204150658BF5400D1
:10B2A00083EA4402250658BF6200D2B282EA0E0247
:10B2B00083EA4205140658BF550083EA45022C066E
:10B2C00058BF6A0083EA4205140658BF550083EA56
:10B2D00045022C0658BF6A0083EA4205140658BF8F
:10B2E000550083EA45022C0658BF6A0083EA4205EE
:10B2F000140658BF550083EA45022C06A1F102014D
:10B3000058BF6A000D0600F10200A1D1BCF1000F88
:10B310002BD00078D1B24140072080EA41020B06D1
:10B3200058BF4A0080EA4201130658BF510080EA24
:10B3300041020B0658BF4A0080EA4201130658BF7B
:10B34000510080EA41020B0658BF4A0080EA4201E0
:10B35000130658BF510080EA41030A0658BF4B004C
:10B3600080EA4302180658BF5A00D0B2B0BD0000B0
:10B37000704700002DE9F04FA7B04EF60C51CEF209
:10B380000001D1F8F0004FF0000940F08070C1F8E2
:10B39000F00041F20000CEF20000C0F80490016815
:10B3A00048F2000741F0010101604FF08070C4F2E3
:10B3B00003071790012040F2800B199040F201140E
:10B3C00017A93846C4F2020B0126CDF868908DF813
:10B3D0001290CDE90C99CDE90E99CDE90699189412
:10B3E000FDF742FD15208DF8150004A93846ADF88B
:10B3F0001090ADF81340FDF793FF4FF480700DF1FE
:10B4000008080290384641468DF80C60FDF7B2FE00
:10B4100040F20110C0F200100C9040F21800C2F28D
:10B4200001000E9002200CADADF83C0038462946D4
:10B430008DF834604FF0020AFDF760FCF620C1F28F
:10B44000546006AC079038462146ADF818608DF878
:10B450001A90FDF797FB40F20140029038464146B2
:10B460008DF80C60FDF786FE40F20410C0F200106B
:10B470000C9040F20800C2F201000E9038462946B6
:10B480008DF83460ADF83CA02E46FDF737FC4FF444
:10B490000170ADF818004FF0005007903846214673
:10B4A0008DF81A90FDF76EFB40F20010C0F201100B
:10B4B000CDF85E004FF4807007F58065ADF863004D
:10B4C000284617A98DF862908DF86590FDF7CCFCA1
:10B4D00040F20110ADF8130015208DF81500284634
:10B4E00004A9ADF81090FDF71BFF4FF440600290E7
:10B4F0000124284641468DF80C40FDF73BFE40F202
:10B500000C10C0F200100C9040F21000C2F20100CA
:10B510000E904FF00208284631468DF83440ADF8C1
:10B520003C80FDF7EBFB4FF48670ADF818004FF050
:10B53000005006AC0790284621468DF81A90FDF77A
:10B5400021FB40F2012002904FF0010A284602A997
:10B550008DF80CA0FDF70EFE40F20210C0F20010B4
:10B560000C9040F20000C2F201000E9028463146D5
:10B570008DF834A0ADF83C80FDF7C0FB4FF00050D3
:10B58000079028462146ADF818804FF002088DF844
:10B590001A90FDF7F7FA40F20010C0F2011007F51B
:10B5A0000065CDF85E004FF48076284617A98DF827
:10B5B0006290ADF863608DF86590FDF755FC15203D
:10B5C0008DF81500284604A9ADF81090ADF8136069
:10B5D0004FF48076FDF7A4FE01208DF80C0028467C
:10B5E00002A90296FDF7C6FD40F20110C0F200105C
:10B5F0000C9040F22000C2F2010001260E90284675
:10B600000CA98DF83460ADF83C80FDF777FB4FF066
:10B610000050079028462146ADF8186001268DF8A5
:10B620001A90FDF7AFFA4BF60871C4F20301C1F8A6
:10B630002880C1F82C9051F8040C012266F31340C5
:10B6400041F8040C51F8080C20F4702041F8080C63
:10B65000886D20F01F00886548F2E470C3F6AC7076
:10B66000CBF800005BF8240C40F400704BF8240C7D
:10B670005BF8240C40F480604BF8240C5BF8240C3D
:10B6800040F400604BF8240C5BF8240C40F480502C
:10B690004BF8240C5BF8240C40F400504BF8240CBD
:10B6A0005BF8240C40F480404BF8240C5BF8240C2D
:10B6B00040F400404BF8240C5BF8240C40F480303C
:10B6C0004BF8240C5BF8340C40F010004BF8340CB1
:10B6D0005BF8340C40F020004BF8340C5BF8340C71
:10B6E00040F040004BF8340C5BF8340C40F0800024
:10B6F0004BF8340C5BF8340C40F480704BF8340C8D
:10B700005BF8340C40F400704BF8340C5BF8340CEC
:10B7100040F480604BF8340C5BF8340C40F400606B
:10B720004BF8340C5BF8140C40F040004BF8140C50
:10B730004FF48050CBF80020FEF7A4FB4FF40050EC
:10B74000FEF7A0FB4FF48040FEF79CFB4FF4004057
:10B75000FEF798FB4EF200114FF00040CEF20001D0
:10B7600048604EF60C50CEF2000000684EF21940D0
:10B77000CEF2000080F8269044F2C860C2F20000C9
:10B780000121017044F2D060C2F20000017044F265
:10B79000D46044F2CC66C2F20000C2F2000601702E
:10B7A00044F2D8603170C2F2000042F2240544F243
:10B7B000E0610560C2F2000140F6224044F2E4621A
:10B7C0000860C2F2000241F24401116044F2E862F2
:10B7D000C2F2000241F63441116044F2EC62C2F25E
:10B7E000000244F2F0631560C2F200034FF41672D7
:10B7F0001A6044F2F462C2F2000244F2F86A106085
:10B80000C2F2000A41F26A20CAF8000044F2FC6069
:10B81000C2F2000044F2DC670DF15C080124016013
:10B82000C2F2000740462C213C70CDE90C99CDE9CD
:10B830000E99CDE91099CDE90699CDE90899CDF891
:10B840002890ADF82C90FCF742FF40F20110ADF8C3
:10B850003650109020200CAD1290092029468DF80A
:10B860003590CDF83890ADF831908DF83390CDF813
:10B870004C90CDE91499FEF79DFD02202946FEF774
:10B8800099FD03202946FEF795FD317844F2D062F8
:10B890004FF47A70C2F200028DF81840ADF81A0029
:10B8A000002918BF40F20441127844F2D463C2F276
:10B8B0000003ADF81C10002A18BF40F609021B78DF
:10B8C0004BF20406C4F20306ADF81E20002B18BF8D
:10B8D00041F21203ADF82030B061F1614BF200018A
:10B8E00032627362C4F20301086806AD40F0007072
:10B8F0000860086820F000600860086820F0806038
:10B900000860387844F2E061C2F20001002818BFF4
:10B9100032200968ADF81A00ADF81C1044F2E4605A
:10B9200044F2E861C2F20000C2F200010068096856
:10B93000ADF81E00ADF82010022029468DF8184001
:10B940008DF82440FEF77CFE44F2F461C2F200015F
:10B9500044F2F0600968C2F200000068ADF81C1003
:10B9600044F2FC61C2F20001ADF81A00DAF80000FE
:10B970000968ADF81E00ADF8201003202946FEF737
:10B980005FFE40F604001C90082002211F9040F644
:10B9900010001B918DF876100221C0F2400020901B
:10B9A0008DF8861003204146ADF87490ADF8849070
:10B9B000CDF86490FEF71CFC02204146FEF718FC0F
:10B9C00041F240014BF60873C4F20201C4F20303D2
:10B9D0000868186A012220F04040186208689969D6
:10B9E00000F47F0062F30101B0F5003F996103D9D3
:10B9F000586E20F0030058669869052120F0040075
:10BA00009861186A20F00F001862986920F01800F9
:10BA10009861986940F020009861186F20F04040CC
:10BA20001867D86840F00100D860D86820F400405A
:10BA3000D860986E62F393409866986E20F4003058
:10BA40009866186F61F313401867D3F880004BF2C3
:10BA5000040120F47020C3F88000986FC4F2030141
:10BA600020F400209867D86840F02000D860986ED5
:10BA700040F480309866986F20F400309867986F93
:10BA800020F480309867D1F8700340F01000C1F8BE
:10BA90007003D1F8700440F01000C1F8700444F64F
:10BAA000F000C2F2000001681A6842F001021A6058
:10BAB0001A68D20718D00268521A652A14D21A6876
:10BAC000D20711D00268521A642A0DD81A68D20718
:10BAD0000AD00268521A642A06D81A68D20703D01C
:10BAE0000268521A642AE3D901681A6842F008020F
:10BAF0001A601A68120718D50268521A652A14D2F9
:10BB00001A68120711D50268521A642A0DD81A68E9
:10BB100012070AD50268521A642A06D81A68120750
:10BB200003D50268521A642AE3D901681A6842F000
:10BB300010021A601A68D20618D50268521A652ACD
:10BB400014D21A68D20611D50268521A642A0DD886
:10BB50001A68D2060AD50268521A642A06D81A68E8
:10BB6000D20603D50268521A642AE3D901254FF0A0
:10BB700000099D62C3F82C9053F8040C4BF2000AA4
:10BB800065F3134043F8040C53F8080CC4F2030A9D
:10BB900020F4702043F8080C986D44F2000120F066
:10BBA0001F0098651868C4F2020140F00100186097
:10BBB000DAF8000001F5005440F08060CAF8000097
:10BBC000186E17AF40F001001866186E8A4640F0F4
:10BBD000080018660120C0F2001018904FF4804051
:10BBE0001790204639468DF86490FEF7EBF94FF434
:10BBF0000040179050463946FEF7E4F94FF40060D4
:10BC00000AF58058179040463946FEF7DBF94FF4A5
:10BC10008066504639461796FEF7D4F94FF4007007
:10BC2000ADF86000204639461795FEF7CBF940463F
:10BC300039461795FEF7C6F98020179050463946C9
:10BC4000FEF7C0F9404639461796FEF7BBF91020BB
:10BC50001790404639468DF86150CDF80480FEF7C4
:10BC6000B1F94FF400501790204639468DF8619095
:10BC7000FEF7A8F94FF40040179020463946FEF72A
:10BC8000A1F941F2400148F63D20C4F202014860AA
:10BC900041F6EC104860086A48F2E47840F48050BD
:10BCA00008624FF40030C3F6AC784860CBF80080EF
:10BCB0005BF8240C4BF2000640F080004BF8240C9B
:10BCC0005BF8140CC4F2030640F010004BF8140C9F
:10BCD00049F20000CBF80050C4F20300D0F8001184
:10BCE00017AC21F00101C0F80011D0F8001121F0CB
:10BCF0000801C0F80011D0F8001121F00401C0F8CB
:10BD00000011D0F8001121F00201C0F80011CBF8A9
:10BD100000805BF8241C41F080014BF8241C5BF888
:10BD2000141C41F010014BF8141CCBF800500168B2
:10BD300021F001010160016821F008010160016842
:10BD400021F004010160016821F00201016040F668
:10BD50000E61C0F8041140F61B714160D0F800116B
:10BD600041F00101C0F80011016841F001010160DA
:10BD700040F20110ADF85C0040F20310ADF8630032
:10BD8000A6F5706021468DF86590CDF85E908DF82F
:10BD90006290FDF71FFCC8208DF85F000320ADF80E
:10BDA0006300A6F560602146FDF714FC4FF2002009
:10BDB000CFF6FF703158042741F001013150CBF824
:10BDC00000805BF8280C4EF60C5640F480704BF85F
:10BDD000280C5BF8180CCEF2000640F480704BF88B
:10BDE000180CCBF80050CBF800805BF8300C4FF00B
:10BDF000FF3340F040004BF8300C5BF8200C32462B
:10BE000040F040004BF8200CCBF80050CBF80080FD
:10BE10005BF8300C4EF2194A40F080004BF8300CC1
:10BE20005BF8200CCEF2000A40F080004BF8200CAA
:10BE3000CBF80050CBF800805BF8240C022440F0D3
:10BE400001004BF8240C5BF8140C4FF0020E40F08C
:10BE500001004BF8140CCBF80050CBF800805BF8D5
:10BE6000240C40F002004BF8240C5BF8140C40F05A
:10BE700002004BF8140CCBF8005030680226C0F3D7
:10BE8000022080F00701042928BF3946033803FA4D
:10BE900001F138BF484626EA010101FA00F000012D
:10BEA0008AF8010010684FF0FF33C0F3022080F0E1
:10BEB0000701042928BF3946033803FA01F138BFC6
:10BEC000484625EA010101FA00F000014EF2001691
:10BED0008AF800004FF00070CEF2000630604FF09C
:10BEE00080603060CBF800805BF8280C4FF0FF33A7
:10BEF00040F480704BF8280C5BF8180CB44640F402
:10BF000080704BF8180CCBF80050CBF800805BF831
:10BF1000300C40F040004BF8300C5BF8200C40F047
:10BF200040004BF8200CCBF80050CBF800805BF8B9
:10BF3000300C40F080004BF8300C5BF8200C40F0E7
:10BF400080004BF8200CCBF80050CBF800805BF859
:10BF5000240C40F001004BF8240C5BF8140C40F06A
:10BF600001004BF8140CCBF80050CBF800805BF8C4
:10BF7000240C40F002004BF8240C5BF8140C40F049
:10BF800002004BF8140CCBF800501068C0F30220EC
:10BF900080F00701042928BF3946033803FA01F16C
:10BFA00038BF484624EA010101FA00F000018AF88E
:10BFB000010010681446C0F3022080F00701042934
:10BFC00028BF3946033803FA01F138BF484625EA4D
:10BFD000010101FA00F000018AF800004FF0007240
:10BFE00032604FF080633360CBF800805BF8280C40
:10BFF0004FF0FF3640F480704BF8280C5BF8180CBB
:10C0000040F480704BF8180CCBF80050CBF800804F
:10C010005BF8300C40F040004BF8300C5BF8200C23
:10C0200040F040004BF8200CCBF80050CBF80080DB
:10C030005BF8300C40F080004BF8300C5BF8200CC3
:10C0400040F080004BF8200CCBF80050CBF800807B
:10C050005BF8240C40F001004BF8240C5BF8140C46
:10C0600040F001004BF8140CCBF80050CBF80080E6
:10C070005BF8240C40F002004BF8240C5BF8140C25
:10C0800040F002004BF8140CCBF800502068C0F3CD
:10C09000022080F00701042928BF3946033806FA38
:10C0A00001F138BF48462EEA010101FA00F0000113
:10C0B0008AF80100206817ACC0F3022080F0070165
:10C0C000042928BF3946033806FA01F138BF48462B
:10C0D00025EA010101FA00F000018AF80000CCF81D
:10C0E0000020CCF80030632048F20006CDF86C90B8
:10C0F000CDE9199518900820C4F20006ADF8640047
:10C100003046214617958DF86790FEF74FFD40F2B7
:10C11000000AC4F2030A50462146FEF747FD40F2EA
:10C12000E730189049F20000C4F200002146FEF703
:10C130003DFD70680CA940F001007060DAF8040061
:10C1400040F00100CAF804000320C0F200100D9076
:10C1500044F20000C4F202008DF838900C97FDF70D
:10C1600031FFCBF800805BF8280C4EF60C5340F4FE
:10C1700080704BF8280C5BF8180CCEF2000340F4EA
:10C1800080704BF8180CCBF80050CBF800805BF8AF
:10C19000300C4FF0FF3640F040004BF8300C5BF8AD
:10C1A000200C022240F040004BF8200CCBF800504D
:10C1B000CBF800805BF8300C4AF2240A40F0800093
:10C1C0004BF8300C5BF8200CC4F2020A40F08000FF
:10C1D0004BF8200CCBF80050CBF800805BF8240C17
:10C1E00017AC40F001004BF8240C5BF8140C40F045
:10C1F00001004BF8140CCBF80050CBF800805BF832
:10C20000240C40F002004BF8240C5BF8140C40F0B6
:10C2100002004BF8140CCBF800501868C0F3022051
:10C2200080F00701042928BF3946033806FA01F1D6
:10C2300038BF484622EA010101FA00F04EF21942E5
:10C240000001CEF2000250701868C0F3022080F0A6
:10C250000701042938BF0F46033806FA07F138BF33
:10C26000484625EA010101FA00F0000110704EF283
:10C270000010CEF200004FF0007101604FF08061BD
:10C28000016041F29310CDF86C90CDE919991890A6
:10C29000AAF1240021461795ADF864908DF86790B7
:10C2A000FEF784FC41F24000C4F2020000685AF834
:10C2B000040C062165F393404AF8040C6420CAF884
:10C2C00034005AF8040C44F2007861F317504AF82D
:10C2D000040C5AF8040CC2F2000820F440304AF86A
:10C2E000040CDAF808002C2120F48060CAF8080059
:10C2F000DAF8000040F48070CAF80000DAF80000B4
:10C3000020F40070CAF80000DAF8000020F4806021
:10C31000CAF80000DAF8000020F40060CAF8000053
:10C320005AF8200C20F480504AF8200C5AF8200CBF
:10C3300020F400504AF8200CDAF8080020F0F00051
:10C34000CAF8080040468DF87090CDF86C90CDE9A1
:10C350001999CDE91799FCF7BAF94FF4FF4044F267
:10C360002C75A8F82A00C2F20005287B10B9287F96
:10C37000002858D04EF2B410C0F6000001F0A8FA20
:10C3800043F20004C4F200040FF69450214601F079
:10C390009FFA4EF245504EF24751C0F60000C0F6EB
:10C3A000000101F095FA287B012811D16068C003D3
:10C3B00018D56068400315D4606800F003000328B6
:10C3C00010D14FF0580E4FF480514FF480400DE0E3
:10C3D0004EF2B410C0F6000001F07AFA0FF6645085
:10C3E0002146E1E14FF02C0E0020002144F2B82953
:10C3F000C2F2000999F8003042F2000CDA07C4F2E8
:10C40000020C05D199F8042012B901260022F0E0AF
:10C410009A0700F1CC8099F82020002A40F0C780CC
:10C4200002260122E5E043F20007C4F20007386863
:10C43000082620F0010038600220287328770020A9
:10C44000CDF835004FF400700C9044F200000CA9B8
:10C45000C4F202008DF83460FDF7B4FD48F2E470D8
:10C46000C3F6AC70CBF800005BF8300C4EF2001154
:10C4700040F008004BF8300C5BF8200CCEF20001C5
:10C4800040F008004BF8200C0120CBF800000E60B3
:10C4900039683E4641F010013960396841F00801C1
:10C4A0003960396821F480613960396821F400719C
:10C4B0003960796821F080017960396921F00F01D4
:10C4C0003961396921F0F00139613A6B4FF6FF713A
:10C4D0008A433A633A6822F480723A603A6822F0FA
:10C4E00080023A603A6822F400623A6041F2400207
:10C4F000C4F20202126802F47F02B2F5003F0AD9C8
:10C5000044F26432C2F200021268520303D5326868
:10C5100022F480423260726822F00802726072680F
:10C5200022F004027260726842F003027260726864
:10C5300022F48032726044F20002C2F200021268F9
:10C540005BF8503CC3F303230133B2FBF3F249F62B
:10C55000817302F5B71202F55872C1F25E63A2FB55
:10C560000323B26822EA010141EA9341B1603168D4
:10C57000142221F48051316028732877611C05F161
:10C580002000FCF77DF8FF20687368774FF0FF30DC
:10C59000B0633068344640F004003060306840F0EA
:10C5A00002003060306840F001003060FBE65A075E
:10C5B00005D499F83C2012B90426022219E01A0782
:10C5C00005D499F8582012B90826032211E0DA069A
:10C5D00005D499F8742012B91026042209E09A06AD
:10C5E00000F14F8599F89020002A40F04A852026D6
:10C5F0000522334341F2400489F80030C4F20204BA
:10C6000023680CEB421353F80C6F012726F04066A9
:10C610001E601E6826F040561E601E6826F080468A
:10C620001E601E6846F000461E601E6867F3051611
:10C630001E601F6827F008071F601F6827F040076B
:10C640001F601F6847F080071F601F6827F440576E
:10C6500039431960196821F4404108431860206883
:10C6600000F47F00B0F5003F14D944F26430C2F208
:10C670000000006848F2E470606054F8340C062151
:10C6800044F8340C186861F3595018604FF4803046
:10C69000606004E01868062161F359501860C2EB2D
:10C6A000C2004AF6F96143F2000409EB8000C0F6CB
:10C6B00000014BF215034AF68967C4F20004C0F684
:10C6C0000003C0F60007C0E902410121C0E90443AC
:10C6D000C0E9064701716A73687BFF284CD00320CC
:10C6E00028730020C5F80080A5F804E0E880A86061
:10C6F000206840F0100020604FF48050A063206854
:10C7000040F004002060206840F040002060697B19
:10C710002868AB88062980F0F284002B00F0F784AB
:10C720000CEB411707227A613A4652F80C6F46F437
:10C7300080661660166846F480761660166846F4C1
:10C7400000761660C1EBC10609EB860515F8046F8B
:10C75000012E1ED11268C2F30132032A40F020815B
:10C760004EF27510C0F6000001F0B2F84EF23C0037
:10C77000C0F60000032117E04EF2B410C0F600002E
:10C7800001F0A6F84EF2BE10C0F6000001F0F2FA79
:10C790000CE04EF27510C0F6000001F099F829780F
:10C7A0004EF25110C0F6000001F092F84EF24550E2
:10C7B0004EF24751C0F60000C0F6000101F088F8C3
:10C7C00045F20005002617A84021C4F20105CDE975
:10C7D0000C66CDE90E661096CDF84360FBF777FF47
:10C7E0002020CDE918064FF420204FF001081C90BE
:10C7F000FF2102204FF430228DF868608DF86C80A4
:10C800001D918DF878608DF87C00CDE92021032101
:10C810008DF88C104AF6552144F210178DF8886077
:10C82000CDE924168DF89860C2F2000797F85410ED
:10C8300097F85C20114397F86C20C9B2114397F820
:10C840007C2097F88C301143194317D04EF29C107E
:10C85000C0F6000001F03CF84EF26200C0F60000A5
:10C86000294601F035F84EF245504EF24751C0F6D8
:10C870000000C0F6000101F02BF886E287F85400B2
:10C8800087F85C0087F86C0087F87C0087F88C00DC
:10C89000019F4FF4807006AC06904FF00A093846AD
:10C8A0002146CDF81D608DF81C90FDF78BFB4FF4F1
:10C8B00000700690384621468DF81C90FDF782FBEB
:10C8C00048F2E470C3F6AC70CBF800005BF82C0CB7
:10C8D000042240F020004BF82C0C5BF8340C4FF095
:10C8E000FF3340F480404BF8340C5BF81C0C41F2F1
:10C8F000400A40F020004BF81C0C4EF60C50CBF8D0
:10C900000080CEF200000068C4F2020AC0F30220E8
:10C9100080F00701042928BF1146033803FA01F10A
:10C9200038BF304622EA010101FA00F04EF2194107
:10C930000001CEF2000101F80E0C286840F0100052
:10C940002860286A00F470302862DAF8000000F4E9
:10C950007F00B0F5003F40F2FE8044F26430C2F246
:10C9600000000068800740F1F6806868022161F3EA
:10C9700017506860686861F31B606860686861F3FD
:10C980001F7068602868C0061FD44EF29C10C0F665
:10C99000000000F09DFF4EF2F320C0F6000024E0FE
:10C9A00023FA02F4B4F5805F2CD34EF27510C0F672
:10C9B000000000F08DFF4EF28300C0F6000040F64C
:10C9C000FF71224600F084FFF0E6DAF80000C0F3C1
:10C9D0000740022868D84EF29C10C0F6000000F014
:10C9E00077FF4EF28D20C0F6000001F0C3F94EF241
:10C9F00045504EF24751C0F60000C0F6000100F06D
:10CA000067FF65E0BA6840F6FF76B2432243B0F1B3
:10CA1000006FBA60C0F0628341F24002C4F20202C9
:10CA2000D2694FF6FF74160CB60206F10066B4EB3D
:10CA3000124F04BF0026C0F60406864240F24E8321
:10CA40004FF2400244F20006CFF6FF72C4F2020633
:10CA5000B65806F07066B6F1206F40F03F8344F29E
:10CA60000006C4F20206B25802F07042B2F1204F42
:10CA700040F0348341F24002C4F20202D2694FF620
:10CA8000FF74160CB602B4EB124F08BF4FF48026A9
:10CA9000720802F100648442034440F20C83A34212
:10CAA00000F20D83104419E3686A20F00200686206
:10CAB000686A20F001006862A86A60F06040A862BD
:10CAC000686A20F080006862686A20F0400068624E
:10CAD0002868C0060AD44EF29C10C0F6000000F090
:10CAE000F7FE4EF2F320C0F600000FE0DAF8000087
:10CAF000C0F30740022816D84EF29C10C0F6000082
:10CB000000F0E6FE4EF2E810C0F6000001F032F947
:10CB10004EF245504EF24751C0F60000C0F60001FB
:10CB200000F0D6FE13E0686A20F002006862686ACE
:10CB300020F001006862A86A60F06040A862686A3C
:10CB400020F080006862686A20F04000686228680F
:10CB500040F40040286068695F2161F30700686164
:10CB60002869062161F3050028612869012666F31A
:10CB70000C20286128694EF29C1B66F31340286143
:10CB800028684EF2B7284EF245594EF2475420F429
:10CB900080200027C0F6000BC0F60008C0F6000990
:10CBA000C0F6000428600CE0584600F091FE4046B4
:10CBB00001F0E0F84846214600F08AFE0137102FC8
:10CBC00030D02868C006EFD5686B20F00F003843DE
:10CBD0006863686B40F020006863A86B00F06040F9
:10CBE000A863A86B20F0C040A863686B20F0200009
:10CBF0006863A86B00F06040A863DAF8000000F4F6
:10CC00007F00B0F5003F07D9E86B66F30710E863D3
:10CC1000E86B66F30300E863286B06FA07F18843C4
:10CC20002863CBE74EF29C1A4EF2B7264EF24557D8
:10CC30004EF2475B4FF00008C0F6000AC0F600064F
:10CC4000C0F60007C0F6000B4FF0010910E042F0FB
:10CC50001001E963E96B69F30301E963296B09FAE0
:10CC600000F00843286308F11008B8F1400F56D0CF
:10CC70002868C0060AD4504600F02AFE304601F06B
:10CC800079F83846594600F023FEECE717AB696B9C
:10CC900013F8080060F3030169636A6B03EB080192
:10CCA00042F020026A63AA6BD1E90134520F62F3A9
:10CCB0005F74AC63AA6B0C7B22F0C04204F00304E7
:10CCC00042EA4472AA636A6B22F020026A63AA6B8A
:10CCD000520F62F35F7341F24002AB63C4F202028F
:10CCE000126802F47F02B2F5003FB7D944F2643211
:10CCF000C2F2000212689207B0D54A7BEB6B002AA1
:10CD000023F0F002A3D08B7BC97B03F00F0342EA30
:10CD10000312EA63EA6B61F30302EA639EE72868A1
:10CD20000C2220F0100028602968012060F31F7198
:10CD3000296029684AF2240A62F31B61296041F2E2
:10CD40004001C4F202010968C4F2020A11F47E0F24
:10CD500003D0296821F40051296044F210174FF0E4
:10CD6000FF31C2F20007E96087F8540087F85C00E1
:10CD700087F86C0087F87C0087F88C000CA8C11C31
:10CD800007F194001422FBF77BFC44F63004C2F256
:10CD90000004201D5821FBF79AFC802020212560EB
:10CDA000C4E903108820A06197F86C00012812D113
:10CDB000042087F86C0048F69920C0F60000386718
:10CDC00004F11C00786604F11400B866A86840F00D
:10CDD0008000A86016E04EF29C10C0F6000000F043
:10CDE00077FD4EF2AB00C0F60000294600F070FD62
:10CDF0004EF245504EF24751C0F60000C0F6000119
:10CE000000F066FD44F2943040F2001140F204520A
:10CE1000C2F20000C0F20231C0F20672C0E9AB12E9
:10CE2000A96844F2001241F08001A96041F2820138
:10CE3000C2F20002C0F21821C2F8091046F21441F1
:10CE40008123A2F80D1000215370D17344F2843273
:10CE5000C2F20002537041F28203C0F21973C2F8A9
:10CE6000093048F20743A2F80D30D17344F268024A
:10CE700049F2DA6349F2DA67C2F20002C3F61973C3
:10CE8000CBF619774FF6C6264FF62305CBF6FF767D
:10CE9000C3F67F75C2E908374BF60873C2E90A6525
:10CEA000C2E90D11C2E90F114FF0FF32C4F20303C2
:10CEB0005A61D0F8A8200023C0F8B8200022C4F29C
:10CEC0007A42C4F22013A0F8A61080F80E1180F860
:10CED0008410C0F85411C0F8AC10C0E96D23B0F84C
:10CEE000442180F85E12C0F87812130780F87C1293
:10CEF0005CBF22F00802A0F8442122F002020123C4
:10CF0000A0F8442144F2000280F84831C0F85012E1
:10CF1000C0F84412C4F2020211689FEDA01A41F455
:10CF20000041116090ED7D0A41F2921320EE010A5A
:10CF3000BCEEC00A10EE102A91B29942A0F80C2162
:10CF400002D941F2931102E0022902D80221A0F88D
:10CF50000C11CAF8341000210022C4F2C821C4F216
:10CF6000A002C0E98E120021C4F240110022C0F8D4
:10CF7000F0120021C4F2C81280F80013C0E9C112F7
:10CF8000012180F875120021C4F28811C0F8EC105C
:10CF900048F20001C4F2030108684BF2000240F0BD
:10CFA00004000860D1F80004C4F2030240F0040059
:10CFB000C1F80004D1F8000840F00400C1F80008EE
:10CFC0004FF20010CFF6FF70115841F001011150DF
:10CFD00048F20001C4F20001C86840F40070C86063
:10CFE0000868800703D4C86840F48070C860086887
:10CFF00040F0010008604BF20401C4F2030108682C
:10D0000040F4C810086049F20001C4F20001C86889
:10D0100040F40070C8600868800703D4C86840F412
:10D020008070C860086840F0010008600021C4F208
:10D030000301C86840F40070C8600868800703D422
:10D04000C86840F48070C860086840F0010008605B
:10D050005AF8180C40F400704AF8180C5AF8240CCE
:10D06000800705D45AF8180C40F480704AF8180C60
:10D070005AF8240C40F001004AF8240C27B0BDE80F
:10D08000F08F4EF2B410C0F600006646774600F00E
:10D090001FFC3BA000F06EFE4EF245504EF2475191
:10D0A000C0F60000C0F6000100F012FCBE46B44617
:10D0B000FF22FFF710BB06F10066B3420DD94EF216
:10D0C0007510C0F6000000F003FC4EF21320C0F60D
:10D0D000000000F0FDFBFFF769BB801A49014CF826
:10D0E000010043F20000C4F200002030786002200A
:10D0F0002870386940F001003861FFF761BB4EF2DB
:10D100002B30C0F6000040F2FD11FEF765F84EF23C
:10D110002B30C0F600004FF4FF71FEF75DF800BF42
:10D120005468697320554152545B30782530387803
:10D130005D2069736E2774206265696E6720757360
:10D1400065640A005468697320554152545B307815
:10D15000253038785D2069736E277420696E2054FD
:10D16000782052454144592073746174652C2063C2
:10D17000616E2774207374617274205478210A00E0
:10D180005265717573657420444D41206368616E0A
:10D190006E656C204661696C21000000D4BC36438A
:10D1A00082B041F26C00C4F20200016841F2002931
:10D1B00011F5807F38BF01680168C0F27A098025C7
:10D1C00048F2E47A4F46C4F20205C3F6AC7A11F590
:10D1D000807F3CBF01680F0AC5F800A055F8501CBD
:10D1E00001F0030102290BD155F8101C41F0100188
:10D1F00045F8101C55F8501C21F0030145F8501C4F
:10D200004DF69C52C0F60002002102F190038DF809
:10D21000071053F8906CBE4203D1002918BF0729AC
:10D2200068D053F8786CBE4208BF062957D053F82F
:10D23000606CBE4208BF052953D053F8486CBE420B
:10D2400008BF04294FD053F8306CBE4208BF0329F1
:10D250004BD053F8186CBE4208BF022947D01E6855
:10D26000BE4208BF012944D007311C2903F1A8039D
:10D27000CFD1016811F5807F07D200680021B1EBA2
:10D28000102F4FEA102900F0DC824846FBF745FAE0
:10D290009FED550B02460B4651EC100BFBF7E1F8E6
:10D2A00004460F46FBF746FA0646FBF736FA0246F7
:10D2B0000B4620463946FBF75CF89FED4D0B53ECCF
:10D2C000102BFBF75CF8FBF735FA4F4649F2005993
:10D2D000834601244FF40048C0F6BA291AE0013110
:10D2E00008E0023106E0033104E0043102E00531D8
:10D2F00000E0063101EB410002EBC000416949F258
:10D300000059047A4689B0F80CB08803C0F6BA29EF
:10D310001FFA80F8C5F800A055F8240C022C20F064
:10D32000080045F8240C55F8340C20F0010045F8AD
:10D33000340C55F8480C20F00C0045F8480C55F812
:10D34000380C20F0F00045F8380C55F8240C40F06B
:10D35000080045F8240C55F8340C40F0010045F85D
:10D36000340C55F8140C20F0080045F8140C55F84E
:10D37000140C40F0080045F8140C4FF001008DF833
:10D38000070055F8801C21F0004145F8801C55F835
:10D39000101C41F0100145F8101C55F8801C60F37A
:10D3A000010145F8801C27D0012C14D04EF2A810A2
:10D3B000C0F6000000F08CFA0FF2C440214600F0E5
:10D3C00087FA4EF245504EF24751C0F60000C0F6C3
:10D3D000000100F07DFA55F8800C012120F4006076
:10D3E0000FE000BF00BF00BF000000002A75A5418C
:10D3F000000000000000F04055F8800C022140F4CD
:10D40000006045F8800C55F8800CB7FBF1F141F64F
:10D41000003320F48062C0F2B703994288BF40F421
:10D42000806245F8802C55F87C0C6FF39F366FF3C3
:10D430001D4040EA064045F87C0C55F87C0C4FF640
:10D44000FF718843584445F87C0C55F8800C20F453
:10D45000404040EA080045F8800CFDF7D3F9C5F8D4
:10D4600000A09DF807104FF4407202EA0020B9B105
:10D4700055F8141C21F0080145F8141C55F8141C2B
:10D4800041F0080145F8141C55F8241C21F008014E
:10D4900045F8241C55F8341C21F0010145F8341CD2
:10D4A00055F8801C21F44071084345F8800C55F86C
:10D4B000800C40F0004045F8800C55F8800C40008E
:10D4C0000CD455F8800C40005CBF55F8800C5FEA26
:10D4D000400003D455F8800C4000EED501202860B0
:10D4E000C5F800A055F8502C022161F3010245F85F
:10D4F000502C55F8502C052360F30B2245F8502C86
:10D5000055F8502C60F30F3245F8502C55F8502C3C
:10D5100022F0FC0245F8502C55F8502C42F4803291
:10D5200045F8502C55F8502C42F4003245F8502C58
:10D5300055F8502C42F4802245F8502C55F8502CC8
:10D5400042F4002245F8502C44F20002C2F20002DC
:10D550002860C2F80090C5F800A055F8482C60F388
:10D56000830245F8482C55F8382C63F3071245F828
:10D57000382C2860C5F800A055F8482C60F38712B5
:10D5800045F8482C55F8380C61F30F3045F8380C45
:10D59000012043F200022860C4F20202116841F047
:10D5A0001001116013684EF60C5143F02003CEF2C7
:10D5B000000113600A684FF6FF031A4040F200337F
:10D5C000C0F2FA531A430A6044F20002C2F20002A7
:10D5D000126844F6D353C1F26203A2FB03234FF057
:10D5E000FF3202EB93170023B3EB176F1BD14EF200
:10D5F0001006CEF200067760F027CF750727B360DC
:10D6000037600F68C7F3022787F00706042E28BF8C
:10D610000426033F38BF1F46B2400F2323EA02020D
:10D62000BA401201CA75C5F800A055F8281C44F28A
:10D63000040441F0040145F8281C55F8181CC2F2F6
:10D64000000441F0040145F8181C2860C5F800A04A
:10D6500055F8281C602241F0080145F8281C55F8AF
:10D66000181C41F0080145F8181C2860C5F800A0F6
:10D6700055F8281C41F0100145F8281C55F8181CD5
:10D6800041F0100145F8181C2860C5F800A055F8B5
:10D69000281C41F0200145F8281C55F8181C41F0C1
:10D6A000200145F8181C2860C5F800A055F8281C72
:10D6B00041F0400145F8281C55F8181C41F0400184
:10D6C00045F8181C2860C5F800A055F8281C41F042
:10D6D000800145F8281C55F8181C41F0800145F8D8
:10D6E000181C2860C5F800A055F8281C41F001015D
:10D6F00045F8281C55F8181C41F0010145F8181C84
:10D700002860C5F800A055F8281C41F0020145F832
:10D71000281C55F8181C41F0020145F8181C4FF25E
:10D7200000012860C0F601012046FAF7A9FF63A1B5
:10D7300020460822FAF73EFD44F690040028C2F283
:10D74000000445D000270026C4F2DC27C4F270266E
:10D75000C4E90876012784F828700027C4F240271E
:10D76000C4E90B77002700260021C4F24837C4F231
:10D77000C82646F26662C4E91111C4E9157645F27D
:10D78000AA570020C4F266224FF07C55C5F2AA5772
:10D79000C4F22C200023E565C4E90077C4E9022126
:10D7A00004F11002C4F290130BC244F2B810E1610C
:10D7B000C2F2000021466022FAF762FFFBF7F4FF95
:10D7C00030B9FCF7E3F8B0F5807F08BFFCF7C4F987
:10D7D0004FF20001C0F6010120466022FAF750FF27
:10D7E00044F29430616CC2F20000D4E902E2D4E960
:10D7F0000437D4E90665C0F8D41294F82810D4E9A7
:10D8000008C8C0E944E2C0E94637C0E9486580F885
:10D810004811216BA26CD4E91537E66DC0F828C118
:10D82000C0F82C81C0F8D810C0F8A810C0F8E420C7
:10D83000C0E9C737C0F82463FDF79CFD62B600BF9E
:10D84000FEE74EF2A810C0F6000000F041F84EF2DC
:10D85000E60049F20052C0F600004946C0F6BA227E
:10D8600000F036F84EF245504EF24751C0F6000037
:10D87000C0F6000100F02CF8C5F800A088E600BF53
:10D88000504C4C30205072652D44697620436F6EA9
:10D890006669672D5B25645D204572726F722C206E
:10D8A00073657420746F2064656661756C742031D3
:10D8B000206469766973696F6E210A00AA55AA55BA
:10D8C000AA55AA5540F2710CC1F2000C6047000045
:10D8D0000FB4054B10B503A9044A029800F018F8DC
:10D8E00010BC5DF814FB000071B30008AC400020D0
:10D8F00002E008C8121F08C1002AFAD17047704719
:10D90000002001E001C1121F002AFBD17047000076
:10D910002DE9FF4F8DB00F460546002606E025286D
:10D920000BD0DDE90F1290476D1C761C287800287B
:10D93000F5D111B03046BDE8F08F0024A246A146D3
:10D940000122EC4900E0044315F8013F203B02FAB4
:10D9500003F00842F7D128782A2810D06FF02F0260
:10D960002878A0F13001092914D80AEB8A0102EBCA
:10D97000410144F0020400EB010A6D1CF0E701CF05
:10D980005FEA000A03D544F40054CAF1000A44F0E7
:10D9900002046D1C28782E2817D115F8010F44F0C9
:10D9A00004042A280ED06FF02F022878A0F130014D
:10D9B00009290AD809EB890102EB410100EB0109B1
:10D9C0006D1CF2E757F8049B6D1C28786C280FD06B
:10D9D00006DC4C2817D068280DD06A2814D104E042
:10D9E000742810D07A280FD10DE044F400140AE016
:10D9F00044F4801401E044F440146978814202D177
:10DA000004F580146D1C6D1C2A786E2A1FD00CDC66
:10DA1000632A31D004DC002A8BD0582A11D1A3E02C
:10DA2000642A68D0692A0CD165E0732A2ED004DC00
:10DA30006F2A73D0702A04D19BE0752A6FD0782AA0
:10DA40006ED01046DDE90F129047761C50E1C4F30A
:10DA50000250022806D0032809D0042801CF09D09B
:10DA6000066045E101CFF117C0E9006140E101CF57
:10DA700006803DE106703BE117F8040B8DF80000CD
:10DA800000208DF80100EB46012003E057F804BBAD
:10DA90004FF0FF3061074FF0000102D40DE008F1B4
:10DAA0000101884649450FDA8045F8DB1BF808106C
:10DAB0000029F4D108E008F1010188468142FADB2F
:10DAC0001BF808100029F6D1DDE90F23AAEB0800A6
:10DAD0008146214600F036F9304400EB080604E0A8
:10DAE000DDE90F121BF8010B9047B8F10108F7D2DE
:10DAF00021464846F7E00A21C4F302534FF0000BD9
:10DB00000891022B04D001CFC117032B09D00AE0E2
:10DB1000FF1D27F00707F7E8020108E032E01FE0E9
:10DB200020E000B2C117042B01D140B2C117031E7F
:10DB300071F1000307DA4FF0000CD0EB0C006CEB36
:10DB400001012D2302E0230504D52B238DF8243079
:10DB5000012303E0E30701D02023F7E7984658E0CC
:10DB60000A2110E010210EE010204FF0000B089069
:10DB70000CE010214FF0000B44F004044FF00809B2
:10DB8000089103E008214FF0000B0891C4F3025301
:10DB9000022B04D001CF0021032B06D006E0FF1D8D
:10DBA00027F00707F7E8020103E080B2042B00D159
:10DBB000C0B24FF0000823072BD5702A07D0DDF83C
:10DBC00020C08CF0100C5CEA0B0C05D00EE040235A
:10DBD0008DF82430012308E050EA010306D03023F9
:10DBE0008DF824308DF8252002239846DDF820C0DA
:10DBF0008CF0080C5CEA0B0C0BD150EA010301D14C
:10DC0000630706D530238DF824304FF00108A9F1C1
:10DC10000109582A04D038A20B9208AA0A920BE0F4
:10DC20003AA2F9E75B46089AFAF7D1FA0B9B9B5C9C
:10DC30000A9A521E0A92137050EA0102F2D10A980F
:10DC4000ADEB000000F1200B600702D524F4803416
:10DC500001E04FF00109D94502DDA9EB0B0000E01E
:10DC6000002000EB0B0141440890AAEB010AE003FD
:10DC700006D4DDE90F232146504600F063F8064440
:10DC80004FF0000908E009A911F80900DDE90F12B9
:10DC9000904709F10109761CC145F4DBE0030CD57E
:10DCA000DDE90F232146504600F04CF8064404E01D
:10DCB000DDE90F1230209047761C0899481E089025
:10DCC0000029F5DC08E00A980A990078491C0A91B5
:10DCD000DDE90F129047761CBBF10001ABF1010B9F
:10DCE000F1DC21465046DDE90F2300F019F8064427
:10DCF0006D1C1BE6092801003031323334353637CC
:10DD00003839616263646566000000003031323387
:10DD10003435363738394142434445460000000027
:10DD20002DE9F041044600251E461746880404D418
:10DD300005E039462020B0476D1C641EF9D5284601
:10DD4000BDE8F0812DE9F041044600251E469046CD
:10DD5000C80301D5302700E02027880404D505E05A
:10DD600041463846B0476D1C641EF9D52846BDE8CB
:10DD7000F081000010B5044601E0AFF3008014F814
:10DD8000010B04490028F8D1BDE810400A20FDF736
:10DD9000EFBA0000AC4000200000000000127A0042
:10DDA000002A751501001600008000000300000025
:10DDB0000200000000127A000057A61601001700AA
:10DDC00000C00000030000000200000000127A0002
:10DDD0000084D717010019000000000003000000B4
:10DDE0000200000000127A0000B1081901001A00B8
:10DDF00000400000030000000200000000127A0052
:10DE000000DE391A01001B00008000000300000042
:10DE10000200000000127A00000B6B1B01001C00C6
:10DE200000C00000030000000200000000127A00A1
:10DE300000389C1C01001E000000000003000000D0
:10DE400002000000001BB700002A751501000F003A
:10DE5000000000000300000002000000001BB700EB
:10DE60000057A61601000F0055D500000300000062
:10DE700002000000001BB7000084D717010010004B
:10DE8000AAAA00000300000002000000001BB70067
:10DE900000B108190100110000800000030000001B
:10DEA00002000000001BB70000DE391A010012005A
:10DEB000555500000300000002000000001BB700E1
:10DEC000000B6B1B01001300AA2A000003000000D6
:10DED00002000000001BB70000389C1C0100140069
:10DEE00000000000030000000200000000127A00A1
:10DEF00000E1F50501000600004000000000000000
:10DF00000200000000127A0080778E0601000600F1
:10DF100000E00000000000000200000000127A0093
:10DF2000000E27070100070000800000000000002D
:10DF30000200000000127A0080A4BF070100080060
:10DF400000200000000000000200000000127A0023
:10DF5000003B58080100080000C00000000000005D
:10DF60000200000000127A0080D1F00801000900D0
:10DF700000600000000000000200000000127A00B3
:10DF80000068890901000A0000000000000000008C
:10DF90000200000000127A0080FE210A01000A003F
:10DFA00000A00000000000000200000000127A0043
:10DFB0000095BA0A01000B000040000000000000BC
:10DFC0000200000000127A00802B530B01000B00AE
:10DFD00000E00000000000000200000000127A00D3
:10DFE00000C2EB0B01000C000080000000000000EC
:10DFF0000200000000127A008058840C01000D001D
:10E0000000200000010000000200000000127A0061
:10E0100000EF1C0D01000D0000C000000100000019
:10E020000200000000127A008085B50D01000E008C
:10E03000006000000100000002000000536F7572D4
:10E040006365206461746120776964746820636F1C
:10E050006E666967206572726F722D5B25645D2143
:10E060000A00546869732043414E5B30782530388C
:10E07000785D206973206265696E672075736564D9
:10E08000210A00426C6F636B2073697A65206D61B1
:10E09000782069732025752C207768696C65206E5F
:10E0A0006F77206973202575210A005468697320F1
:10E0B00043414E5B3078253038785D2052782069B6
:10E0C000736E277420696E20524541445920737441
:10E0D0006174652C2063616E27742073746172749F
:10E0E000205278210A00446F6E2774206D6174639A
:10E0F0006820706C6C305F696E5F667265712D5B55
:10E1000025755D20746F2067656E6572617465208A
:10E11000706C6C305F6F75745F667265712D5B2516
:10E12000755D2C20706C656173652061646420747A
:10E13000686520636F6E66696720746F207263750F
:10E140005F706C6C5F636667206172726179210A2F
:10E15000004368616E6E656C2073746174652D5B3D
:10E1600025645D2069736E277420696E2052656195
:10E170006479210A005B4540444D41204C4C5D20B0
:10E18000005B4540414443204C4C5D20005B4540D2
:10E1900045464C415348204C4C5D20005B45404374
:10E1A000414E204C4C5D20005B4540524355204C75
:10E1B0004C5D20005B4540554152545D2000554167
:10E1C0005254207472616E736D697420726571753A
:10E1D00065737420444D41206368616E6E656C20E8
:10E1E0004661696C656421005468652063686970E4
:10E1F000206E6F7420737570706F727420676C6F0F
:10E2000062616C2066696C74657220636F6E66690A
:10E2100067210045464C41534820446F62756C6548
:10E220002062616E6B206D617070696E6720626143
:10E230006E6B31206D6F64652063616E2774207290
:10E240006561642064617461207769746820444D5D
:10E2500041207370616E2074776F2062616E6B2154
:10E26000005761697420666F72204275737920735C
:10E2700074617465206572726F72206265666F7278
:10E2800065206F7065726174696F6E2100546865F6
:10E290002063686970206E6F7420737570706F7280
:10E2A0007420676C6F62616C2066696C74657220A3
:10E2B00072657365742100416363657074616E6398
:10E2C000652066696C746572207265676973746530
:10E2D000722063616E20636F6E66696720696E20CD
:10E2E000726573657420737461747573206F6E6CDE
:10E2F000792100476C6F62616C2066696C7465728D
:10E300002072656769737465722063616E20636F44
:10E310006E66696720696E20726573657420737418
:10E3200061747573206F6E6C7921002E2E2F2E2E46
:10E330002F2E2E2F447269766572732F5441453308
:10E340003247353878785F4472697665722F537238
:10E35000632F746165333267353878785F6C6C5F32
:10E36000646D612E63002E2E2F2E2E2F2E2E2F4405
:10E370007269766572732F54414533324735387868
:10E38000785F4472697665722F5372632F7461658A
:10E39000333267353878785F6C6C5F6164632E6305
:10E3A000002E2E2F2E2E2F2E2E2F44726976657260
:10E3B000732F544145333247353878785F4472695A
:10E3C0007665722F5372632F746165333267353807
:10E3D00078785F6C6C5F65666C6173682E63002E85
:10E3E0002E2F2E2E2F2E2E2F447269766572732FAC
:10E3F000544145333247353878785F4472697665E1
:10E40000722F5372632F74616533326735387878B1
:10E410005F6C6C5F687270776D2E63002E2E2F2EEE
:10E420002E2F2E2E2F447269766572732F5441451C
:10E43000333247353878785F4472697665722F5386
:10E4400072632F746165333267353878785F6C6C2E
:10E450005F63616E2E63002E2E2F2E2E2F2E2E2FF9
:10E46000447269766572732F5441453332473538AB
:10E4700078785F4472697665722F5372632F746186
:10E4800065333267353878785F6C6C5F6770696FB9
:10E490002E63002E2E2F2E2E2F2E2E2F44726976B5
:10E4A0006572732F544145333247353878785F446D
:10E4B00072697665722F5372632F746165333267A8
:10E4C000353878785F6C6C5F636D702E63002E2E2C
:10E4D0002F2E2E2F2E2E2F447269766572732F5495
:10E4E0004145333247353878785F447269766572D2
:10E4F0002F5372632F746165333267353878785FD4
:10E500006C6C5F746D722E63002E2E2F2E2E2F2EAC
:10E510002E2F447269766572732F5441453332470A
:10E52000353878785F4472697665722F5372632F3D
:10E53000746165333267353878785F6C6C5F75610C
:10E5400072742E630025730088E500080000001037
:10E55000B41E0000F0D8000840040108004000206C
:10E5600068000000F0D80008A8040108000001209D
:10E5700024000000F0D80008A8040108684000202A
:10E580008C08000000D900084BF61C70C4F2030090
:10E5900050F8081C50F80C2C1140890658BF7047E1
:10E5A0000168032241F0C00101604FF0FF310160BA
:10E5B00044F29431C2F20001B1F8443181F80E21E5
:10E5C00043F00402D1F89430A1F844210122C1F8AB
:10E5D000A4205A1CC1F89420002281F898204AF205
:10E5E0000021C4F203010A6822F001020A6020211E
:10E5F00040F80C1C704700BF2DE9F04184B0013891
:10E60000422800F25E83DFE810F0430074005C03F0
:10E61000B300B9005C035C035C035C035C035C0354
:10E620005C035C035C03C300EE002A014B01DB02C8
:10E63000E1025C035C035C035C035C035C035C035E
:10E640005C035C035C035C035C035C038601AB015D
:10E65000D0015C035C035C0341028E025C035C033B
:10E660005C035C035C035C035C035C035C035C03B2
:10E670005C035C035C035C035C035C035C035C03A2
:10E680005C035C035C035C035C035C03F1023F031B
:10E6900045F20000C4F20100016841F01001016080
:10E6A00000BF00BF00BF00BF00BF00BF00BF00BF72
:10E6B00000BF00BF00BF00BF00BF00BF00BF00BF62
:10E6C00000BF00BF00BF00BF016821F01001016062
:10E6D00044F29430C2F20000D0F8F80244F2001183
:10E6E00020F0604001906FF047000290C2F20001FC
:10E6F00038E045F20000C4F201000268B1F5302FA5
:10E7000042F01002026000BF00BF00BF00BF00BFA8
:10E7100000BF00BF00BF00BF00BF00BF00BF00BF01
:10E7200000BF00BF00BF00BF00BF00BF00BF026846
:10E7300022F01002026044F29430C2F20000D0F8DD
:10E74000F80220F0604001906FF04700029007BF90
:10E7500044F28430C2F2000044F20010C2F2000021
:10E7600000F1080101A801F03BFE04B0BDE8F08112
:10E7700044F29430C2F20000002104E044F29430EC
:10E78000C2F20000012180F8751204B0BDE8F081EA
:10E7900044F63000C2F200008168C9B200EBC10249
:10E7A000127E12F00C0F00F08C8200EB8111497F79
:10E7B0000F2940F086828168C9B200EB8110C08BBE
:10E7C00000EE100A44F69000B8EE400AC2F20000D3
:10E7D00080ED080A44F29430C2F2000080ED4A0A4B
:10E7E00004B0BDE8F08144F63000C2F20000816858
:10E7F000C9B200EBC102926902F00F02052AC0F013
:10E80000608200EB8110417F102940F05A82847FA2
:10E81000C57F90F8206010208DF8040001A8032126
:10E820008DF805408DF8065001F0DFFDC0B286423C
:10E8300040F0478244EA052000EE100A44F69000BA
:10E84000B8EE400AC2F2000080ED090A44F29430AA
:10E85000C2F2000080ED4B0A04B0BDE8F08144F63E
:10E86000900145F2AA50C2F20001C5F2AA50C1E9D6
:10E87000000044F2B810C2F20000602201F0BAFDBC
:10E8800001F0BDFD002840F01C8201F0BDFDB0F597
:10E89000807F40F0168204B0BDE8F04101F0B9BDC0
:10E8A00044F69004C2F200044FF20001C0F60101E8
:10E8B0002046602201F0B2FD44F29430616CC2F255
:10E8C0000000D4E902E2D4E90437D4E90665C0F8CF
:10E8D000D41294F82810D4E908C8C0E944E2C0E989
:10E8E0004637C0E9486580F84811216BA26CD4E92D
:10E8F0001537E66DC0F828C1C0F82C81C0F8D810D3
:10E90000C0F8A810C0F8E420C0E9C737C0F82463F5
:10E9100004B0BDE8F08144F63000C2F20000816826
:10E92000C9B200EBC102127E12F00C0F00F0C981D7
:10E9300000EB8111497F222940F0C3818168C9B26F
:10E9400000EB8110C08B00EE100A44F29430B8EE58
:10E95000400AC2F2000080ED330A04B0BDE8F08145
:10E9600044F63000C2F200008168C9B200EBC10277
:10E97000127E12F00C0F00F0A48100EB8111497F90
:10E98000232940F09E818168C9B200EB8110C08BC1
:10E9900000EE100A44F29430B8EE400AC2F20000D1
:10E9A00080ED340A04B0BDE8F08144F63000C2F2D4
:10E9B0000000816844F2943400EB8110C2F200043C
:10E9C000807F94ED330A94ED341A84F8D400BDEEC0
:10E9D000C00A10EE100ABDEEC10A010A10EE102A9C
:10E9E000130A24278DF805008DF80610002501A8CC
:10E9F00009218DF80470ADF807508DF809208DF8C5
:10EA00000A30ADF80B5001F0F0FC94F8D410C2B20B
:10EA1000914284F8D50040F0578194ED330A9FED80
:10EA2000B11AB7EE002A20EE010AB4EE420AF1EE66
:10EA300010FA40F34E8194ED343A23EE011AB4EE0D
:10EA4000421AF1EE10FA40F3448194ED2A2A44F67A
:10EA5000900022EE012A82EE002A30EE410A9FED5C
:10EA6000A21AC2F2000080ED120A84ED390A32EED9
:10EA7000011A80ED0C2A80ED111A84ED362A84EDFE
:10EA80002A2A84EDB51A04B0BDE8F08144F63000BE
:10EA9000C2F200008168C9B200EBC102926902F0C3
:10EAA0000F02072AC0F00D8100EB8110417F282959
:10EAB00040F0078190F81E80C57F90F8206090F8A4
:10EAC000217090F8224028208DF8040001A805212B
:10EAD0008DF805808DF806508DF807608DF8087068
:10EAE00001F083FCC0B2844240F0EB8048EA05208C
:10EAF00040EA064040EA076000EE100A9FED781AEF
:10EB0000B8EE400A44F6900020EE010AC2F200007E
:10EB100080ED150A44F29430C2F2000080EDC70A7D
:10EB200004B0BDE8F08144F63000C2F20000816814
:10EB3000C9B200EBC102926902F00F02072AC0F0CD
:10EB4000C08000EB8110417F292940F0BA8090F805
:10EB50001E80C57F90F8206090F8217090F82240C8
:10EB600029208DF8040001A805218DF805808DF875
:10EB700006508DF807608DF8087001F036FCC0B2C1
:10EB8000844240F09E8048EA052040EA064040EA80
:10EB9000076000EE100A9FED521AB8EE400A44F6E4
:10EBA000900020EE010AC2F2000080ED160A44F245
:10EBB0009430C2F2000080EDC80A04B0BDE8F081D4
:10EBC00044F69000C2F20000012104E044F69000F7
:10EBD000C2F20000002180F8281044F29430C2F202
:10EBE000000080F8481104B0BDE8F08144F6300020
:10EBF000C2F200008168C9B200EBC102926902F062
:10EC00000F02072A5DD300EB8110417F422958D1C2
:10EC100090F81E80C57F90F8206090F8217090F8E1
:10EC2000224042208DF8040001A805218DF80580BE
:10EC30008DF806508DF807608DF8087001F0D5FB4F
:10EC4000C0B284423DD148EA052040EA064040EA8D
:10EC5000076000EE100A9FED221AB8EE400A44F653
:10EC6000900020EE012AC2F2000080ED172A44F243
:10EC70009430C2F2000020EE410A80ED852A80ED3A
:10EC8000870A04B0BDE8F08144F63000C2F200000B
:10EC90008168C9B200EBC102926902F00F02072A33
:10ECA0000FD300EB8110417F43290AD1D0F81E0019
:10ECB00043218DF80410CDF8050001A8052101F0CD
:10ECC00094FB04B0BDE8F081C4E9335504B0BDE85D
:10ECD000F0810020C4E9330004B0BDE8F08100BF3A
:10ECE0000AD7233C6F12833A000040C244F29430AA
:10ECF000C2F20000D0F85C31B0F84411032B0DD300
:10ED000011F008020AD1D0F89C2021F00201013252
:10ED1000A0F84411C0F89C20002302E0D0F89C2009
:10ED200001330029C0F85C3118BF7047052A64D848
:10ED300000214AF20022C0F8A410C4F203021368B2
:10ED40009FED2E1A43F0010313604BF61C72C4F2C0
:10ED500003024FF0FF331360D0F8A8200023C0F85F
:10ED6000B8200022C4F27A42C4F2201380F80E11B7
:10ED700080F88410C0F85411C0F8AC10C0E96D23BD
:10ED8000B0F8442180F85E12C0F87812130780F8BA
:10ED90007C125CBF22F00802A0F844210123C0F8D5
:10EDA000501222F00202C0F8441244F2000180F82E
:10EDB0004831A0F84421C4F202010A6841F29213DA
:10EDC00042F400420A6090ED7D0A20EE010ABCEE9A
:10EDD000C00A10EE102A91B29942A0F80C2102D973
:10EDE00041F2931102E0022902D80221A0F80C118D
:10EDF0004AF25800C4F2020001607047D4BC3643A6
:10EE00002DE9F04F81B02DED068B48F21000C4F2D1
:10EE1000000050F8041C890544BF01685FEA815175
:10EE200004D4BDEC068B01B0BDE8F08F4FF4007147
:10EE300044F294390160C2F2000999F8C80238B965
:10EE400041F20400CEF2000000210160C9F8B412C2
:10EE500040F22000C2F20100B0F9000040F21802B6
:10EE600000EE100A40F20800C2F20100B8EEC01A2B
:10EE7000B0F90000C2F2010200EE100A89ED141A86
:10EE80009FEDE62AB8EEC00A99F8180099F83C10F0
:10EE9000B2F9002020EE020A013002EE102A09EB3E
:10EEA0008102013100F0030001F0030189ED020A43
:10EEB00089F81800B8EEC22A89F83C1040F2100117
:10EEC0009FEDD73AC2F201019FEDD64AB1F9001089
:10EED00022EE032A82ED082A32EE049A02EE101A7C
:10EEE00089ED079AB8EEC22A22EE032A99ED1A3A62
:10EEF00032EE042AB6EE084A23EE043A32EE032A32
:10EF00009FEDC93A89ED1A2A22EE032A9FEDC73AEE
:10EF100099ED1B5A32EE032AB5EE402A25EE043A4B
:10EF20009FEDC3AAF1EE10FA33EE093AB5EE004AAE
:10EF3000B8BFB0EE4A2A89ED1B3A23EE043A012805
:10EF400089ED7D3A89ED7E2A20D000284DD199EDBA
:10EF5000112AB6EE0E3A22EE032A9FEDB63A32EEB1
:10EF6000011A21EE032A89ED102A9FEDB32A9FEDA5
:10EF7000B33A89ED111A21EE021A31EE031ABDEEF1
:10EF8000C11A11EE100A89F8480099E040F2000019
:10EF9000C2F20100B0F900009FEDA92A01EE100AAB
:10EFA000B8EEC11A99ED163A9FEDA64A21EE021A63
:10EFB00023EE042A9FEDA43A31EE021A21EE032A31
:10EFC00089ED152A9FEDA12A9FEDA13A21EE022A93
:10EFD00032EE032A9FED9F3A89ED161A22EE011AAE
:10EFE00031EE031A89EDB41A6AE0032868D199F862
:10EFF0000003002864D1D9F8FC0201300628C9F8C2
:10F00000FC025DD346F20400C4F20200006899F8E5
:10F01000F41260F3000145F2000089F8F412C4F222
:10F020000200406860F3410144F2000089F8F412E4
:10F03000C4F202004068C00960F382014FF0FF3063
:10F0400050FA81F0062889F8F41209D8DFE800F0B8
:10F05000040B10151A1F24000120C0F20A001FE043
:10F060004FF420201CE00120C0F20A00013017E01C
:10F070000120C0F20A00023012E00120C0F20A00B2
:10F0800003300DE00120C0F20A00043008E0012046
:10F09000C0F20A00053003E00120C0F20A00063089
:10F0A000C9F8F802012089F800034EF20010CEF2F0
:10F0B00000004FF40061016099ED020A99ED079A92
:10F0C0009FED651A9FED652A20EE010A99F94850D7
:10F0D00030EE028ABFEE000A89ED018A89ED3D9A81
:10F0E00089ED2C8A39EE000A002D48BFB0EE409A17
:10F0F000B5EE409A99F97002F1EE10FAB8BFB0EE91
:10F100004A9A002889ED3C9A06D4013018EE102A5C
:10F1100089F8700200F06EBF18EE100A01F083F952
:10F120009FED4F0BD9F8306153EC102B01F080F9B3
:10F13000002818BF701C0B28C9F8300105D3B9F896
:10F14000440140F00100A9F8440199F80EE1BEF134
:10F15000020F26D199ED460AD9F85401B4EE408A3F
:10F160000130F1EE10FA4FF00003C9F85401D9F85C
:10F170003411B8BF4B1C64284FF0000298BF1346EF
:10F18000652BC9F834310AD3B9F844114FF0030E96
:10F1900041F0020189F80EE1A9F8441101E04FF0B5
:10F1A000020EB9F844114A0718D4B3EE020AB4EEBD
:10F1B000409AF1EE10FA2DDDB3EE030AB4EE409A58
:10F1C000F1EE10FA68DDD9F890200132022AC9F870
:10F1D000902024BF0122C9F8942060E0D9F838219A
:10F1E00047F641630132C0F205039A42C9F838215B
:10F1F000C0F08780D9F8A0200132C9F8A02009D238
:10F20000D9F89C2021F004010132A9F84411002111
:10F21000C9E927210021C9F8381172E0B647F13B4E
:10F220000000683BF6288CC03BDF9F3E764F1EBF38
:10F23000000000000000803D17BCE8BA33B318435B
:10F240009A99B93900007E3F0000003C448B70BAA7
:10F250003333233F000050C268918D3FB81E053EF6
:10F26000CDCCCCCCCCCC4C40004856460000C8425B
:10F27000000048426F12833ACDCCCC3D3D8DB03E6C
:10F28000CB3D0DBD000096430000204200004843E6
:10F290000000AA430000A0420022C9F89020D9F83B
:10F2A00038315A1C013BC52BC9F8382110D899F8C0
:10F2B0006872012389F89830002F89F8843019BFCB
:10F2C00042F22403C9F854320023C9F8403202E064
:10F2D000002389F898300B2A13D341F00401A9F8D0
:10F2E000441149F20401C4F2030140F63E320A60BF
:10F2F0004FF08341C9F8EC100021C9F83811C9F862
:10F30000901000EE105AB8EEC00A99ED4A1AB4EE09
:10F31000401AF1EE10FA0DDABEF1020F0FD1D9F852
:10F320003C11652908D3B9F8441141F00801A9F846
:10F33000441104E0002100E00131C9F83C11B9F8A2
:10F3400044110A0719D599ED4B1A0022B4EE401A60
:10F35000F1EE10FA0FDD99F8483163B1D9F8402188
:10F36000652A07D321F008010022A9F84411C9F841
:10F370003C2100E00132C9F8402146F20402C4F207
:10F3800002021268120416D499F873220132D3B221
:10F390000B2B89F873221AD3AEF101030022012B43
:10F3A000A9F8722213D8B9F8A42011430FD1012172
:10F3B00089F874120BE099F871120131CAB2332A3C
:10F3C00089F8711224BF4FF48071A9F8711245F2C7
:10F3D000000CC4F2020CDCF80420D20603D4002294
:10F3E00089F890220EE0D9F88C2241F2893301325B
:10F3F0009A42C9F88C2205D3012289F89022002272
:10F40000C9F88C22AEF101024BF61C78012AC4F235
:10F41000030833D899ED611A1FED6D0A99ED732A2F
:10F42000B2EE043AB4EE401A31EE034AF1EE10FAAD
:10F43000B0EE401AB4EE402AB8BFB0EE441AF1EE76
:10F4400010FAB0EE404A89ED611A32EE035AB8BFA5
:10F45000B0EE454ABEF1010F89ED734A49D1002251
:10F460000023C4F2C822C4F248231FED802A1FEDF6
:10F47000805AC9F8FC21C9F8003242E00025002674
:10F480000C204FF098414FF04C430022C4F2C825A5
:10F49000C4F2A00689F87401C9F86021C9E95E21A7
:10F4A000C9E96032C9E96222C9E96D5689F8BC012F
:10F4B00044F26800C2F20000C9F8A821C9E970212D
:10F4C000C0E90D22C0E90F22322042F22401C9E92D
:10F4D0007232C9E9742289F88420C9F84022C9E946
:10F4E000951089F86822BEF1030F40F2628300F0A4
:10F4F00062BCD9E9C72302EE102A05EE103AC9E929
:10F500007F2399ED7D6A99ED7E7AD9ED820A37EEF7
:10F51000466A25EE065A89ED7C6A22EE062A30EE0E
:10F52000855AB1EE046A4FF07C52B4EE465AC9F8DF
:10F5300014224FF03F42F1EE10FAC9F81C2289ED77
:10F540008B2A89ED825A06DCB9EE046AB4EE465A7B
:10F55000F1EE10FA03DAB0EE465A89ED826A1FED39
:10F56000BB6A35EE022A22EE062AB6EE005AB4EE47
:10F57000452AF1EE10FA89ED862A06DCBEEE005A25
:10F58000B4EE452AF1EE10FA03DAB0EE452A89ED21
:10F59000865A99ED2B6A89ED422A32EE062A32EE1E
:10F5A000482AB0EEC25ABEF1010F89ED582A89ED02
:10F5B000305A19D0BEF1020F28D11FEDD16AB4EE36
:10F5C000465AF1EE10FA35DDB0EE086AB4EE465A4E
:10F5D000F1EE10FA2CDA1FEDD76A1FEDD77A25EE7F
:10F5E000065A35EE07AA25E0B0EE005AB4EE456A99
:10F5F000F1EE10FA0FDA00220023C4F29632C4F2C0
:10F6000020231FEDE05A1FEDE03A0CE099ED5B5A24
:10F6100099ED5C3A23E000220023C4F24832C4F2A0
:10F6200020131FEDE65AC9F86C21C9F8703116E0B5
:10F63000B7EE00AA1FEDEA5A1FEDEA6A2AEE055A54
:10F6400035EE065A2AEE033AB1EE046A33EE063A74
:10F65000002289ED5B5A89ED5C3AC9F84822D9ED60
:10F66000650A23EE023A99ED5E6A99ED5F7A23EE20
:10F67000203AD9ED601A33EE063AB4EE473A25EE59
:10F68000025AF1EE10FA4FF00003B4EE613A4FF077
:10F69000000789ED675AC8BF0123F1EE10FAB8BF21
:10F6A0000127B4EE473AB8BFB0EE613AF1EE10FA76
:10F6B000C8BFB0EE473A33EE056A3B43B4EE416A49
:10F6C000002283F00107F1EE10FA89F8987189EDB4
:10F6D0005E3A02DD0127002615E099ED631A002746
:10F6E000B4EE416AF1EE10FA4FF00006B4EE416A52
:10F6F000B8BF0127A8BF0126F1EE10FAB8BFB0EEDF
:10F70000416AB0EE461AB5EE405A89F89961F1EEB9
:10F7100010FA4FF00006B5EE403AB8BF0126F1EE00
:10F7200010FA4FF00005B5EE405AB8BF0125F1EED2
:10F7300010FA4FF00001B5EE403AA8BF0121F1EEFA
:10F7400010FAA8BF01229FEDE53A114346EA0502EF
:10F75000B7EE005A1140B0EE436AB0EE457A89F830
:10F760009A1118BFB0EE456A002B18BFB0EE467A6A
:10F77000002F18BFB0EE437A99ED3B6A89ED657AA8
:10F7800099ED6D7AD9ED6E0A76EE492A27EE226A56
:10F7900020EEA27AD9ED770A89ED621A27EE207A57
:10F7A000D9ED701AC9ED6A2A89ED796ABDEEC77A7A
:10F7B000B8EEC77A31EE877AFDEEC71AB8EEE17A75
:10F7C000D9ED710AF4EE470AF1EE10FA06DBD9ED35
:10F7D000720AF4EE470AF1EE10FA05DDBDEEE07AAA
:10F7E00017EE102A002302E011EE902A012307EE03
:10F7F000102A89F8E031B8EEC77A89ED707A36EED2
:10F80000077AB4EE447AF1EE10FA4FF0000702DD09
:10F810000126002515E099ED754A0026B4EE447ADC
:10F82000F1EE10FA4FF00005B4EE447AB8BF0126AD
:10F83000A8BF0125F1EE10FAB8BFB0EE447AB0EEE1
:10F84000474AB5EE406AF1EE10FA4FF0000189F830
:10F85000E151BDEEC44AB8BF0121002A4FF00005B6
:10F860004FF0000048BF0125F1EE10FAA8BF0120BB
:10F87000B2F1FF3FC8BF01273843294300EA010224
:10F8800089F8E22116B19FED955A05E023B992F06F
:10F89000010018BF9FED915A89ED775AB3EE015AD6
:10F8A000B4EE459AB8EEC44AF1EE10FA89ED744A06
:10F8B00008DAD9F88820C92A0AD3012089F819035F
:10F8C000002009E00020C9F8880089F8190305E044
:10F8D000002089F81903501CC9F88800B4EE441AB6
:10F8E000F1EE10FA0ADD44F26800C2F200000021D5
:10F8F000C0E90D11C0E90F11012286E0B4EE441AEF
:10F90000F1EE10FA80F2858044F26800C2F2000045
:10F9100090ED095AD0ED100A90ED084A90ED0A6A70
:10F9200090ED0B7A20EE855AD0ED0D0AD0ED0E1A2F
:10F9300024EE024A20EE866A21EE877AC16B80EDC2
:10F940000F2AB0EE002A37EE066A35EE044AB4EE0E
:10F95000429A34EE464AF1EE10FA80ED0C4A016408
:10F96000C0ED0E0A80ED0D4A13DDB9F80C230B2A09
:10F9700022D3D9F8502242F21170824220D399ED5D
:10F98000C12A9FED575A002232EE052A89EDC12A7D
:10F9900017E0B6EE002AB4EE429AF1EE10FA26DA3B
:10F9A000B9F80E23652A1FD30020C9F80403A9F86B
:10F9B0000C03C9F850021AE0501CA9F80C0305E02A
:10F9C00001320020C9F85022A9F80E0399EDC12A8E
:10F9D000B7EE005AB4EE452AF1EE10FAC4BF4FF06C
:10F9E0007E50C9F8040302E0501CA9F80E0399EDFB
:10F9F000C12A002224EE022A32EE014AB5EE404A24
:10FA0000F1EE10FAB8BFB0EE434A89ED904A89F89A
:10FA10008420B0EE001AB4EE419AF1EE10FA13DA37
:10FA2000B6EE001AB4EE419AF1EE10FA1BDAD9F8EC
:10FA30006422C92A39BF501CC9F86402002089F821
:10FA40005E0209F518720CE0D9F86022C92A03D3C6
:10FA5000012089F85E0202E0501CC9F8600209F535
:10FA600019720020106099ED901AB5EE401AF1EE6F
:10FA700010FABEBF0020C9F84002B0EE431ABEF132
:10FA8000010F1DD199F88400D0B9B4EE401AF1EEFF
:10FA900010FA1ADC9FED130AB4EE401AF1EE10FAD8
:10FAA0004DDDBCEEC10A4FF6104110EE100ABCEE5F
:10FAB000C10ACFF6FF7189ED950A01EB50023CE0D7
:10FAC000B4EE401AF1EE10FA16DD43F29250C9F886
:10FAD0005402052341F2D9624DE000BF000000004E
:10FAE000CDCCCC3D0000164600900046295CA844D1
:10FAF000DCFDA83E00C01B441FED050AB4EE401A11
:10FB0000F1EE10FA40F31081BCEEC10A10EE100ABB
:10FB100042F22401884288BF014643F2925081425A
:10FB200028BF01464FF61040CFF6FF7000EB5102A0
:10FB3000C9F85412642A98BF642204231BE01FED05
:10FB4000150A4FF41650B4EE401AF1EE10FAC9F847
:10FB5000540240F3FF801FED1A0A1FED1A2A21EE0E
:10FB6000000A30EE020ABDEEC00A10EE102A642A26
:10FB7000D8BF64220323C9F85822052289F86832C5
:10FB8000A9F85C22BEF1000F19D0BEF1030F00F0FE
:10FB9000128158F8040C40F0300048F8040C0120A1
:10FBA00089F8A600501EA9F85C02BEF1030F00F20E
:10FBB0000281DFE81EF0040050007A000001D9F84D
:10FBC000780242F21171884205D3012089F87C0243
:10FBD0000020002205E099F87C12421CB1FA81F065
:10FBE00040090028C9F8782240F0348199F872025F
:10FBF000002800F02F8199F89002002800F02A8157
:10FC0000B9F84401002840F0258199F875020028D0
:10FC100000F0208144F2000089ED2B8AC4F202003A
:10FC2000016841F000410160DCF8000040F4006030
:10FC3000CCF80000DCF80400400540F10B81012005
:10FC400089F80E0158F8041C41F0300148F8041CF2
:10FC500089F8A600F5E099F872020121002889F8D8
:10FC600090125DD099F87502002859D0B9F8440176
:10FC7000002855D199ED2A1A99ED2B0AB4EE410AC4
:10FC8000F1EE10FA80F2CE80B0EE001A0FF23040A2
:10FC9000B4EE410AF1EE10FAB8BF043090ED001A4C
:10FCA00031EE000A89ED2B0ACBE099F87202B8B365
:10FCB00099F89002A0B3B9F8440188BB99F875028D
:10FCC00070B3D9F8D80201303328C9F8D80212D35A
:10FCD0000021C4F28811C9F8EC1049F20401C4F201
:10FCE000030140F61B7233280A601EBF0020C9F8CA
:10FCF0009C00C9F8D80299ED7D0A9FEDF01A41F2F7
:10FD0000921220EE010ABCEEC00A10EE101A88B260
:10FD10009042A9F80C1140F2818041F2931092E0D8
:10FD2000032089F80E0195E09FEDE20A42F22400DB
:10FD300040F2363121EE000AC9F85402C9F85812CF
:10FD4000BDEEC00A10EE102A0020A9F8DC2289F8C6
:10FD5000680210E09FEDD80A40F22C40C9F8580222
:10FD6000002021EE000A89F86802BDEEC00A10EEFC
:10FD7000102AA9F8DC2299F8DE32062B06D30F2AC6
:10FD800028BF0F22A9F85C22002002E0B9F85C220B
:10FD9000581C002A89F8DE027FF4F4AE00204FF0F0
:10FDA000FF31A9F85C02C8F80010A9F8A600BEF15E
:10FDB000030F7FF6FEAE4FF0FF30C8F800000020C2
:10FDC000A9F8A600D8F8001041F0C001C8F800104A
:10FDD00044F20001C4F202010A6842F400420A60DF
:10FDE000DCF8001048F2A06241F00061CCF800108D
:10FDF000D9F85811C0F2010201319142C9F85811E5
:10FE000003D9C9F85801FEF771FF99F8740208B3D5
:10FE10000020C9F85801FEF769FF1BE0022814D83A
:10FE2000022010E0D9F8800289ED2B1A01300B284E
:10FE3000C9F8800205D3022089F80E010020C9F814
:10FE400080024FF40960A9F80C014AF25801C4F28B
:10FE50000201086044F2DC63D9E99521C2F2000393
:10FE600001201870322044F2E06700EB520644F2A1
:10FE7000E46044F2F064C2F20007C2F20000C2F291
:10FE800000044FF4907544F2D86B3960066001EBC2
:10FE9000520644F2E86144F2EC6E256042F6AB157E
:10FEA00044F2F46C44F2F86AC2F2000B5308C2F256
:10FEB0000001C2F2000EAA42C2F2000CC2F2000A15
:10FEC000CBF800200E60CEF8002010D341F2B3052D
:10FED000CCF80050464603F590781D44A2F2224229
:10FEE000CAF80080B046954288BF154609E0A3F2E3
:10FEF0002245CCF8005003F59073A2F22245CAF8CF
:10FF0000003044F2FC63C2F200034BF600721D6045
:10FF1000C4F2030215684BF2140645F00D05156096
:10FF200000BF00BF00BF00BF00BF00BFDBF8005034
:10FF3000C4F2030635603F68F76000683061096805
:10FF40007161C6F8005344F2DC65C2F200052D78F9
:10FF5000002D18BF3225C6F80853C6F80C73C6F832
:10FF60001003C6F81413DEF800004FF22051C6F853
:10FF700000042068CFF6FF71C6F80804DCF8000022
:10FF80005050DAF800004FF22451CFF6FF71505074
:10FF900018684FF22851CFF6FF71505000BF00BFD4
:10FFA00000BF00BF00BF00BF106820F00D00106050
:10FFB00000BF00BF00BF00BF00BF00BF99F85E02D6
:10FFC00068B199F8680200F0FE00042807D158F8DB
:10FFD000040C40F0C00048F8040C012006E0D8F8FA
:10FFE000000040F0C000C8F800000020D9F8B020A0
:10FFF00089F8A700B9F80C3144F20071C2F200018F
:020000040801F1
:1000000000EE103A0A60B8EE400AD9F808E1D9E9E2
:100010007D37D9E97F65D9F81442D9E9C70242F2A0
:10002000140CC4F2020C81ED010AC1E90273C1E9AA
:1000300004E4C1E90665C1E90802DCF800004007F4
:1000400013D5DCF8000040F00400CCF8000043F2C7
:100050002000C4F200004CF8141C4CF8100C2C20AA
:100060004CF80C0C01204CF8040C99F8C80200283C
:100070007EF4D7AE41F20400CEF2000000689FED9E
:10008000121AC9F8B802D9F8B802D9F8B412401A4D
:1000900000EE100AB8EE400A89EDAF0A99EDAF0AFA
:1000A000012020EE010A89EDAF0A89F8C802FEF7A7
:1000B000B8BE00BF327D953CF268FE3BD4BC3643EF
:1000C0006F12033B0AD7A33B0BD7A33B10B549F2F2
:1000D0001000C4F2000050F8041C890544BF0168F8
:1000E0005FEA815100D410BD4FF40071016044F209
:1000F0009430C2F2000090F8C81241F2040C0029BA
:10010000CEF2000C1EBF0021CCF80010C0F8B412D3
:1001100090F88410B0F84C2140F6FF7390F80EE18F
:1001200001F001019A4390F8683211440EF0030285
:1001300041EAC20103F0030241EA420190F8A6201D
:1001400090F8A73002F00702B0F8444103F003032F
:1001500041EA421141EA831104F01F0290ED2A0A9C
:1001600041EAC211A0F84C1190ED2C1A90ED322A00
:1001700090ED3F3ABDEEC04A14EE101A80F85011CF
:10018000BDEEC14A14EE101A80F85111BDEEC34AFB
:1001900044F2001214EE101AC2F2000280F852115A
:1001A000917890F8753290ED424A04F00F0401F016
:1001B000E00143EA440334EE024A1943B5EE404AF3
:1001C0009FED805A91709FED7E2AF1EE10FAB8BF34
:1001D000B0EE424A24EE054ABDEEC44A14EE101AAF
:1001E000B2EE044A0B0A23EE043A1371A2F803108C
:1001F000BDEEC33A13EE101A0B0A9371517190F8C9
:100200004810D0F86C32D1715A1C41F288318A42C0
:1002100088BF002290F8E812D0F8EC32C0F86C22C7
:100220004A1C80F8E8225A1C0029C0F8EC2208BFBA
:10023000BEF1020F29D009296DD002296FD0012902
:1002400040F0828090ED3E3A90ED3C2AB6EE0E4AA8
:1002500023EE043A9FED5C4A90ED310A33EE022A18
:1002600022EE043A80ED3E2AB6EE0F2A20EE020A74
:100270009FED562A30EE010A20EE021A80ED3F3A39
:1002800080ED310A80ED321A5EE090EDB51A9FEDF7
:10029000503A44F6900131EE033A9FED4E1AC2F205
:1002A0000001B4EE413AF1EE10FA81ED043A80ED2E
:1002B000463A02DA80ED461A08E09FED471AB4EE9E
:1002C000413AF1EE10FAC8BF80ED461A90ED133AAC
:1002D000BFEE004AB5EE403AB0EE431AF1EE10FA26
:1002E000C8BFB0EE421AB7EE002A31EE022AB5EED0
:1002F000402AF1EE10FAB5EE403AB8BFB0EE441A1B
:10030000F1EE10FA1ADCB5EE402AF1EE10FAB8BFA1
:1003100080ED131A14E0002180F8E81214E046F290
:100320000001C4F202014B689B0434D40B6843F40F
:1003300080430B60002180F8981205E080ED131ACD
:1003400030EE410A80ED2B0A42F210718A4204BF5E
:100350000021C0F8EC1290F8C812002908BF10BDA7
:10036000DCF800109FED1D1AC0F8B812D0F8B812D2
:10037000D0F8B422891A00EE101AB8EE400A80EDC7
:10038000B00A90EDB00A002120EE010A80EDB00A1B
:1003900080F8C81210BDD0F8943241F2893401338C
:1003A000A342C0F89432CFD30B6843F080430B6074
:1003B000012180F898120021C0F89412C4E700BF10
:1003C0000000000000007A440000803D0000003D75
:1003D00000002C4200000242000040420BD7A33B29
:1003E00049F2114CC0F6000C60474BF2312CC0F6BC
:1003F000000C604748F2816CC0F6000C604749F27F
:10040000A97CC0F6000C604749F68D1CC0F6000CB4
:10041000604749F6593CC0F6000C604748F2816CD1
:10042000C0F6000C604748F2737CC0F6000C6047D1
:1004300048F2E56CC0F6000C6047000000000000C8
:1004400000127A0000000000000000000000000020
:10045000000000000000000000000000000000009C
:10046000000000000000000000000000000000008C
:10047000000000000000000000000000000000007C
:10048000000000000000000000000000000000006C
:10049000000000000000000000000000000000005C
:1004A000000000000000000000000000000000004C
:1004B000000000000000000000000000000000003C
:0C04C00000000000000000000000000030
:00000001FF
