:020000040800F2
:1080000000000120C5BC0008BDBC000801920008AA
:10801000B9BC0008998700087DC200080000000074
:10802000000000000000000000000000CDBC0008BF
:10803000F991000800000000C1BC0008D1BC000894
:10804000FD910008FD910008FD910008FD910008D8
:10805000FD910008FD910008FD910008FD910008C8
:10806000FD910008FD910008FD9100089D87000822
:10807000FD910008FD910008FD910008FD910008A8
:10808000FD910008FD910008FD910008FD91000898
:10809000FD910008FD910008FD910008FD91000888
:1080A000FD910008090D0010DD1F0010FD91000872
:1080B000FD910008FD910008FD910008FD91000868
:1080C000FD910008FD910008FD910008FD91000858
:1080D000FD910008FD910008FD910008FD91000848
:1080E000FD910008FD910008FD910008FD91000838
:1080F000FD910008FD910008FD910008FD91000828
:10810000FD910008FD910008FD910008FD91000817
:10811000FD910008FD910008FD910008FD91000807
:10812000FD910008FD910008FD910008FD910008F7
:10813000FD910008FD910008FD910008010000106C
:10814000FD910008FD910008FD910008FD910008D7
:10815000FD910008FD910008FD910008FD910008C7
:10816000FD910008FD910008FD910008FD910008B7
:10817000FD910008FD910008FD910008FD910008A7
:10818000FD910008FD910008FD910008FD91000897
:10819000FD910008FD910008FD910008FD91000887
:1081A000DFF80CD000F0CCF900480047A1CA000865
:1081B0000000012030B504460020034600E05B1CAF
:1081C000934203D2E05CCD5C401BF8D030BD2DE97A
:1081D000F05F0546002092469B468846064681464B
:1081E00040241BE0284641464746224600F0C9F994
:1081F00053465A46C01A914110D31146184622469A
:1082000000F0B0F92D1A67EB01084F462246012015
:10821000002100F0A7F917EB00094E41201EA4F140
:108220000104DFDC484631462A464346BDE8F09F5C
:108230002DE9FE4F804681EA0300C00F0C460090F6
:1082400021F0004123F00045B8EB0200A94105D21E
:108250004046214690461C460B46024623F000400D
:10826000104347D0270DC7F30A00C3F30A51029009
:10827000401A019040286BDAC3F3130040F4801BCE
:108280000098924620B10023D2EB030A63EB0B0B5C
:1082900001985946C0F14002504600F063F9064685
:1082A0000D4650465946019A00F07BF910EB080044
:1082B0006141002487EA115284EAE7731A4340D0EF
:1082C000009A62B3019A012A4FEA075215DC001B9B
:1082D00061EB02014FF0004202EA0752CDE9004291
:1082E000001C41F5801132462B4600F07BF903B0AB
:1082F000BDE8F08F40462146F9E7001B61EB020123
:10830000001C41F5801300185B412018A2F50017EE
:1083100047EB030140EAD570B6196D4111E06D08D5
:108320004FEA360645EAC0754FEA0752001B61EB7B
:108330000201001C41F5801149084FEA3000001984
:10834000514132462B4603B0BDE8F04F00F03BB937
:108350000098012240000023D0EB020263EBE0739F
:10836000009821464FEAE074B8EB000061EB04018D
:10837000E9E783F000435BE781F0004158E72DE92E
:10838000FE4F81EA030404F0004421F00041009410
:108390004FF0000B23F0004350EA01045ED052EA94
:1083A00003045BD0C3F30A54C1F30A552C44A4F26E
:1083B000F3340194A0FB0254C1F3130141F4801182
:1083C000C3F3130343F4801301FB024400FB034E89
:1083D000840A970A44EA815447EA8357A4FB076852
:1083E00002958D0A05FB07854FEA932C04FB0C547C
:1083F0002705029D4FEA065847EA1637B5EB0805F0
:108400006EEB070C870E920E47EA811742EA831241
:10841000A7FB0201B6EB0B0164EB00042B0D43EA52
:108420000C335E1844EB1C50DA465146E7FB020160
:10843000C5F313044FEA0B3343EA14534FEA0432F3
:10844000019C43EA0603A4F10C040294009CCDE9CC
:1084500000B400F0C7F803B0BDE8F08F002001467B
:10846000F9E72DE9F04D81EA030404F0004B21F017
:10847000004514464FF0000A23F0004150EA05027F
:1084800020D054EA01021DD0C5F30A570246C5F3B5
:108490001303C1F31300C1F30A5640F4801543F4EB
:1084A0008013A7EB0608101BD64608F2FD3873EBC5
:1084B000050002D308F1010801E092185B41B8F110
:1084C000000F03DA00200146BDE8F08D00204FF4D4
:1084D0008011064684460EE0171B73EB050705D393
:1084E000121B63EB050306434CEA010C49084FEAF3
:1084F000300092185B4150EA0107EDD152EA0300C7
:1085000012D082EA040083EA0501084305D0101B5B
:10851000AB4106D20122002306E000224FF00043C7
:1085200002E06FF0010253101AEB06004CEB085109
:1085300010EB0A0041EB0B01BDE8F04D00F043B831
:10854000064C074D06E0E06840F0010394E80700A0
:1085500098471034AC42F6D3FFF726FEACF700087C
:10856000ECF70008202A04DB203A00FA02F1002090
:1085700070479140C2F1200320FA03F31943904061
:108580007047202A04DB203A21FA02F000217047CC
:1085900021FA02F3D040C2F120029140084319466B
:1085A0007047202A06DBCB17203A41FA02F043EA53
:1085B000E07306E041FA02F3D040C2F1200291409C
:1085C00008431946704710B5141E73F1000408DA09
:1085D000401C41F1000192185B411A4301D120F087
:1085E000010010BD2DE9F04D92469B4611B1B1FA44
:1085F00081F202E0B0FA80F220329046FFF7B2FF3B
:1086000004460F4640EA0A0041EA0B0153465A4627
:10861000084313D0114653EA010019D0C8F14002B3
:108620005046FFF7AEFF05460E46504659464246B5
:10863000FFF798FF084305D0012004E020463946A3
:10864000BDE8F08D0020054346EAE0762C43374331
:108650000A986305E40AA0EB08000022FD0A44EA38
:1086600047540A3002D500200146E9E701051019F8
:108670006941DDE9084500196941BDE8F04DA2E70F
:1086800010B5431A934209D28318881803E010F8F2
:10869000011D03F8011D521EF9D210BD40EA01036D
:1086A0009B0703D009E008C9121F08C0042AFAD2A8
:1086B00003E011F8013B00F8013B521EF9D210BD56
:1086C000D2B201E000F8012B491EFBD27047002214
:1086D000F6E710B513460A4604461946FFF7F0FFC1
:1086E000204610BD30B5041E71F1000404DB4FF0CC
:1086F0000044404264EB0101141E73F1000405DBE9
:108700001C464FF00043524263EB0403801A994128
:1087100001D2012030BD002030BD0EB540F2334102
:1087200002910021CDE900110A460B46FFF75AFFDE
:1087300003B000BD70B5C1F30A5201F0004500243A
:10874000C1F3130140F2FF3341F480119A4201DA80
:10875000002070BD40F233439A42A2F2334203DC60
:108760005242FFF70EFF00E090402C43F1D0404210
:1087700070BD00F0004230F000400AD0C10D01F59C
:108780006071C0F3160042EA0151C208400711436C
:108790007047002001467047FEE700002DE9F04FCA
:1087A0008FB045F20C06C4F2010656F804ACD6F8B8
:1087B000008041F2400908EA0A0745F20004C4F2C9
:1087C00002093806C4F2010440F1B581802030600E
:1087D00044F21010C2F20000016F11B1016F204687
:1087E000884744F6042BC2F2000BDBF8080000288F
:1087F00040F0A181DBF808000BEBC0004069DBF81A
:10880000082020F060410BEB8210407FB1F5302F43
:1088100000F030814AF65522914204D0202940F0E0
:108820002E81202128E1DBF808000BEB8010407F2F
:10883000412840F02E81DBF808000BEB8010007F10
:10884000022800F06784DBF808000BEB8010007F43
:10885000012840F01E81DBF80820DBF808000BEB54
:10886000C000806910F00F0500F0138144F6540336
:10887000C2F20003187844F6580145F200040028BB
:10888000C2F20001C4F2010440F0AE801878002862
:1088900040F0AA8044F2D5600392C2F20000007852
:1088A00088B102F0FFFD4EF23401CFF6FE71605840
:1088B00020F00100605002F05DFE44F2D56100201E
:1088C000C2F20001087044F6C420C2F20000007831
:1088D00001280AD10020C9F8D00F02F04BFE44F65F
:1088E000C4210020C2F20001087044F20400C2F268
:1088F0000000022101700020CDE905000790CDE9BC
:108900000A000C904FF4E13004900320ADF81500FC
:10891000FF208DF817004CF23140C0F6000008909F
:108920004CF28120C0F60000099002F023FE04A85A
:1089300002F0CAFE4EF23401CFF6FE7160580022FA
:1089400020F0010060504EF20000CFF6FE7021587A
:1089500041F00801215044F654010120C2F2000107
:10896000087044F66B0144F65804C2F20001C2F2EA
:1089700000040A70207044F65600C2F20000028023
:1089800044F66600C2F20000028044F64E0044F64F
:108990006801C2F20000C2F20001028044F65200F7
:1089A0000A8044F66A01C2F20000C2F200010280AD
:1089B00044F650000A7044F66C01C2F20000C2F2A4
:1089C000000102704FF6AA700A800021ADF8340051
:1089D00045F23950CDF83610ADF83A000DA808210F
:1089E00003F04AF8039A2146087801280BEB82101D
:1089F00040F06981039044F65600C2F20000B0F8DE
:108A000000E0681E05F003010328019180F06081F9
:108A10000024019BEBB31FFA8EF50C2D80F0A4828D
:108A2000039844F659012044007FC2F200014855E2
:108A30000EF10105A8B20C2844F65600C2F200005F
:108A4000058040F0988248894A7800F10E0544F686
:108A50006600412AC2F20000058040F09882087842
:108A6000012840F09482A8B2B0F5967F00F28F8280
:108A70000C2580E24FF4302106F040F809E044F282
:108A80009432C2F20002D2F8F822914208BF06F0F6
:108A900035F8DBF8080045F200040130CBF8080097
:108AA000DBF80800C4F2010400281CBF0020CBF84A
:108AB0000800DBF8005044F20000C4F20100DBF8CB
:108AC0000820DBF80810854244F21010C2F20000C2
:108AD00003D0A54240F016835430037E012B13D1FE
:108AE00004230BEBC2020BEB8111037649F219133D
:108AF00014321C31C0F60003C36101614261A868F1
:108B000040F08000A86016E04FF2FE30C0F6000092
:108B100005F0FAFF4FF2F520C0F60000294605F0F7
:108B2000F3FF4FF2A7704FF2A971C0F60000C0F634
:108B3000000105F0E9FF780644BF40203060B80628
:108B400044BF20203060F80644BF10203060380752
:108B50000AD50820306044F21010C2F20000816D86
:108B600011B1816D2046884778070AD5042030600E
:108B700044F21010C2F20000016E11B1016E2046E5
:108B80008847B80744BF02203060D9F8000000F4DD
:108B90007F00B0F5003F17D95FEA8A3019D518F089
:108BA000010016D00120306044F21010C2F2000023
:108BB000052180F8541080F85C1080F86C1080F863
:108BC0007C1080F88C1004E05FEAC8701CBF0120A4
:108BD0003060780544BF4FF480603060B80544BF12
:108BE0004FF400703060F80544BF4FF4807030607F
:108BF000D9F8000000F47F00B0F5403F60D338059D
:108C000044BF4FF400603060F8040DD54FF480503D
:108C1000306044F21010C2F20000D0F8901019B188
:108C2000D0F8901020468847B8040DD54FF4005076
:108C3000306044F21010C2F20000D0F8801019B178
:108C4000D0F8801020468847780344BF4FF4802036
:108C50003060380344BF4FF400203060F80244BF56
:108C60004FF480103060B80244BF4FF40010306001
:108C7000780244BF4FF480003060380244BF4FF4A4
:108C800000003060F80144BF4FF080703060B801E0
:108C900044BF4FF000703060780144BF4FF08060F7
:108CA0003060380144BF4FF000603060F80044BFCE
:108CB0004FF080503060B80044BF4FF0005030603B
:108CC0000FB0BDE8F08F1C30294602F0D5FEE0E67B
:108CD000681A0024029019E044F658004FF0000E84
:108CE000C2F2000080F800E044F65600C2F2000034
:108CF000A0F800E044F66600C2F20000A0F800E030
:108D00002C4602982C1DA0423FF483AE1FFA8EF130
:108D10000C292DD2039844F659022044007FC2F258
:108D2000000250540EF1010188B244F6560344F695
:108D300066050C28C2F20003C2F20005198022D198
:108D400044F65901C2F2000148894A7800F10E0147
:108D5000412A29801FD144F65900C2F20000007850
:108D6000012818D188B2B0F5967F14D80C210AE0FA
:108D700044F656030EF10101C2F2000344F6660503
:108D80001980C2F20005B5F800C0ACF1010082B252
:108D900088B282420ED244F658014FF0000CC2F263
:108DA000000181F800C000212846A3F800C0A5F802
:108DB00000C001E00C282CD2039844F6590E204440
:108DC000407F8AB2C2F2000E01310EF8020088B272
:108DD00041F240090C28C4F2020919801BD144F663
:108DE0005901C2F200014889497800F10E0C41296D
:108DF000A5F800C015D144F65900C2F20000007871
:108E000001280ED11FFA8CF0B0F5967F09D80C21FD
:108E100001E001311980ACF1010082B288B28242D6
:108E20000ED244F658004FF0000CC2F2000080F859
:108E300000C0A3F800C0AE46A5F800C0002102E0C3
:108E40000C282BD2AE46039825462044807F44F65A
:108E500059048AB2C2F200040131A05488B22C46EF
:108E60000C28754619801BD144F65901C2F2000145
:108E70004889497800F10E0C4129A5F800C015D1A8
:108E800044F65900C2F20000007801280ED11FFA02
:108E90008CF0B0F5967F09D80C2101E001311980E2
:108EA000ACF1010082B288B2824211D244F658007D
:108EB00044F656034FF0000CC2F20000C2F2000369
:108EC00080F800C0A3F800C0A5F800C0002105E0AC
:108ED0000C2837D244F65603C2F200030398254605
:108EE0002044C07F44F659048AB2C2F2000401F162
:108EF000010EA0541FFA8EF00C28A3F800E02AD12E
:108F000044F65901C2F200014889497800F10E0C7B
:108F100044F666004129C2F20000A0F800C07FF4C8
:108F2000DBAE44F65900C2F20000007801287FF45D
:108F3000D3AE1FFA8CF0B0F5967F3FF6CDAE4FF072
:108F40000C0E08E044F6560001F1010EC2F20000DA
:108F50002546A0F800E0ACF1010080B21FFA8EF1C6
:108F60008842FFF4B9AECBE644F656000EF1010597
:108F7000C2F20000058044F66600C2F20000B0F8BC
:108F800000E0A9B2AEF1010080B2884214D244F6EA
:108F900058004FF0000EC2F2000080F800E044F6E6
:108FA0005600C2F20000A0F800E044F66600C2F2EB
:108FB00000000025A0F800E0012B3FF46AADA9B243
:108FC0000C292BD2039A601C1044007F44F65902EE
:108FD000C2F2000205F1010C50541FFA8CF00C286B
:108FE00044F65600C2F20000A0F800C01ED150891D
:108FF000517800F10E0E44F666004129C2F20000DD
:10900000A0F800E019D11078012816D11FFA8EF0CF
:10901000B0F5967F11D84FF00C0C07E044F65600DF
:1090200005F1010CC2F20000A0F800C0AEF1010091
:1090300080B21FFA8CF1884215D244F658004FF0E6
:10904000000EC2F2000080F800E044F65600C2F2C2
:109050000000A0F800E044F66600C2F200004FF005
:10906000000CA0F800E0022B3FF413AD1FFA8CF1C6
:109070000C2928D2039AA01C1044007F44F6590200
:10908000C2F2000250540CF1010188B20C2844F6DF
:109090005600C2F2000001801CD15089517800F1C5
:1090A0000E0E44F666004129C2F20000A0F800E06E
:1090B00017D11078012814D11FFA8EF0B0F5967FE1
:1090C0000FD80C2106E044F656000CF10101C2F263
:1090D00000000180AEF1010080B289B28842BFF485
:1090E000D8AC44F658010020C2F20001087044F6E2
:1090F0005601C2F20001088044F66601C2F2000186
:109100000880C6E44FF27E60C0F6000040F2F651DF
:1091100003F0F6FB03F0E2FBB0B584B0044644F282
:109120000000C4F2010044F210158442C2F20005AE
:1091300006D045F20000C4F20100844253D15435F8
:10914000A06820F08000A0606869E0B3206C6969C5
:109150000860606C696948602869A0B345F2000343
:1091600028696A6944F48051C4F20103994204F108
:10917000480125D140F20013C0F20233009340F2BF
:109180000453C0F20673019340F60843C1F2104342
:109190005268029342F21803C4F2300302F00F0245
:1091A00003936B4613F802E0D4F800C07246BEF198
:1091B000080F28BF08225FEA4C3348BF724600E020
:1091C0000022FFF75DFA206840F480102060002044
:1091D000E86101202876A86C18B104B0BDE8B04061
:1091E000004704B0B0BD4FF27E60C0F600004FF4FF
:1091F000186103F085FB000070470000FEE70000E7
:10920000FEE70000B0B5A0F18042A2F560324FEA5F
:10921000B222042A78D200297ED00C78142C80F057
:10922000838091F801C0BCF1040F80F08580032A8F
:1092300088BFB0BD132C98BFBCF1030F00D9B0BDDF
:10924000026852075CBF02685FEA027214D54FF2EF
:10925000E330C0F6000005F057FC3BA005F0A6FE89
:109260004FF2A7704FF2A971C0F60000C0F60001DE
:10927000BDE8B04005F048BC4AF6AB224FEAD40E38
:10928000CAF6AA22AEFB02235A0802EB4202C2EB44
:10929000D40200EB82021C23D2F830E003EA8403FC
:1092A00003249C400CFA03F52EEA040E2C404EEAEF
:1092B00004051563D2F830E08D78033301249C4017
:1092C00005FA03F32EEA040E234043EA0E03136368
:1092D0000C238A8803EA8C031844C0F8A02041F2CA
:1092E0004002C4F202021268C98802F47F02B2F599
:1092F000003F04D96FF3DF31C0F8C010B0BD6FF389
:109300009F31C0F8C010B0BD4FF2C850C0F6000089
:1093100040F2B72103F0F4FA4FF2C850C0F6000053
:109320004FF42E7103F0ECFA4FF2C850C0F6000073
:1093300040F2B92103F0E4FA4FF2C850C0F6000041
:1093400040F2BA2103F0DCFA4144432043616C69E6
:1093500062726174696F6E2063616E277420436F5F
:109360006E666967207768696C6520697427732069
:1093700052756E6E696E67210000000070B5A0F135
:109380008042A2F560324FEAB222042A7ED200293E
:1093900000F084800B78142B80F08880032A88BF2B
:1093A00070BD026852075CBF02685FEA027214D5A2
:1093B0004FF2E330C0F6000005F0A6FB3FA005F039
:1093C000F5FD4FF2A7704FF2A971C0F60000C0F68C
:1093D0000001BDE8704005F097BB4CF6CD42CCF6DD
:1093E000CC42A3FB022C4FEA1C1202EB8202D1F802
:1093F00008E000F5C874A3EB820C04EB0C1541F2F5
:109400004002C5F804E0C4F20202D2F800E08A8902
:109410000EF47F0E16466FF35F364FEA0C13BEF55F
:10942000003F88BF1646AE60E2584E7822F0040234
:1094300006F03F0642EA86028D7891F803E0E2509A
:10944000E25805F01F0522F0080242EAC502E25088
:10945000012202FA0CFCD0F88421BEF1000F0CBFEF
:1094600022EA0C0242EA0C02C0F8842109790029A0
:10947000D0F88C110CBF21EA0C0141EA0C01C0F8B4
:109480008C11E05840F00100E05070BD4FF2C85020
:10949000C0F6000040F2922103F032FA4FF2C850B9
:1094A000C0F6000040F2932103F02AFA4FF2C850B0
:1094B000C0F600004FF4257103F022FA4144432026
:1094C000444D412063616E277420436F6E66696767
:1094D000207768696C6520697427732052756E6EF9
:1094E000696E6721000000002DE9F04784B0044652
:1094F000A0F18040A0F560304FEAB020042880F051
:109500003E810D46002900F04281206840075CBF83
:1095100020685FEA007015D54FF2E330C0F6000016
:1095200005F0F2FA9EA005F041FD4FF2A7704FF250
:10953000A971C0F60000C0F6000104B0BDE8F04714
:1095400005F0E2BAE8684EF6D07AC0F6000A0028C4
:1095500018BF824600200390019048F6000044F2B4
:109560000008C4F20300C4F2020884424FF00F0066
:1095700002901ED048F20040C4F20300844226D07C
:1095800048F20000C4F2030084424ED101AF4FF014
:10959000010940463946CDF8049001F053F8042003
:1095A000019008F58050394601F04CF808260196E4
:1095B00021E0012008F58057019001A9384601F00B
:1095C00041F802204FF004092026019014E001AF79
:1095D0004FF0020940463946CDF8049001F032F8C8
:1095E00046F200001026C4F202003946019601F04E
:1095F00029F880200190474601A9384601F022F859
:109600004C2048F2E471C4F20200C3F6AC7141632D
:10961000016931430161016841EA09010160016AA0
:1096200041F00801016201214163A06840F0080097
:10963000A060A06840F00200A060A06840F00100B7
:10964000A060D4F80003298861F31120C4F8000356
:10965000D4F80003A978EA7861F30300C4F80003A2
:10966000606862F3CF306060A0689AF8001061F320
:109670000510A0604DF24000CFF6FF7058F80000D2
:1096800000F47F00B0F5003F10D944F26430C2F21C
:1096900000000068C00709D09AF80110606800292E
:1096A0000CBF20F4804040F4804060602068400798
:1096B0005CBF20685FEA007007D54FF2E330C0F668
:1096C000000005F021FA3FA02DE761686A7928794A
:1096D00062F30B21AB79EF796160616807F00102F9
:1096E00063F306116160616821F0800141EAC211F3
:1096F0006160297A6268002942F0010308BF22F004
:1097000001036360697A6268002942F0020308BFBE
:1097100022F0020363606168002841F4805208BFB0
:1097200021F480526260206840F00100206044F61D
:10973000C020C2F2000001682269D20519D4026873
:10974000521A642A18D82269D20512D40268521A11
:10975000642A11D82269D2050BD40268521A642AED
:109760000AD82269D20504D40268521A642AE3D9BD
:1097700002E04FF48070206104B0BDE8F0874FF242
:10978000C850C0F6000040F2291103F0B9F84FF2BA
:10979000C850C0F600004FF4957103F0B1F800BF57
:1097A0004144432063616E277420496E69742077B9
:1097B00068696C6520697427732052756E6E696ED6
:1097C00067210000414443204F76657273616D70DC
:1097D0006C652063616E277420436F6E6669672035
:1097E0007768696C6520697427732052756E6E699D
:1097F0006E6721002DE9F041A0F18042A2F56032B0
:109800004FEAB224042C80F08E80002900F093806F
:109810004A78142A80F097800B78102B80F09B8078
:10982000032C88BFBDE8F081132A98BF0F2B01D904
:10983000BDE8F0810468640758D44CF6CD4ECCF6F0
:10984000CC4EA3FB0E4C4AF6AB254FEA9C06D4083F
:10985000CAF6AA2506EB8606A4FB0558A2FB0E5EF7
:109860009B1BCCF3810503EB430300EB85055B00F9
:109870002F6CDBB21F269E4002FA03F3B74333403E
:109880003B432B648369CF784FF0010C07F001074D
:109890000CFA02F69740B34337403B438D78097981
:1098A00083614FEA580303EB4303C3EBD20300EB9E
:1098B00083031C261F6A06EA8206072401F00701BB
:1098C000B440B140A7432140394319624FEA1E1109
:1098D00001EB8101A2EB81010CFA01F1DDB1D0F8BD
:1098E00004211143C0F80411BDE8F0814FF2E330C8
:1098F000C0F6000005F008F91BA005F057FB4FF279
:10990000A7704FF2A971C0F60000C0F60001BDE8D3
:10991000F04105F0F9B8D0F8042122EA0101C0F8BD
:109920000411BDE8F0814FF2C850C0F6000040F2CB
:10993000EF1102F0E5FF4FF2C850C0F600004FF4FF
:10994000F87102F0DDFF4FF2C850C0F6000040F29F
:10995000F11102F0D5FF4FF2C850C0F600004FF4ED
:10996000F97102F0CDFF00BF414443205265677595
:109970006C6172204368616E6E656C2063616E2756
:109980007420436F6E666967207768696C6520692B
:109990007427732052756E6E696E67210000000097
:1099A00010B5A0F18042A2F560324FEAB222042A3B
:1099B00043D2002949D00268520729D442684B7823
:1099C00091F800C063F3D75291F802E0CC7842607E
:1099D0004268BCF1000F6EF353424260426842F4A9
:1099E000803308BF22F480334360026D64F30B229E
:1099F0000265026D0B7922F0C00203F0030342EA14
:109A000083120265026D497961F30402026510BD9B
:109A10004FF2E330C0F6000005F076F80FA005F035
:109A2000C5FA4FF2A7704FF2A971C0F60000C0F658
:109A30000001BDE8104005F067B84FF2C850C0F60D
:109A4000000040F2CD1102F05BFF4FF2C850C0F6AB
:109A500000004FF4E77102F053FF00BF4144432080
:109A6000526567756C617220436F6D6D6F6E206318
:109A7000616E277420436F6E666967207768696C32
:109A80006520697427732052756E6E696E672100B8
:109A90002DE9F04184B0002800F0B48044F2101E9B
:109AA000C2F2000E9EF8542045F20008012AC4F2CA
:109AB000010847D1D8F80020920500F1A0800322C8
:109AC00000238EF85420CEF85830D8F80020002912
:109AD00022F48052C8F800200268C8F88820426842
:109AE000C8F88C2000F0828040F20012C0F20232EE
:109AF000009240F20452C0F20672019240F608420F
:109B0000C1F210424068029242F21802C4F23002DE
:109B100000F00F0003926A46165CD8F80020304629
:109B2000082E28BF0820520348BF30460330B3EB4D
:109B3000900F5BD08008421E032A00F0030C18D25D
:109B4000002333E04FF2FE30C0F6000004F0DCFFEB
:109B500030A0414604F0D8FF4FF2A7704FF2A97130
:109B6000C0F60000C0F6000104B0BDE8F04104F00A
:109B7000CBBFA0EB0C000023302208F1900500BF02
:109B80000E6802EA8307EE514E683C1D2E518C6828
:109B900007F10806AC5101F11006C96807F10C0481
:109BA0000433295198423146EAD13146BCF1000FC5
:109BB0001CD0086803F00F0208EB8202BCF1010F11
:109BC000C2F8900012D0581C4A6800F00F0008EB51
:109BD0008000BCF1020FC0F8902007D0981C896863
:109BE00000F00F0008EB8000C0F89010D8F80000DB
:109BF00040F40070C8F8000001208EF8540004B052
:109C0000BDE8F0814FF27E60C0F6000040F2D7312F
:109C100002F076FE546869732043414E5B3078252C
:109C20003038785D205054422054782069736E2774
:109C30007420696E205245414459207374617465E3
:109C40002C2063616E2774207374617274205478C1
:109C5000210A000010B5A0F18042A2F568324FEA57
:109C60003222092A7ED2002900F083805C2248F249
:109C7000E473C4F20202C3F6AC735362136843F494
:109C800080731360136943F020031361012353624F
:109C9000036841F2400223F00103C4F202020360B0
:109CA000136803F47F03B3F5003F14D944F264331F
:109CB000C2F200031B685B0712D54B7A1268002BB7
:109CC00002F47F0246D0B2F5003F09D9026842F49F
:109CD0000062026004E002688B7963F3CB220260C9
:109CE0000268CB7922F0C00203F0030342EA831238
:109CF000026002680B7A63F3C302026002680B79A8
:109D000091F800E063F3051291F801C0CC7802608D
:109D100002684B79BEF1000F63F30A2202604460CF
:109D2000826842F0010308BF22F001038360826869
:109D3000BCF1000F42F0020308BF22F0020383606F
:109D400089780268002942F4805308BF22F48053C6
:109D5000036010BDB2F5003FC2D9026822F4006270
:109D60000260BDE74FF2F560C0F60000432102F04B
:109D7000C7FD4FF2F560C0F60000442102F0C0FDBF
:109D800080B506283AD244F2B822C0EBC001C2F234
:109D9000000202EB810111F8042FD2B142F200025D
:109DA000C4F2020242EA4010026922F0010202619A
:109DB00001220A70C16821F48061C160C16821F488
:109DC0008071C160C16821F40071C16007214161E7
:109DD00080BD4FF2D730C0F6000004F095FE0BA016
:109DE00005F0E4F84FF2A7704FF2A971C0F6000039
:109DF000C0F60001BDE8804004F086BE4FF28D50F1
:109E0000C0F6000040F23A2102F07AFD4368616E2C
:109E10006E656C20737461746520697320696E20AF
:109E20005265736574210000B0B541F25C04C4F260
:109E3000020421684FF6FF72080C8002B2EB114F4A
:109E400008BF4FF48020B0F5003F08D0B0F5802F58
:109E500040F0B68043F20000C4F20200006C00F053
:109E600017FAB8B14FF2EF30C0F6000004F04CFE24
:109E70004FF2C340C0F6000005F098F84FF2A7700B
:109E80004FF2A971C0F60000C0F6000104F03CFEDC
:109E90000120B0BD21684FF6FF72080C8002B2EBC2
:109EA000114F08BF4FF48020B0F5003F08D0B0F547
:109EB000802F40F08D8043F20000C4F20200006C5D
:109EC00000F0E6F9C8B14FF2EF30C0F6000004F040
:109ED0001BFE4FF2C340C0F6000005F067F84FF2DA
:109EE000A7704FF2A971C0F60000C0F6000104F09F
:109EF0000BFE002585F00100B0BD54F81C0C43F2A8
:109F0000000400F47F00B0F5003FC4F202040ED854
:109F1000206C00F07060B0F1206F08D1206C00F070
:109F2000704000F1C040B0FA80F0400900E000202D
:109F3000216A21F4401121622168B1F1FF3F0CDC5C
:109F4000616A43F6AC7262F30F016162616A48F2C2
:109F5000E47262F30F0161622168216A00286FF3E5
:109F600012010CBF41F01F0041F03F002062206849
:109F7000012540F002002060012000F0FBF9A0B1B3
:109F80004FF2EF30C0F6000004F0BEFD14A01F2118
:109F900004F0BAFD4FF2A7704FF2A971C0F60000AD
:109FA000C0F6000104F0B0FD00252068002804D4AC
:109FB000206840F000402060206885F00100B0BDBE
:109FC0004FF20360C0F600004FF47C7102F098FC81
:109FD0004FF20360C0F6000040F2B33102F090FC93
:109FE000536563746F722045726173652065727288
:109FF0006F7220617420536563746F72206E756D8B
:10A000006265722025752121210A00002DE9F041A9
:10A0100041F24004C4F20204E1694FF6FF72080CF9
:10A020008002B2EB114F08BF4FF48020B0F5F83F2B
:10A0300040F2B0804FF2FF01C0F20101884240F2CD
:10A04000B18000F025F9C0B14FF2EF30C0F600004A
:10A0500004F05AFD4FF2C340C0F6000004F0A6FF22
:10A060004FF2A7704FF2A971C0F60000C0F60001D0
:10A0700004F04AFD0020BDE8F081206843F20006AC
:10A0800000F47F00B0F5003FC4F202060ED8306C39
:10A0900000F07060B0F1206F08D1306C00F07040BB
:10A0A00000F1C040B0FA80F0400900E000203168C3
:10A0B000B1F1FF3F0CDC716A43F6AC7262F30F0141
:10A0C0007162716A48F2E47262F30F017162316881
:10A0D00040F2000844F2B817CFF6F8784FF00004C9
:10A0E000C2F20007E0B100BF385939193061486841
:10A0F00004F5F8357061306A00EA0800284380F4FE
:10A1000000303062306840F001003060002000F024
:10A1100031F900BB0834B4F5807FE5D118E000BF09
:10A12000385939193061486804F5F8357061306A7A
:10A1300000EA080028433062306840F001003060D7
:10A14000002000F017F930B90834B4F5807FE7D16A
:10A150004FF4807413E04FF2EF30C0F6000004F0CB
:10A16000D3FC14A0294604F0CFFC4FF2A7704FF2A5
:10A17000A971C0F60000C0F6000104F0C5FC30680B
:10A18000002804D4306840F0004030603068204639
:10A19000BDE8F0814FF20360C0F600004FF45B7140
:10A1A00002F0AEFB4FF20360C0F6000040F26D31EA
:10A1B00002F0A6FB50726F6772616D206572726F5C
:10A1C0007220617420616464726573732030782535
:10A1D0003038782121210A00B0B541F25C00C4F288
:10A1E000020001684FF6FF72080C8002B2EB114FBB
:10A1F00008BF4FF48020B0F5F83F38D94FF2001176
:10A20000C0F2010188423AD34FF2000E44F2B81274
:10A210004FF2FF0C0020C0F6010EC2F20002C0F6A1
:10A22000010C00BF10F80E10135C994218BFB0BDAE
:10A2300000EB0E03111813F8014F4D78AC4210D10A
:10A2400013F8014F8D78AC420DD113F8014FC97846
:10A250008C420AD1634500F10400E3D14FF48070D1
:10A26000B0BD0130B0BD0230B0BD0330B0BD4FF263
:10A270000360C0F6000040F25A4102F041FB4FF289
:10A280000360C0F6000040F25B4102F039FB0000C1
:10A2900080B581B044F6C02CC2F2000C0020DCF87E
:10A2A00000E08DF8030041F24000C4F202000068B3
:10A2B00000F47F00B0F5003F43F20800C4F2020052
:10A2C00039D900BF50F8083C50F8081CDB4323EA9A
:10A2D000510150F8043C50F8042C994321EA5201F2
:10A2E0000268036821EAD201DA4301EAD2718DF8EB
:10A2F0000310DCF80010A1EB0E01B1F5967F33D806
:10A300009DF80310C907DDD00168490703D1016832
:10A3100011F4E06F2BD0072101604FF4E061016080
:10A32000012001B080BD00BFDCF80010A1EB0E01E0
:10A33000B1F5967F18D850F8081CC907F4D150F829
:10A34000081C8907F0D450F8041CC907ECD150F858
:10A35000041C89075CBF01685FEA0171E4D40168ED
:10A36000490704D00721DAE7032001B080BD0020AF
:10A3700001B080BD10B541F2400C44F6C02EC4F2CD
:10A38000020CC2F2000E43F20801DEF80020DCF8F5
:10A390000030C4F202010C6803F47F03B3F5003F00
:10A3A00004F0070305D94BB1072008604FF4E060C3
:10A3B00001E02BB307200860012010BD50B1013827
:10A3C00072E000BF51F8080CC00700F097800868E1
:10A3D0004007E9D1086810F4E06FE5D1DEF800002D
:10A3E000801AB0F5967F00F28B80DCF8000000F454
:10A3F0007F00B0F5003FE5D908680028E2D5E6E720
:10A4000050B1013821E000BF51F8080CC00700F03E
:10A41000758008684007CDD1DEF80000801AB0F5DD
:10A42000967F00F26D80DCF8000000F47F00B0F54C
:10A43000003FE9D908680028E6D5EAE751F8043C6E
:10A440009B075BD50B685B07B4D1DEF800309B1A25
:10A45000B3F5967F54D8DCF8003003F47F03B3F5EE
:10A46000003F02D90B68002BECD4042846D8DFE863
:10A4700000F0080D03040400E0E70B681B07E1D4BB
:10A480003CE051F8083C9B07DCD437E051F8043C31
:10A49000DB07D7D132E051F8043C9B072ED500BF33
:10A4A0000B685B077FF480AF0B6813F4E06F7FF4F9
:10A4B0007BAFDEF800309B1AB3F5967F20D8DCF82E
:10A4C000003003F47F03B3F5003F02D90B68002B83
:10A4D000E6D4042812D8DFE800F0080D03040400D5
:10A4E000D9E70B681B07DBD408E051F8083C9B0751
:10A4F000D6D403E051F8043CDB07D1D1002010BDD5
:10A50000032010BD5FEA004C00F09480C10745F2C3
:10A510002001C4F202012AD182072FD4420734D489
:10A52000020739D4C2063ED4820643D4420648D438
:10A5300002064DD4C20552D4820557D442055CD4DC
:10A54000020561D4C20466D482046BD4400404D5ED
:10A5500048680E2262F31B604860BCF1000F58BFD0
:10A56000704748680E2262F31F70486070470B689E
:10A570000E2262F303030B608207CFD50A680E2315
:10A5800063F307120A604207CAD50A680E2363F311
:10A590000B220A600207C5D50A680E2363F30F3247
:10A5A0000A60C206C0D50A680E2363F313420A602C
:10A5B0008206BBD50A680E2363F317520A6042066F
:10A5C000B6D50A680E2363F31B620A600206B1D592
:10A5D0000A680E2363F31F720A60C205ACD54A688D
:10A5E0000E2363F303024A608205A7D54A680E234F
:10A5F00063F307124A604205A2D54A680E2363F34B
:10A600000B224A6002059DD54A680E2363F30F3280
:10A610004A60C20498D54A680E2363F313424A6025
:10A62000820493D54A680E2363F317524A604004AC
:10A6300093D58DE74FF2B960C0F60000E12102F03A
:10A640005FF900002DE9F04F81B00446A0F1804091
:10A65000A0F510304FEA3030062880F0D3808A46CB
:10A66000002900F0D680DAF800300021B1EB134F5A
:10A6700040F0C18099B2002900F0BD80052800F2A9
:10A68000A08004F1240C04F1200B4FF000094FF0DE
:10A6900001084FF0000E002608FA06F10B405BD0CF
:10A6A0009AF80410481E0F2860D26046082E38BF62
:10A6B0005846026809F01C070F25BD40B940AA435F
:10A6C0002940114301609AF808000028A06B14BFCC
:10A6D00040EA030120EA0301A1639AF80700002879
:10A6E000A06C14BF18439843A064206B9AF805200F
:10A6F000032102F0030201FA0EF102FA0EF288437E
:10A7000011400843206341F24000C4F20200006897
:10A7100000F47F00B0F5003F1ED944F26430C2F26D
:10A7200000000068000617D59AF80930DAF8001022
:10A73000D807206C0CBF20EA010840EA0108C4F8E1
:10A7400040809807206C4FF001084FEA014154BF48
:10A7500088430843206400BF0F2E32D0DAF800305F
:10A7600001360EF1020E09F1040995E761BB60465E
:10A77000082E38BF5846D0F8008009F01C010F227F
:10A7800002FA01F128EA010101609AF806104FF07F
:10A7900001080029A9D0D4F81480032001F0030196
:10A7A00000FA0EF001FA0EF128EA0008084040EA2B
:10A7B00008006061A36120694FF00108184320611F
:10A7C00093E701B0BDE8F08F15A004F09DF99AF869
:10A7D000043017A02146324604F096F94FF2A770D4
:10A7E0004FF2A971C0F60000C0F6000101B0BDE84B
:10A7F000F04F04F089B94FF2B960C0F6000048216B
:10A8000002F07EF84FF2B960C0F60000462102F077
:10A8100077F84FF2B960C0F60000472102F070F8F7
:10A820005B45404750494F204C4C5D2000000000E4
:10A830004750494F2D5B3078253038785D2050697E
:10A840006E2D5B25645D20616C7465726E6174654C
:10A850002066756E6374696F6E205B25645D20638E
:10A860006F6E666967204572726F722121210A003E
:10A8700070B5002900F0D5804BF2001CC4F2030C27
:10A880000A690CEB00239A634A69DA63D3F870E033
:10A890000A7E62F3000EC3F870E0D3F870E04A7EDF
:10A8A00062F3C30EC3F870E0D3F870E08A7E62F3FF
:10A8B000420EC3F870E0D3F870E00C7B4EF040021B
:10A8C0004D7B002C08BF2EF040021A671A6F002D36
:10A8D00042F0200408BF22F020041C670A6A4BF6ED
:10A8E000047E1A644A6AC4F2030E5A641A6F91F81D
:10A8F000285065F310421A671A6F91F8295065F3D2
:10A90000D3421A671A6F91F82A5065F352421A67B8
:10A91000CA7E1D6F002A45F4800408BF25F4800418
:10A920001C670A7F1C6F002A44F4001508BF24F43A
:10A9300000151D671A6FCC7A22F0605204F00704EC
:10A9400042EAC4621A674C7A1D6F002C45F08046BB
:10A9500008BF25F080461E6703F170020B7A0124C0
:10A96000002B04FA00F3DEF800400CBF24EA0303D6
:10A970002343CEF800308B7A1668002B46F0007522
:10A9800008BF26F0007515600CEB0020426F0E78B2
:10A9900042F001034D788C7891F803C0002E08BF77
:10A9A00022F001034367426F002D42F0020308BF0B
:10A9B00022F002034367426F002C42F0040308BFF9
:10A9C00022F004034367426FBCF1000F42F008031A
:10A9D00008BF22F0080343670A79436F002A43F057
:10A9E000100608BF23F0100646674A79436F002A15
:10A9F00043F0200608BF23F0200646678A79436F9C
:10AA0000002A43F0400608BF23F040064667C97994
:10AA1000426F002942F0800308BF22F080034367A1
:10AA200070BD4FF24160C0F600004FF4CB7101F0F1
:10AA300067FF0000B0B5002900F0338109286FD10D
:10AA40004BF20000C4F20300C2688B68520A62F342
:10AA50005F23C3604FF6FF73C268C8F2000303F1BF
:10AA6000FC4302EA030CCB680022C0F2FF121A403A
:10AA70006244C26002680B7C63F3020202600268F7
:10AA80004B7C63F3C30202604A790B788261CA8807
:10AA90004261026822F0404242EA8372026091F809
:10AAA00003C00368BCF1000F43F0100208BF23F09D
:10AAB0001002026091F802C00368BCF1000F43F479
:10AAC000806208BF23F48062026091F801C00368CD
:10AAD000BCF1000F43F4006208BF23F4006202607F
:10AAE00091F804C0D0F8903FBCF1000F43F48032DD
:10AAF00008BF23F48032C0F8902F0268CB7C22F08C
:10AB0000C00203F0030342EA831202608A7C0168F8
:10AB1000002A14BF41F0200121F020010160B0BDE6
:10AB2000082880F0C5804BF2000CC4F2030C0CEB3B
:10AB30000023D3F80CE18C684FEADE3262F3DF3495
:10AB4000C3F80C41D3F80C21CC8964F31E42C3F83E
:10AB50000C21D3F800210C7C64F30202C3F800211D
:10AB6000D3F800214C7C64F3C302C3F800214A7976
:10AB700091F803E0C3F81821CA88BEF1000FC3F8AA
:10AB80001421D3F8002142F0100408BF22F0100471
:10AB9000C3F8004191F802E0D3F80041BEF1000F84
:10ABA00044F4806208BF24F48062C3F8002191F865
:10ABB00001E0D3F80041BEF1000F44F4006508BF86
:10ABC00024F40065C3F8005103F580720B794FF44B
:10ABD0000035002B05FA00F3DCF8905F0CBF25EA86
:10ABE00003032B43CCF8903FD1E906530CEB002034
:10ABF000C0F85451C0F85831106891F8203063F310
:10AC0000492010601068CB7C20F0C00003F00303E3
:10AC100040EA83108D7C10601068002D40F0200306
:10AC200008BF20F020031360106891F8253020F051
:10AC3000704040EA03701060106891F8263063F3AA
:10AC400011401060106891F8273063F39340106052
:10AC500091F821001368002843F4807508BF23F49D
:10AC60008075156091F822001368002843F4801560
:10AC700008BF23F48015156091F82300136800289D
:10AC800043F4001508BF23F40015156091F8241053
:10AC90001068002914BF40F4800020F48000106088
:10ACA000B0BD4FF24160C0F60000F42101F028FE73
:10ACB0004FF24160C0F6000040F6B80101F020FEFE
:10ACC000B0B5002900F0CD8009282BD14A884BF27D
:10ACD0000000C4F20300C2618A880262CA8842622C
:10ACE0000A898262026891F800C042F0007391F80C
:10ACF0000AE0CC7ABCF1000F08BF22F000730360B9
:10AD00000168BEF1000F41F0006208BF21F000624F
:10AD100002600168002C14BF41F0806121F0806165
:10AD20000160B0BD082880F0A4804BF200034A887F
:10AD3000C4F2030303EB0020C0F81C218A88C0F88A
:10AD40002021CA88C0F824210A89C0F82821D0F817
:10AD500000210C7842F0007391F80AC091F80BE0E2
:10AD60000D7B002C08BF22F00073C0F80031D0F832
:10AD70000021BCF1000F42F0006308BF22F0006325
:10AD8000C0F80031D0F80021BEF1000F42F080631E
:10AD900008BF22F08063C0F80031D0F80421002DF4
:10ADA00042F4803308BF22F48033C0F804314A7B78
:10ADB000D0F80431002A43F4003508BF23F40035ED
:10ADC000C0F804518A7BD0F80431002A43F480256E
:10ADD00008BF23F48025C0F80451CA7BD0F80431A1
:10ADE000002A43F4002508BF23F40025C0F80451CD
:10ADF0000A7CD0F80431002A43F4801508BF23F4FC
:10AE00008015C0F804514A7CD0F80431002A43F47C
:10AE1000001508BF23F40015C0F804518A7CD0F84F
:10AE20000431002A43F4800508BF23F48005C0F8EC
:10AE30000451CA7CD0F80431002A43F4000508BF4D
:10AE400023F40005C0F804510A7DD0F8041100F580
:10AE50008270002A14BF41F0807121F0807101607E
:10AE6000B0BD4FF24160C0F600004FF4847101F0B4
:10AE700047FD4FF24160C0F6000040F6221101F09C
:10AE80003FFD00002DE9F04F85B041F26C01C4F2A6
:10AE9000020151F80C0C0022C4F20202009051F899
:10AEA0004CEC106848F2E470C3F6AC70C2F8800055
:10AEB00048F2E47041F8280C48F63D2041F8280C8F
:10AEC00041F6EC1041F8280C51F80C0C032340F427
:10AED000005041F80C0C51F80C0C4EF6FC5940F4A3
:10AEE000805041F80C0C51F84C0CCEF2000940F4A3
:10AEF000807041F84C0C51F84C0C41F2002C63F37B
:10AF00008E2041F84C0CD9F80000D9F8007041F2BD
:10AF1000000347F08077CEF20003C9F800700027E5
:10AF20005F601C689FEDBF0AC0F27A0C44F0010418
:10AF30001C6000BF5C680D68664615F5807F3CBFED
:10AF40000D682E0A01EE106AB8EE411A21EE001AC1
:10AF5000BCEEC11A11EE105AAC42EBD348F2001409
:10AF600048F22135C4F20304C0F2800544F8FC5CC9
:10AF70002B2544F8F85C002544F8E85C202544F8CB
:10AF8000D85C112544F8C05C6FF0FF05665900F0ED
:10AF9000807846F00100605154F8F00CC0055CBFA9
:10AFA00054F8F00C5FEAC05007D454F8F00CC00518
:10AFB00003D454F8F00CC005EED56FF0FF0025580F
:10AFC00045F004052550206840F40030206000BFA3
:10AFD000206880035CBF20685FEA803005D4206869
:10AFE000800302D420688003F2D554F8AC0C2568A5
:10AFF000122645F40035256051F84C5C9FED8A0A15
:10B0000066F38E2541F84C5C156845F400351560F3
:10B01000156825F000451560156825F44075156024
:10B02000156845F00045156000255D601D6845F018
:10B0300001051D605E680D68674615F5807F3CBFA1
:10B040000D682F0A01EE107AB8EE411A21EE001AAF
:10B05000BCEEC11A11EE105AAE42EBD354F8AC5C00
:10B0600000EBD070A5EB600ABAF1000F48BFCAF13F
:10B07000000ACDF804A02568012645F400352560B6
:10B080001568401025F000451560156866F3092520
:10B090001560156845F00045156000255D601D6868
:10B0A00045F001051D6000BF5E680D68674615F537
:10B0B000807F3CBF0D682F0A01EE107AB8EE411A6E
:10B0C00021EE001ABCEEC11A11EE105AAE42EBD3BB
:10B0D00054F8AC5C0226B5EB000B48BFCBF1000B7B
:10B0E000CDF808B0256845F400352560156825F0D1
:10B0F00000451560156866F309251560156845F06B
:10B100000045156000255D601D6845F001051D6066
:10B110005F680D68664615F5807F3CBF0D682E0A96
:10B1200001EE106AB8EE411A21EE001ABCEEC11A07
:10B1300011EE105AAF42EBD354F8AC5C2F1A48BF53
:10B140007F420397256845F400352560156825F092
:10B1500000451560156845F440751560156845F0A3
:10B160000045156000255D601D6845F001051D6006
:10B170005E680D6815F5807F65463CBF0D682D0A39
:10B1800001EE105AB8EE411A21EE001ABCEEC11AB7
:10B1900011EE105AAE42EBD354F8AC6C351A48BFDE
:10B1A0006D4204952068D34540F40030206010685B
:10B1B00020F000401060106820F400301060186823
:10B1C00020F001001860D9F8000001AB40EA080047
:10B1D000C9F800004FF0000038BF012053F820608C
:10B1E000B74238BF022053F820309D426FF0FF0372
:10B1F000E75838BF032047F00107E75041F84CEC0F
:10B20000009B41F80C3C0123C2F880304FF480329F
:10B2100041F8282C4FF4003241F8282C05B0BDE845
:10B22000F08F00BF51499D3AA69BC43AB0B549F68C
:10B23000FF72C4F20102904216DC4DF6FF73C4F2B5
:10B240000003984226DD4EF20003C4F20003984248
:10B2500038D048F20003C4F20103984232D049F2D8
:10B260000003C4F201032AE04AF6FF73C4F20203AA
:10B2700098421ADD4BF20003C4F20203984221D037
:10B280000023C4F2030398421CD041F20003C4F22D
:10B29000030314E048F20003C4F20003984211D003
:10B2A00049F20003C4F2000309E04AF20003C4F2C9
:10B2B0000103984206D04AF20003C4F20203984206
:10B2C00040F0E780002900F0DC80904218DC4DF669
:10B2D000FF72C4F2000290422ADD4EF20002C4F274
:10B2E000000290423DD048F20002C4F201029042B6
:10B2F00037D049F20002C4F20102904231D023E07B
:10B300004AF6FF72C4F2020290421EDD4BF20002C6
:10B31000C4F20202904224D041F20002C4F20302BD
:10B3200090421ED00022C4F20302904219D00BE0DA
:10B3300048F20002C4F20002904212D049F2000228
:10B34000C4F2000290420CD0B0BD4AF20002C4F236
:10B350000102904205D04AF20002C4F20202904279
:10B36000F2D14EF2100C41F24002C4F2000CC4F2D1
:10B370000202ACF11003126898423BD102F47F0242
:10B38000B2F5003F36D9DCF820204FF6FF7E8B88DF
:10B3900022EA0E021A4444F6C02ECCF82020C2F253
:10B3A000000EDEF8002000BFDCF80030DB0326D5FD
:10B3B000DEF800309B1A0A2BC6D8DCF80030DB031D
:10B3C0001DD5DEF800309B1A0A2BBDD8DCF8003002
:10B3D000DB0314D5DEF800309B1A0A2BB4D8DCF856
:10B3E0000030DB030BD5DEF800309B1A0A2B88BF38
:10B3F000B0BDD9E74A6802630A89826306E0DCF8D7
:10B4000028200B8963F30702CCF8282002684B78C8
:10B4100091F800C063F3C30291F802E08D7A0260F4
:10B4200042686EF30202426002680B7B63F38202A1
:10B430000260CA7A0368002A23F0020408BF43F0BE
:10B44000020404600268BCF1000F42F0800308BFF0
:10B4500022F080030360C26A65F30302C2624A7B82
:10B46000026402688B7B63F3461202600268CB7B46
:10B4700063F3041202600268097C61F3092202602E
:10B48000B0BD4FF23070C0F600004FF4817101F092
:10B4900037FA4FF23070C0F6000040F2011101F0AF
:10B4A0002FFA000010B544F60010C2F20000017F30
:10B4B00043F200040429C4F200041ED1816921B3BF
:10B4C000616B21F00101616300218161216909073C
:10B4D00003D0616B21F400616163216841F00801D0
:10B4E0002160A16B11F4E06F1CBF4FF4E061A16318
:10B4F000818AC1820121017710BD4FF21640C0F64A
:10B50000000003F001FB0DA009E04FF21640C0F669
:10B51000000003F0F9FA4FF29A20C0F6000021462D
:10B5200003F0F2FA4FF2A7704FF2A971C0F60000D3
:10B53000C0F60001BDE8104003F0E6BA5468697334
:10B5400020554152545B3078253038785D2069733E
:10B550006E277420696E2052782073746174652C94
:10B560002063616E27742061626F727420527821AB
:10B570000A000000B0B544F60014C2F20004207BBB
:10B5800043F200050328C4F2000502D0207F0428FE
:10B5900015D14FF21640C0F6000003F0B5FA40A0F6
:10B5A000294603F0B1FA4FF2A7704FF2A971C0F625
:10B5B0000000C0F60001BDE8B04003F0A5BA0220CB
:10B5C000207320772868082120F0010028604EF2BF
:10B5D0008010CEF200000160502048F2E471BFF309
:10B5E0004F8FC4F20200C3F6AC71BFF36F8F0163DB
:10B5F000016821F008010160016921F00801016181
:10B600000121016344F20000C4F20200416A41F0EA
:10B61000F0014162816C21F400718164816B21F43D
:10B6200000718163016B21F440210163016921F400
:10B6300000710161416921F4402141614FF40071C1
:10B640008161016841F000710160416A41F47061FB
:10B650004162816C21F480618164816B21F480619D
:10B660008163016B21F440110163016921F4806160
:10B670000161416921F4401141614FF480618161B0
:10B68000016841F08061016020463421FDF71FF818
:10B69000002020732077FF2060736077B0BD00BF6B
:10B6A0005468697320554152545B3078253038789E
:10B6B0005D2069736E2774206265696E67207573FB
:10B6C0006564210A000000002DE9F04784B00028DD
:10B6D00000F0338104460068002800F0358144F60C
:10B6E0000015C2F20005287B08B9287FC8B14FF2C7
:10B6F0001640C0F6000003F007FA43F2000196A0DE
:10B70000C4F2000103F000FA4FF2A7704FF2A971E2
:10B71000C0F60000C0F6000104B0BDE8F04703F039
:10B72000F3B943F20006C4F20006306893A720F094
:10B7300001003060022028732877A06841F2400998
:10B74000002818BF07460020CDF809004FF4C0605C
:10B75000C4F2020940F2500801904FF0080A09F5BE
:10B760003F5001A9C4F202088DF808A0FEF76AFF55
:10B7700048F2E470C3F6AC70C8F83000D8F80000A6
:10B7800040F00800C8F80000D8F8100040F00800A9
:10B79000C8F810000120C8F830004EF20010CEF2B8
:10B7A0000000C0F800A0306840F010003060306841
:10B7B00040F0080030603068F9783A7961F38A2007
:10B7C0007B7997F806C03060306803F0010162F3BE
:10B7D00049203060706820F0800040EAC11070603D
:10B7E0003069F979013961F30300306130690CF097
:10B7F0000F0120F0F00040EA01103061306B4FF68D
:10B80000FF713A89884310443063387831680028E2
:10B8100041F4807208BF21F480723260B8783168D8
:10B82000002841F0800208BF21F080023260787861
:10B830003168002841F4006208BF21F400623260E0
:10B84000D9F8000000F47F00B0F5003F0BD944F2B6
:10B850006430C2F200000068400304D53068B97A51
:10B8600061F38E303060E0797168FF280AD041F0D2
:10B8700008017160716800F0010021F0100141EAD7
:10B88000001001E021F0080070607068A279617911
:10B8900062F38200237B7060706861F30100706066
:10B8A000706873B140F4803070607068A17B627B17
:10B8B00061F351407060F06A20F0FF001044F062C4
:10B8C00002E020F48030706044F20000C2F2000018
:10B8D000006858F8201C04F11007C1F3032101315E
:10B8E000B0FBF1F0216805F1200C00EB5100B0FB3A
:10B8F000F1F0B168C0EA0100B0603068217961F30D
:10B900000C3030600120287328778FCF8CE88F00AF
:10B91000FF20687368774FF0FF30B063306840F005
:10B9200004003060306840F002003060306840F061
:10B930000100306004B0BDE8F0874FF26B70C0F6D4
:10B940000000842100F0DCFF4FF26B70C0F60000B5
:10B95000852100F0D5FF00BF54686973205541521E
:10B96000545B3078253038785D2069736E277420F9
:10B970006265696E6720757365640A0000000000E7
:10B98000000000010000000080B544F60011C2F282
:10B990000001087F01281ED104220A7744F2D662F2
:10B9A000C2F200020A613F2243F200008A820022B2
:10B9B000C4F20000CA824268D20325D542689203CD
:10B9C00022D4426802F00302032A1DD14BF6BD7255
:10B9D000C0F600021CE04FF21640C0F6000003F073
:10B9E00093F843F2000115A0C4F2000103F08CF8B3
:10B9F0004FF2A7704FF2A971C0F60000C0F6000127
:10BA0000BDE8804003F080B84CF2DD02C0F60002D1
:10BA10008A61016841F008010160016841F002019A
:10BA200001600169090703D0416B41F40061416382
:10BA3000416B41F00101416380BD00BF54686973EF
:10BA400020554152545B3078253038785D20697339
:10BA50006E277420696E2052782052454144592047
:10BA600073746174652C2063616E27742073746134
:10BA70007274205278210A00B0B5002800F00B81C2
:10BA8000002900F0108144F6001EC2F2000E9EF85C
:10BA90000C3043F23804012BC4F200041CD1032300
:10BAA0008EF80C300023AEF80630CEF80830CEF811
:10BAB0000000AEF8041054F8340CC00327D554F835
:10BAC000340C400322D454F8340C00F00300033843
:10BAD000B0FA80F043091AE04FF21640C0F60000B9
:10BAE00003F012F84FF23030A4F13801C0F6000034
:10BAF00003F00AF84FF2A7704FF2A971C0F60000E8
:10BB0000C0F60001BDE8B04002F0FEBF002354F8CB
:10BB1000380C44F6C02540F0100044F8380C4FF4BF
:10BB20008050206054F8380CC2F2000540F0040048
:10BB300044F8380C2968BEF80620BEF8040082429A
:10BB400080F07F80002B40D048F2A063C0F2010358
:10BB50004FF4805C17E000BFDEF8000000886FF350
:10BB60005F2044F8180CDEF800000230CEF8000028
:10BB7000BEF806000130AEF80600BEF80600BEF8BA
:10BB8000042090425DD22068C00448BFC4F800C0C1
:10BB900060684007E0D52868401A984277D8606806
:10BBA0004007D9D52868401A984270D86068400785
:10BBB000D2D52868401A984269D860684007CBD52A
:10BBC0002868401A9842E3D961E048F2A063C0F2C5
:10BBD00001034FF4805C12E0DEF80000421CCEF856
:10BBE0000020007844F8180CBEF806000130AEF8CA
:10BBF0000600BEF80600BEF80420904221D220685C
:10BC0000C00448BFC4F800C060684007E4D5286895
:10BC1000401A98423BD860684007DDD52868401A32
:10BC2000984234D860684007D6D52868401A9842B0
:10BC30002DD860684007CFD52868401A9842E3D9CC
:10BC400025E02068C0041FD448F2A063C0F20103BD
:10BC50002868401A98421AD82068C00414D428686A
:10BC6000401A984213D82068C0040DD42868401A9E
:10BC700098420CD82068C00406D42868401A98421C
:10BC800005D82068C004E3D54FF48050206001201F
:10BC90008EF80C00B0BD4FF26B70C0F6000040F2A1
:10BCA0003F2100F02DFE4FF26B70C0F600004FF404
:10BCB000107100F025FE0000FEE700007047000054
:10BCC0007047000000F00CF8FCF76AFA70470000BB
:10BCD00044F6C020C2F200000168013101607047E3
:10BCE00048F200004EF68851C0F60000CEF2000186
:10BCF00041F8800C41F23000C4F2020048F2E472D4
:10BD00004261026822F0020202604FF48032426116
:10BD1000086840F4700008607047000044F6FF7146
:10BD2000C4F20001884244F60011C2F200010CDDA9
:10BD300045F20002C4F20002904211D00022C4F287
:10BD4000010290420ED19C3113E043F20002C4F292
:10BD5000000290420DD0B0F1402F0FD1343108E0F5
:10BD6000683106E041F20002C4F20102904205D1BE
:10BD7000D031886A002808BF704700474FF26B70C7
:10BD8000C0F6000040F6360100F0BAFD70B504467A
:10BD900044F6FF70C4F2000044F600168442C2F27A
:10BDA00000060CDD45F20000C4F20000844211D010
:10BDB0000020C4F2010084420ED19C3613E043F20D
:10BDC0000000C4F2000084420DD0B4F1402F63D1D2
:10BDD000343608E0683606E041F20000C4F20100A3
:10BDE000844259D1D036206820F040002060757B15
:10BDF000FF2D3BD02846FDF7C3FF062D44D244F269
:10BE0000B820C5EBC502C2F2000041F2400100EBD0
:10BE100082020023C4F202011371C2E90233C2E9B3
:10BE20000433C2E906330A6802F47F02B2F5003F28
:10BE300016D901EB4512D2F8D03F02F57D6123F00F
:10BE40000103C2F8D03F0A68D20709D00A68D207B6
:10BE50001CBF0A685FEAC27202D00A68D207F2D138
:10BE600001210278A94022EA01010170FF207073CC
:10BE7000B088F0804CF2F510C0F60000B060606B46
:10BE800040F48050606370BD4FF28D50C0F60000EA
:10BE900040F2291100F034FD4FF26B70C0F6000043
:10BEA00040F6360100F02CFDB0B544F6FF71C4F247
:10BEB000000144F600158842C2F200050CDD45F28F
:10BEC0000001C4F20001884211D00021C4F2010136
:10BED00088420ED19C3513E043F20001C4F2000108
:10BEE00088420DD0B0F1402F60D1343508E068357C
:10BEF00006E041F20001C4F20101884256D1D0357A
:10BF0000016821F0400101606C7BFF2C3BD0204692
:10BF1000FDF736FF062C41D244F2B820C4EBC40230
:10BF2000C2F2000041F2400100EB82020023C4F2A1
:10BF300002011371C2E90233C2E90433C2E90633D4
:10BF40000A6802F47F02B2F5003F16D901EB4412F1
:10BF5000D2F8D03F02F57D6123F00103C2F8D03F53
:10BF60000A68D20709D00A68D2071CBF0A685FEACC
:10BF7000C27202D00A68D207F2D101210278A14030
:10BF800022EA01010170FF20687301202873286BE9
:10BF9000002808BFB0BDBDE8B04000474FF28D504B
:10BFA000C0F6000040F2291100F0AAFC4FF26B70BD
:10BFB000C0F6000040F6360100F0A2FCB0B5044621
:10BFC00044F6FF70C4F2000044F600158442C2F249
:10BFD00000050CDD45F20000C4F20000844211D0DF
:10BFE0000020C4F2010084420ED19C3513E043F2DC
:10BFF0000000C4F2000084420DD0B4F1402F5BD1A8
:10C00000343508E0683506E041F20000C4F2010072
:10C01000844251D1D035206900F00F00E98AAA8A04
:10C02000914212D2A16B11F4E06F20D1616A2A69AA
:10C030006FF35F211180296902312961E98A013199
:10C04000E9820106A0F10100E8D1E88AA98A8842C4
:10C0500038BFB0BD606B20F0010060630020A861B4
:10C0600001202877686A30B3BDE8B04000474FF23E
:10C070001640C0F6000002F047FD4FF2E820C0F67F
:10C08000000011A102F040FD4FF2A7704FF2A9711C
:10C09000C0F60000C0F6000102F036FD606B20F033
:10C0A000010060630020A86101202877286B10B18F
:10C0B000BDE8B0400047B0BD4FF26B70C0F6000065
:10C0C00040F6360100F01CFC554152545F5278494D
:10C0D00053525F313642495400000000B0B5044667
:10C0E00044F6FF70C4F2000044F600158442C2F228
:10C0F00000050CDD45F20000C4F20000844211D0BE
:10C100000020C4F2010084420ED19C3513E043F2BA
:10C110000000C4F2000084420DD0B4F1402F59D188
:10C12000343508E0683506E041F20000C4F2010051
:10C1300084424FD1D035206900F00F00E98AAA8AE5
:10C14000914210D2A16B11F4E06F1ED1616A2A698D
:10C150001170296901312961E98A0131E9820106F9
:10C16000A0F10100EAD1E88AA98A884238BFB0BDAF
:10C17000606B20F0010060630020A8610120287737
:10C18000686A30B3BDE8B04000474FF21640C0F6D1
:10C19000000002F0B9FC4FF2E820C0F6000011A147
:10C1A00002F0B2FC4FF2A7704FF2A971C0F6000086
:10C1B000C0F6000102F0A8FC606B20F00100606393
:10C1C0000020A86101202877286B10B1BDE8B0409D
:10C1D0000047B0BD4FF26B70C0F6000040F636016C
:10C1E00000F08EFB554152545F52784953525F38EC
:10C1F0004249540044F6FF71C4F20001884244F6FB
:10C200000011C2F200010CDD45F20002C4F200028E
:10C21000904211D00022C4F2010290420ED19C3112
:10C2200013E043F20002C4F2000290420DD0B0F1DC
:10C23000402F1BD1343108E0683106E041F20002A2
:10C24000C4F20102904211D1D031CA888B889A423F
:10C2500038BF7047426B22F48052426300208860EE
:10C2600001200873086A00B1004770474FF26B70F5
:10C27000C0F6000040F6360100F042FBFEE7000089
:10C2800080B544F20400C2F200000078012818BF13
:10C2900080BD44F2D660C2F200000178552944F214
:10C2A0001871C2F2000140F0BC804278022A40F0CE
:10C2B000B88082783A2A40F0B48090F83E20AA2ACA
:10C2C00040F0AF8090F803C002794379817982EA27
:10C2D0000C025A405140C279037A5140427A594087
:10C2E000837A5140C27A5940037B5140427B594086
:10C2F000837B5140C27B5940037C5140427C594072
:10C30000837C5140C27C5940037D5140427D59405D
:10C31000837D5140C27D5940037E5140427E594049
:10C32000837E5140C27E5940037F5140427F594035
:10C33000837F5140C27F594090F82030514090F89F
:10C340002120594090F82230514090F82320594044
:10C3500090F82430514090F82520594090F826302C
:10C36000514090F82720594090F82830514090F8DB
:10C370002920594090F82A30514090F82B205940FC
:10C3800090F82C30514090F82D20594090F82E30E4
:10C39000514090F82F20594090F83030514090F89B
:10C3A0003120594090F83230514090F833205940B4
:10C3B00090F83430514090F83520594090F836309C
:10C3C000514090F83720594090F83830514090F85B
:10C3D0003920594090F83A30514090F83B2059406C
:10C3E00090F83C305140594090F83D2081F03801A0
:10C3F000914212D1C11C44F67000C2F200003A22F0
:10C40000FCF73EF944F22070C2F2000001210170F5
:10C4100044F21C71C2F2000103E044F21871C2F24E
:10C420000001086801300860BDE88040FFF7ACBA41
:10C43000704700002DE9F04F89B044F6C42AC2F2DB
:10C44000000A9AF80000002840F077810020CDE92A
:10C450000700CDE90500CDE90300CDE901004CF26C
:10C46000C060C0F22D000090032044F6D404ADF863
:10C470000500FF20C2F200048DF8070020462C21A1
:10C48000FCF725F94FF4FF4060856846FFF71CF97B
:10C4900044F60017C2F20007387B012815D143F299
:10C4A0000006C4F200067068C0031DD57068400322
:10C4B0001AD4706800F00300032815D14FF0580E0D
:10C4C0004FF480514FF4804C13E04FF21640C0F609
:10C4D000000002F019FB4FF2303043F20001C0F6C9
:10C4E0000000C4F2000119E14FF02C0E4FF0000CD7
:10C4F000002144F2B828C2F2000898F8003042F255
:10C50000000041F20C09C4F20200DA07C4F2020989
:10C5100005D198F8042012B90125002229E09A07D4
:10C5200005D498F8202012B90225012221E05A07EB
:10C5300005D498F83C2012B90425022219E01A0704
:10C5400005D498F8582012B90825032211E0DA061C
:10C5500005D498F8742012B91025042209E09A062F
:10C5600000F1408198F89020002A40F03B8120257E
:10C5700005222B4388F80030D9F8343000EB421301
:10C5800053F80C5F834625F040651D601D6801204F
:10C5900025F040551D601D6825F080451D601D6813
:10C5A00045F000451D601D6860F305151D601868A5
:10C5B00020F008001860186820F040001860186823
:10C5C00040F080001860186820F44050084318605C
:10C5D000186820F4404040EA0C001860D9F8340094
:10C5E00000F47F00B0F5003F16D944F26430C2F287
:10C5F0000000006848F2E470C9F83800D9F800007B
:10C600000621C9F80000186861F3595018604FF40A
:10C610008030C9F8380004E01868062161F35950E9
:10C620001860C2EBC2004BF68D5108EB8000C0F6DB
:10C6300000014BF6A9634BF61D55C0F60003C0F68A
:10C640000005C0E902610121C0E90463C0E9066593
:10C6500001717A73787BFF284BD003203873002058
:10C660003C60A7F804E0F880B860306840F0100043
:10C6700030604FF48050B063306840F004003060A8
:10C68000306840F040003060797BD7F800E0BB882C
:10C69000062980F0DF80002B00F0E4800BEB4117CF
:10C6A00007227A613A4652F80C5F45F480651560BE
:10C6B000156845F480751560156845F400751560BA
:10C6C000C1EBC10508EB850515F8044F012C1DD100
:10C6D0001268C2F30132032A32D14FF2D730C0F6CA
:10C6E000000002F011FA4FF27420C0F6000003219E
:10C6F00014E04FF21640C0F6000002F005FA4FF2C7
:10C700002040C0F6000002F051FC09E04FF2D730A3
:10C71000C0F6000002F0F8F929785DA002F0F4F903
:10C720004FF2A7704FF2A971C0F60000C0F60001E9
:10C7300002F0EAF901208AF8000009B0BDE8F08FA4
:10C7400023FA02F4B4F5805F0CD34FF2D730C0F671
:10C75000000002F0D9F957A040F6FF71224602F01E
:10C76000D3F9DDE7BA6840F6FF7022EA0000204303
:10C77000BEF1006FB86060D3D9F850004FF6FF7477
:10C78000020C920202F10062B4EB104F04BF0022CF
:10C79000C0F60402724550D943F24002C4F20202CC
:10C7A000106800F07060B0F1206F46D1106800F0A2
:10C7B0007040B0F1204F40D1D9F850007344020CC2
:10C7C00094024FF6FF72B2EB104F08BF4FF4802473
:10C7D0004FEA540C0CF1006272451BD993421DD8EC
:10C7E000E6442AE083464FF21640C0F60000754644
:10C7F00002F08AF91FA002F0D9FB4FF2A7704FF2A6
:10C80000A971C0F60000C0F6000102F07DF9AE4645
:10C81000FF221EE704F1006083420CD94FF2D730AB
:10C82000C0F6000002F070F94FF27540C0F600004B
:10C8300002F06AF974E7AEEB0C0E48014BF800E029
:10C8400006F12000786002202870386940F001006D
:10C8500038616FE74FF28D50C0F6000040F2FD11D5
:10C8600000F04EF84FF28D50C0F600004FF4FF710B
:10C8700000F046F85265717573657420444D41208F
:10C880006368616E6E656C204661696C2100000012
:10C890004368616E6E656C2073746174652D5B25F1
:10C8A000645D2069736E277420696E20526561642F
:10C8B00079210A00426C6F636B2073697A65206D81
:10C8C00061782069732025752C207768696C652054
:10C8D0006E6F77206973202575210A004EF60C5083
:10C8E000BFF34F8FCEF200000168042201F4E06133
:10C8F000C0F2FA5211430160BFF34F8F00BFFDE752
:10C90000A0B104460AA00D4602F0FEF80BA0214695
:10C910002A4602F0F9F84FF2A7704FF2A971C0F65B
:10C920000000C0F6000102F0EFF800BF00BFFDE715
:10C930005B45404150505D2000000000417373652D
:10C940007274206661696C656420696E20257320AD
:10C950006C696E6520256400B0B519B1012904D158
:10C9600000226AE00022D0B2B0BD01F0010CA1EBC0
:10C970000C010022072300BF0478D2B2624083EA90
:10C98000420490F801E0150658BF540083EA4402BF
:10C99000250658BF620083EA4204150658BF5400BA
:10C9A00083EA4402250658BF620083EA4204150662
:10C9B00058BF540083EA4402250658BF620083EA48
:10C9C0004204150658BF540083EA4402250658BFA6
:10C9D0006200D2B282EA0E0283EA4205140658BF10
:10C9E000550083EA45022C0658BF6A0083EA4205D7
:10C9F000140658BF550083EA45022C0658BF6A004A
:10CA000083EA4205140658BF550083EA45022C0606
:10CA100058BF6A0083EA4205140658BF550083EAEE
:10CA200045022C06A1F1020158BF6A000D0600F173
:10CA30000200A1D1BCF1000F2BD00078D1B241404F
:10CA4000072080EA41020B0658BF4A0080EA4201F3
:10CA5000130658BF510080EA41020B0658BF4A0036
:10CA600080EA4201130658BF510080EA41020B06DA
:10CA700058BF4A0080EA4201130658BF510080EABD
:10CA800041030A0658BF4B0080EA4302180658BF0C
:10CA90005A00D0B2B0BD0000704700000000000096
:10CAA000A6B041F24001C4F20201C86A41F2002A74
:10CAB00010F5807F38BFC86AC86AC0F27A0A554646
:10CAC00010F5807F3CBFC86A050A802748F2E470F1
:10CAD000C4F20207C3F6AC70386057F8500C00F08F
:10CAE000030002280BD157F8100C40F0100047F853
:10CAF000100C57F8500C20F0030047F8500C4EF67D
:10CB0000D47149F20059C0F60001C0F6BA290020DC
:10CB100001F190028DF8580052F8903CAB4203D1DD
:10CB2000002818BF07286CD052F8783CAB4208BFE9
:10CB300006285BD052F8603CAB4208BF052857D0AE
:10CB400052F8483CAB4208BF042853D052F8303C5E
:10CB5000AB4208BF03284FD052F8183CAB4208BF85
:10CB600002284BD01368AB4208BF012848D00730D9
:10CB70001C2802F1A802CFD141F24000C4F2020009
:10CB8000C06A10F5807F0BD241F24000C4F202006F
:10CB9000C06A0021B1EB102F4FEA102A01F07B8709
:10CBA0005046FBF7BAFD9FED520B02460B4651EC87
:10CBB000100BFBF756FC04460D46FBF7BBFD064683
:10CBC000FBF7ABFD02460B4620462946FBF7D1FB9F
:10CBD0009FED490B53EC102BFBF7D1FBFBF7AAFDA4
:10CBE000804601244FF4004B554616E0013008E022
:10CBF000023006E0033004E0043002E0053000E0DB
:10CC0000063000EB400001EBC0004169047A468920
:10CC1000B0F80C8088031FFA80FB48F2E470C3F67A
:10CC2000AC70386057F8240C022C20F0080047F84C
:10CC3000240C57F8340C20F0010047F8340C57F856
:10CC4000480C20F00C0047F8480C57F8380C20F03E
:10CC5000F00047F8380C57F8240C40F0080047F86B
:10CC6000240C57F8340C40F0010047F8340C57F806
:10CC7000140C20F0080047F8140C57F8140C40F07E
:10CC8000080047F8140C4FF001008DF8580057F8D1
:10CC9000801C21F0004147F8801C57F8101C41F01F
:10CCA000100147F8101C57F8801C60F3010147F889
:10CCB000801C47D0012C13D04FF20A40C0F6000070
:10CCC00001F022FF0EA0214601F01EFF4FF2A770D7
:10CCD0004FF2A971C0F60000C0F6000101F014FF88
:10CCE00057F8800C012120F4006030E000BF00BF45
:10CCF000000000002A75A541000000000000F0407F
:10CD0000504C4C30205072652D44697620436F6E34
:10CD10006669672D5B25645D204572726F722C20F9
:10CD200073657420746F2064656661756C7420315E
:10CD3000206469766973696F6E210A00AA55AA5545
:10CD4000AA55AA5557F8800C022140F4006047F814
:10CD5000800C57F8800CB5FBF1F141F6003320F45C
:10CD60008062C0F2B703994288BF40F4806247F8FE
:10CD7000802C57F87C0C6FF39F366FF31D4040EA10
:10CD8000064047F87C0C57F87C0C4FF6FF7188433F
:10CD9000404447F87C0C57F8800C20F4404040EAAF
:10CDA0000B0047F8800CFEF76DF848F2E471C3F60B
:10CDB000AC7139609DF85810B9B157F8141C21F0C6
:10CDC000080147F8141C57F8141C41F0080147F8F3
:10CDD000141C57F8241C21F0080147F8241C57F8AC
:10CDE000341C21F0010147F8341C57F8801C60F313
:10CDF000092147F8801C57F8800C40F0004047F8A4
:10CE0000800C57F8800C40000CD457F8800C400080
:10CE10005CBF57F8800C5FEA400003D457F8800CE1
:10CE20004000EED548F2E4760120C3F6AC763860D7
:10CE30003E6057F8502C022161F3010247F8502C54
:10CE400057F8502C052360F30B2247F8502C57F865
:10CE5000502C60F30F3247F8502C57F8502C22F02A
:10CE6000FC0247F8502C57F8502C42F4803247F817
:10CE7000502C57F8502C42F4003247F8502C57F8F9
:10CE8000502C42F4802247F8502C57F8502C42F492
:10CE9000002247F8502C44F20002C2F2000238602F
:10CEA000C2F800903E6057F8482C60F3830247F8C0
:10CEB000482C57F8382C63F3071247F8382C3860A1
:10CEC0003E6057F8482C60F3871247F8482C57F813
:10CED000380C61F30F3047F8380C012043F20001A1
:10CEE0003860C4F202010A684EF60C5342F0100298
:10CEF0000A600A68CEF2000342F020020A60196854
:10CF00004FF6FF02114040F20032C0F2FA521143D4
:10CF1000196044F20001C2F20001096844F6D352DC
:10CF2000C1F26202A1FB02124FF0FF3101EB92133A
:10CF30000022B2EB136F22D14EF20014CEF20004A5
:10CF40004EF60C5544F8EC3CF023CEF20005EB75A0
:10CF5000072344F8E82C44F8F03C2B68C3F3022381
:10CF600083F00706042E28BF0426033B38BF134670
:10CF7000B1400F2222EA010199400901E97548F206
:10CF8000E472C3F6AC723A6057F8281C44F2080405
:10CF900041F0040147F8281C57F8181CC2F200049D
:10CFA00041F0040147F8181C38603A6057F8281C13
:10CFB00041F0080147F8281C57F8181C41F00801F7
:10CFC00047F8181C38603A6057F8281C41F01001E7
:10CFD00047F8281C57F8181C41F0100147F8181C96
:10CFE00038603A6057F8281C41F0200147F8281CA7
:10CFF00057F8181C41F0200147F8181C38603A60B7
:10D0000057F8281C41F0400147F8281C57F8181C15
:10D0100041F0400147F8181C38603A6057F8281C66
:10D0200041F0800147F8281C57F8181C41F0800196
:10D0300047F8181C38603A6057F8281C41F0010185
:10D0400047F8281C57F8181C41F0010147F8181C34
:10D0500038603A6057F8281C602241F0020147F816
:10D06000281C57F8181C41F0020147F8181C4FF211
:10D0700000013860C0F601012046FBF701FBAFF26A
:10D08000443120460822FBF795F8002844F6602436
:10D0900040F20000C2F20004C4F2C82043D00026CF
:10D0A0000025C4F2DC26C4F27025C4E90865012617
:10D0B00084F828600026C4F24026C4E90B660026E6
:10D0C0000021C4F2483640F2000C46F266620023AA
:10D0D000C4E91111C4E9156045F2AA56C4F22C2C1A
:10D0E000C4F26622C4F290134FF07C55C5F2AA56E2
:10D0F00044F2B810E565C4E90066C4E90221C4E958
:10D1000004C1C4E90631C2F2000021466022FBF7E7
:10D11000B7FAFCF789FE30B9FCF778FFB0F5807FED
:10D1200008BFFDF759F84FF2000148F20008C0F6B9
:10D13000010120466022C4F20308FBF7A1FA44F281
:10D14000943504F1100C606CC2F20005D4E902E1E0
:10D150009CE84C14C5F8D40205F58C70C5E944E18F
:10D1600080E84C1494F82800A16C85F84801206BE5
:10D1700004F15406D4F824904CCEC5F8D800C5F874
:10D18000A800C5F8E41005F547704EF60C51C5F837
:10D190002C914CC0CEF20001D1F8F0004FF0000A03
:10D1A00040F08070C1F8F00041F20000CEF20000C3
:10D1B000C0F804A0016840F2011441F001010160CF
:10D1C0004FF0807016900120189016A94046012655
:10D1D000CDF864A08DF812A0CDE90CAACDE90EAA75
:10D1E000CDE906AA17944546FCF77EF915208DF87F
:10D1F000150004A94046ADF810A0ADF81340FCF7A7
:10D20000CFFB4FF480700DF1080902902846494683
:10D210004FF480788DF80C60FCF7ECFA40F20110C6
:10D22000C0F200100C9040F21800C2F201000E9003
:10D2300002200DF1300BADF83C00284659468DF820
:10D240003460FCF79BF8F620C1F2546006AC0790FE
:10D2500028462146ADF818608DF81AA0FBF7D2FFDA
:10D2600040F201400290284649468DF80C60FCF7D8
:10D27000C1FA40F20410C0F200100C9040F2080015
:10D28000C2F201000E900220ADF83C00284659463B
:10D290008DF83460FCF772F84FF40170ADF81800A7
:10D2A0004FF000500790284621468DF81AA0A3465B
:10D2B000FBF7A8FF40F20010C0F2011005F58066F0
:10D2C000CDF85A00304616A98DF85EA0ADF85F8003
:10D2D0008DF861A0FCF708F940F20110ADF81300D9
:10D2E00015208DF81500304604A9ADF810A0FCF704
:10D2F00057FB4FF4406002900125304649468DF8B7
:10D300000C50FCF777FA40F20C10C0F200100C90B1
:10D3100040F21000C2F201008DF834500E9002204D
:10D320000CADADF83C00304629460124FCF726F848
:10D330004FF48670ADF818004FF00058304659464B
:10D340008DF81AA0CDF81C80FBF75CFF40F201209D
:10D350000290304649468DF80C40FCF74BFA40F2FB
:10D360000210C0F200100C9040F20000C2F2010066
:10D370008DF834400E900224304629464FF00109C2
:10D38000ADF83C40FBF7FAFFCDF81C804BF608786F
:10D3900030465946ADF8184002248DF81AA0C4F260
:10D3A0000308FBF72FFF40F20010C0F20110CDF888
:10D3B0005A0048F20000C4F2030000F500664FF482
:10D3C0008075304616A98DF85EA0ADF85F508DF8D7
:10D3D00061A0FCF789F815208DF81500304604A9E6
:10D3E000ADF810A0ADF813504FF48075FCF7D8FAE3
:10D3F000304602A902958DF80C90FCF7FBF940F23B
:10D400000110C0F200100C9040F22000C2F20100A6
:10D410000E9030460CA98DF83490ADF83C40FBF7E7
:10D42000ADFF4FF00050079030465946ADF81890C8
:10D430008DF81AA0FBF7E6FEC8F82840C8F82CA023
:10D4400058F8040C69F3134048F8040C58F8080C19
:10D4500020F4702048F8080CD8F8580020F01F007D
:10D46000C8F8580048F2E470C3F6AC70386057F85A
:10D47000240C40F4007047F8240C57F8240C40F4B6
:10D48000806047F8240C57F8240C40F4006047F8FB
:10D49000240C57F8240C40F4805047F8240C57F81B
:10D4A000240C40F4005047F8240C57F8240C40F4A6
:10D4B000804047F8240C57F8240C40F4004047F80B
:10D4C000240C57F8240C40F4803047F8240C57F80B
:10D4D000340C40F0100047F8340C57F8340C40F08E
:10D4E000200047F8340C57F8340C40F0400047F85F
:10D4F000340C57F8340C40F0800047F8340C57F8DF
:10D50000340C40F4807047F8340C57F8340C40F475
:10D51000007047F8340C57F8340C40F4806047F83A
:10D52000340C57F8340C40F4006047F8340C57F8CA
:10D53000140C40F0400047F8140C4FF48050C7F82A
:10D540000090FCF7DFFF4FF40050FCF7DBFF4FF4D7
:10D550008040FCF7D7FF4FF40040FCF7D3FF4EF2BA
:10D5600000114FF00040CEF2000148604EF60C5022
:10D57000CEF2000000684EF21940CEF2000080F8B2
:10D5800026A044F2C860C2F200000121017044F2FA
:10D59000D46044F2CC6644F2D069C2F20000C2F218
:10D5A0000006C2F20009017044F6AC00317089F83F
:10D5B0000010C2F2000042F2240544F6B4010560F6
:10D5C000C2F2000140F6224044F6B8020860C2F2FE
:10D5D000000241F24401116044F6BC02C2F20002B2
:10D5E00041F63441116044F6C002C2F2000244F632
:10D5F000C4031560C2F200034FF416721A6044F6B9
:10D60000C802C2F20002106044F6CC02C2F200026C
:10D6100041F26A20106044F6D000C2F200000160BE
:10D6200044F6B0000124C2F200000DF1580B047062
:10D6300058462C21CDE90CAACDE90EAACDE910AAB5
:10D64000CDE906AACDE908AACDF828A0ADF82CA00E
:10D65000FBF73DF840F20110ADF836501090202055
:10D660000CAD1290092029468DF835A0CDF838A0D0
:10D67000ADF831A08DF833A0CDF84CA0CDE914AAB7
:10D68000FDF7D8F902202946FDF7D4F903202946F1
:10D69000FDF7D0F931784FF47A708DF81840ADF875
:10D6A0001A00002918BF40F2044199F8002044F202
:10D6B000D463C2F200034BF20406ADF81C10002A3A
:10D6C00018BF40F609021B78C4F203064BF20005AE
:10D6D000ADF81E20002B18BF41F21203ADF8203028
:10D6E000B061F16132627362C4F20305286840F0F0
:10D6F0000070286028689DF8222040F000619DF8A5
:10D700002330002A08BF20F0006129602868002B20
:10D7100040F0806108BF20F0806144F6B0002960CD
:10D72000C2F20000007844F6B401C2F20001002801
:10D7300018BF32200968ADF81A00ADF81C1044F685
:10D74000B80044F6BC01C2F20000C2F20001006859
:10D75000096806ADADF81E00ADF82010022029467C
:10D760008DF818408DF82440FDF7AAFA44F6C4005D
:10D7700044F6C801C2F20000C2F200010068096864
:10D78000ADF81A00ADF81C1044F6CC0044F6D001F8
:10D79000C2F20000C2F2000100680968ADF81E0084
:10D7A000ADF8201003202946FDF78AFA40F6040060
:10D7B0001B90082002211E9040F610001A918DF84F
:10D7C00072100221C0F240001F908DF882100320D9
:10D7D0005946ADF870A0ADF880A0CDF860A0FDF777
:10D7E00047F802205946FDF743F841F24001C4F2E0
:10D7F00002010868D8F82000012220F04040C8F853
:10D8000020000868D8F8181000F47F0062F30101C6
:10D81000B0F5003FC8F8181005D9D8F8640020F01A
:10D820000300C8F86400D8F81800052120F00400AF
:10D83000C8F81800D8F8200020F00F00C8F8200021
:10D84000D8F8180020F01800C8F81800D8F8180008
:10D8500040F02000C8F81800D8F8700020F04040D0
:10D86000C8F87000D8F80C0040F00100C8F80C00AF
:10D87000D8F80C0020F40040C8F80C00D8F8680074
:10D8800062F39340C8F86800D8F8680020F40030CC
:10D89000C8F86800D8F8700061F31340C8F8700049
:10D8A000D8F8800020F47020C8F88000D8F87800FC
:10D8B00020F40020C8F87800D8F80C0040F02000D0
:10D8C000C8F80C00D8F8680040F48030C8F8680048
:10D8D000D8F8780020F40030C8F87800D8F878003C
:10D8E00020F48030C8F87800D6F8700340F01000BB
:10D8F000C6F87003D6F8700440F01000C6F8700443
:10D9000044F6C020C2F200000168D8F8002042F0BE
:10D910000102C8F80020D8F80020D2071BD0026806
:10D92000521A652A17D2D8F80020D20713D00268FD
:10D93000521A642A0FD8D8F80020D2070BD00268F8
:10D94000521A642A07D8D8F80020D20703D00268F8
:10D95000521A642ADFD90168D8F8002042F0080280
:10D96000C8F80020D8F8002012071BD50268521A08
:10D97000652A17D2D8F80020120713D50268521A68
:10D98000642A0FD8D8F8002012070BD50268521A63
:10D99000642A07D8D8F80020120703D50268521A63
:10D9A000642ADFD90168D8F8002042F01002C8F8D4
:10D9B0000020D8F80020D2061BD50268521A652A2A
:10D9C00017D2D8F80020D20613D50268521A642A5A
:10D9D0000FD8D8F80020D2060BD50268521A642A54
:10D9E00007D8D8F80020D20603D50268521A642A54
:10D9F000DFD94FF001090020C8F82890C8F82C00A2
:10DA000058F8040C4BF2000169F3134048F8040C79
:10DA100058F8080CC4F2030120F4702048F8080CF0
:10DA2000D8F8580044F2000620F01F00C8F858004B
:10DA3000D8F80000C4F2020640F00100C8F8000067
:10DA4000086806F5005440F080600860D8F860006F
:10DA500016AD40F00100C8F86000D8F86000002260
:10DA600040F00800C8F860000120C0F200101790D4
:10DA70004FF480401690204629468DF86020FCF730
:10DA8000E1FD4FF40040169030462946FCF7DAFDE0
:10DA90004FF4006006F5805A169050462946FCF770
:10DAA000D1FD4FF4806B30462946CDF858B0FCF7D5
:10DAB000C9FD4FF40070ADF85C0020462946CDF852
:10DAC0005890FCF7BFFD50462946CDF85890FCF71A
:10DAD000B9FD8020169030462946FCF7B3FD50462C
:10DAE0002946CDF858B0FCF7ADFD102016905046F1
:10DAF00029468DF85D90CDF804A0FCF7A3FD002029
:10DB00008DF85D004FF40050169020462946FCF732
:10DB100099FD4FF40040169020462946FCF792FDEF
:10DB200041F2400148F63D20C4F20201486041F64E
:10DB3000EC104860086A48F2E47A40F480500862C9
:10DB40004FF40030C3F6AC7A4860C7F800A057F82D
:10DB5000240C4BF2000540F0800047F8240C57F8E5
:10DB6000140CC4F2030540F0100047F8140C49F2FD
:10DB70000000C7F80090C4F20300D0F8001116AC02
:10DB800021F00101C0F80011D0F8001121F00801C6
:10DB9000C0F80011D0F8001121F00401C0F8001104
:10DBA000D0F8001121F00201C0F80011C7F800A060
:10DBB00057F8241C41F0800147F8241C57F8141C26
:10DBC00041F0100147F8141CC7F80090016821F0DB
:10DBD00001010160016821F008010160016821F084
:10DBE00004010160016821F00201016040F60E614C
:10DBF000C0F8041140F61B714160D0F8001141F0EB
:10DC00000101C0F80011016841F00101016040F21A
:10DC100001100021ADF8580040F203108DF861109A
:10DC2000CDF85A108DF85E10ADF85F00A5F5706064
:10DC30002146FCF70FF8C8208DF85B000320ADF8F3
:10DC40005F00A5F560602146FCF704F84FF2002064
:10DC5000CFF6FF7029584EF60C5B41F001012950B8
:10DC6000C7F800A057F8280CCEF2000B40F48070E3
:10DC700047F8280C57F8180C042540F4807047F832
:10DC8000180CC7F80090C7F800A057F8300C4FF0F8
:10DC9000FF3340F0400047F8300C57F8200C0224C6
:10DCA00040F0400047F8200CC7F80090C7F800A0EB
:10DCB00057F8300C002640F0800047F8300C57F839
:10DCC000200C5A4640F0800047F8200CC7F800901E
:10DCD000C7F800A057F8240C4FF0000C40F00100EA
:10DCE00047F8240C57F8140C964640F0010047F80A
:10DCF000140CC7F80090C7F800A057F8240C40F0A7
:10DD0000020047F8240C57F8140C40F0020047F8C2
:10DD1000140CC7F80090DBF800004EF2194BC0F36A
:10DD2000022080F00701042928BF2946033803FA9E
:10DD300001F138BF304624EA010101FA00F0000188
:10DD4000CEF2000B8BF8010010684FF0FF33C0F3E8
:10DD5000022080F00701042928BF2946033803FA6E
:10DD600001F138BF304629EA010101FA00F0000153
:10DD70005C468BF800004EF2001B4FF00070CEF2B4
:10DD8000000BCBF800004FF08060CBF80000C7F824
:10DD900000A057F8280C4FF0FF3340F4807047F88C
:10DDA000280C57F8180C022640F4807047F8180C1D
:10DDB000C7F80090C7F800A057F8300C40F04000BA
:10DDC00047F8300C57F8200C40F0400047F8200C82
:10DDD000C7F80090C7F800A057F8300C40F080005A
:10DDE00047F8300C57F8200C40F0800047F8200C22
:10DDF000C7F80090C7F800A057F8240C40F00100C5
:10DE000047F8240C57F8140C40F0010047F8140CA4
:10DE1000C7F80090C7F800A057F8240C40F00200A3
:10DE200047F8240C57F8140C40F0020047F8140C83
:10DE3000C7F800901068C0F3022080F007010429A1
:10DE400028BF2946033803FA01F138BF604626EAA5
:10DE5000010101FA00F00001607010684FF00072DB
:10DE6000C0F3022080F00701042928BF29460338A7
:10DE700003FA01F138BF604629EA010101FA00F016
:10DE800000012070CBF800204FF08063CBF8003009
:10DE9000C7F800A057F8280C4FF0FF3440F480700A
:10DEA00047F8280C57F8180C40F4807047F8180C05
:10DEB000C7F80090C7F800A057F8300C40F04000B9
:10DEC00047F8300C57F8200C40F0400047F8200C81
:10DED000C7F80090C7F800A057F8300C40F0800059
:10DEE00047F8300C57F8200C40F0800047F8200C21
:10DEF000C7F80090C7F800A057F8240C40F00100C4
:10DF000047F8240C57F8140C40F0010047F8140CA3
:10DF1000C7F80090C7F800A057F8240C40F00200A2
:10DF200047F8240C57F8140C40F0020047F8140C82
:10DF3000C7F80090DEF80000C0F3022080F007016F
:10DF4000042928BF2946033804FA01F138BF604686
:10DF500026EA010101FA00F04EF219460001CEF264
:10DF600000067070DEF80000C0F3022080F00701A8
:10DF7000042928BF2946033804FA01F138BF604656
:10DF800029EA010101FA00F000013070CBF800200D
:10DF9000CBF800300021632048F200061A91CDE949
:10DFA00018191790082016ACC4F20006ADF86000EE
:10DFB0008DF8631030462146CDF85890FDF736F9BC
:10DFC00040F2000BC4F2030B58462146FDF72EF930
:10DFD00040F2E730179049F20000C4F200002146F9
:10DFE000FDF724F970680CA940F001007060DBF8BF
:10DFF000040040F00100CBF804000320C0F2001040
:10E000000D9000208DF8380044F20000C4F20200A8
:10E010000C95FCF717FBC7F800A057F8280C4EF634
:10E020000C5340F4807047F8280C57F8180CCEF2C7
:10E03000000340F4807047F8180CC7F80090C7F848
:10E0400000A057F8300C4FF0FF3640F0400047F882
:10E05000300C57F8200C022240F0400047F8200C0A
:10E06000C7F80090C7F800A057F8300C002440F023
:10E07000800047F8300C57F8200C40F0800047F83B
:10E08000200CC7F80090C7F800A057F8240C40F007
:10E09000010047F8240C57F8140C40F0010047F831
:10E0A000140CC7F80090C7F800A057F8240C4AF2E7
:10E0B000240A40F0020047F8240C57F8140CC4F26C
:10E0C000020A40F0020047F8140CC7F800901868E4
:10E0D000C0F3022080F00701042928BF2946033835
:10E0E00006FA01F138BF204622EA010101FA00F0E8
:10E0F0004EF219420001CEF2000250701868C0F3CF
:10E10000022080F00701042938BF0D46033806FAC3
:10E1100005F138BF204629EA010101FA00F00001AB
:10E1200010704EF20010CEF200004FF0007101604E
:10E130004FF080610160002141F293101A91CDE906
:10E1400018111790ADF860108DF86310AAF1240033
:10E1500016A9CDF85890FDF769F841F24000C4F2D5
:10E16000020000685AF8040C062169F393404AF84B
:10E17000040C6420CAF834005AF8040C61F31750F8
:10E180004AF8040C5AF8040C20F440304AF8040C05
:10E19000DAF8080020F48060CAF80800DAF8000015
:10E1A00040F48070CAF80000DAF8000020F4007033
:10E1B000CAF80000DAF8000020F48060CAF8000015
:10E1C000DAF8000020F40060CAF800005AF8200CC9
:10E1D00020F480504AF8200C5AF8200C20F400500B
:10E1E0004AF8200CDAF8080020F0F000CAF808001D
:10E1F00044F20400C2F200000178002952D00078F5
:10E20000012851D144F2D564C2F2000420780028DC
:10E210004AD100254FF4E1301E95CDE91C551995E2
:10E22000CDE9175516900320ADF85D00FF208DF85D
:10E230005F004CF23140C0F600001A904CF2812091
:10E24000C0F600001B9016A8FDF73EFA43F234001A
:10E25000C4F200000168042241F0010101604EF6A1
:10E260000C50CEF2000000684FF0FF33C0F30220E4
:10E2700080F00701042928BF1146033803FA01F191
:10E2800038BF284622EA010101FA00F04EF2194196
:10E290000001CEF2000101F8160CFDF775FB01201C
:10E2A000207001E0FEF7C6F845F200054FF00009C6
:10E2B00016A84021C4F20105CDE90C99CDE90E99CB
:10E2C000CDF84090CDF84390FAF701FA2020CDE93F
:10E2D000170901208DF868004FF420201B90FF21C2
:10E2E00002204FF430228DF864901C918DF87490C8
:10E2F0008DF87800CDE91F2103218DF888104AF6AA
:10E30000552144F210168DF88490CDE923198DF82B
:10E310009490C2F2000696F8541096F85C201143CF
:10E3200096F86C20C9B2114396F87C2096F88C3090
:10E330001143194315D04FF2FE30C0F6000000F033
:10E34000E3FB0FF29070294600F0DEFB4FF2A7705E
:10E350004FF2A971C0F60000C0F6000100F0D4FB36
:10E360001BE286F8540086F85C0086F86C0086F89C
:10E370007C0086F88C00019C4FF480700DF1180B26
:10E3800006904FF00A0A20465946CDF81D908DF8A8
:10E390001CA00126FCF756F94FF4007006902046A9
:10E3A00059468DF81CA0FCF74DF948F2E470C3F60D
:10E3B000AC70386057F82C0C042240F0200047F86D
:10E3C0002C0C57F8340C4FF0FF3340F4804047F8E2
:10E3D000340C57F81C0C41F2400440F0200047F880
:10E3E0001C0C4EF60C503E60CEF200000068C4F2E9
:10E3F0000204C0F3022080F00701042928BF11465F
:10E40000033803FA01F138BF484622EA010101FA54
:10E4100000F04EF219410001CEF2000101F80E0C9D
:10E42000286840F010002860286A00F470302862E4
:10E43000206800F47F00B0F5003F40F2958044F280
:10E440006430C2F200000068800740F18D80686887
:10E45000022161F317506860686861F31B606860AF
:10E46000686861F31F7068602868C0060AD44FF2BC
:10E47000FE30C0F6000000F047FB4FF25550C0F6EA
:10E4800000000EE02068C0F30740022816D84FF2C3
:10E49000FE30C0F6000000F037FB4FF2EF40C0F650
:10E4A000000000F083FD4FF2A7704FF2A971C0F693
:10E4B0000000C0F6000100F027FB13E0686A20F0BE
:10E4C00002006862686A20F001006862A86A60F071
:10E4D0006040A862686A20F080006862686A20F084
:10E4E000400068622868C0060AD44FF2FE30C0F6C9
:10E4F000000000F009FB4FF25550C0F600000EE09E
:10E500002068C0F30740022816D84FF2FE30C0F64C
:10E51000000000F0F9FA4FF24A40C0F6000000F0A7
:10E5200045FD4FF2A7704FF2A971C0F60000C0F68A
:10E53000000100F0E9FA13E0686A20F00200686266
:10E54000686A20F001006862A86A60F06040A86212
:10E55000686A20F080006862686A20F040006862A3
:10E56000286840F40040286068695F2161F3070073
:10E5700068612869062161F3050028612869012680
:10E5800066F30C20286128694FF2FE3A66F31340C7
:10E59000286128684FF219594FF2A77B4FF2A974EE
:10E5A00020F480200027C0F6000AC0F60009C0F65B
:10E5B000000BC0F6000428600DE000BF504600F0DC
:10E5C000A3FA484600F0F2FC5846214600F09CFAB7
:10E5D0000137102F33D02868C006EFD5686B20F0C4
:10E5E0000F0038436863686B40F020006863A86BD5
:10E5F00000F06040A863A86B20F0C040A863686B7F
:10E6000020F020006863A86B00F06040A86341F22E
:10E610004000C4F20200006800F47F00B0F5003F43
:10E6200007D9E86B66F30710E863E86B66F303004D
:10E63000E863286B06FA07F188432863C8E74FF2BE
:10E6400019544FF2A77A4FF2A97B0027C0F60004B5
:10E65000C0F6000AC0F6000B4FF001090EE042F0D0
:10E660001001E963E96B69F30301E963296B09FAB6
:10E6700000F0084328631037402F58D02868C006A0
:10E680000ED44FF2FE30C0F6000000F03DFA2046F6
:10E6900000F08CFC5046594600F036FAEBE700BF1C
:10E6A00016AB696BD85D60F3030169636A6BD919B6
:10E6B00042F020026A63AA6BD1E90136520F62F37D
:10E6C0005F76AE63AA6B0E7B22F0C04206F00306B3
:10E6D00042EA4672AA636A6B22F020026A63AA6B5E
:10E6E000520F62F35F7341F24002AB63C4F2020265
:10E6F000126802F47F02B2F5003FB7D944F26432E7
:10E70000C2F2000212689207B0D54A7BEB6B002A76
:10E7100023F0F002A3D08B7BC97B03F00F0342EA06
:10E720000312EA63EA6B61F30302EA639EE7286877
:10E730000C2220F0100028602968012060F31F716E
:10E740002960296862F31B61296041F24001C4F22B
:10E750000201096811F47E0F03D0296821F40051E9
:10E76000296044F210164FF0FF31C2F20006E96052
:10E7700086F8540086F85C0086F86C0086F87C0009
:10E7800086F88C000CA8C11C06F194001422F9F73D
:10E7900077FF4AF2240AC4F2020A44F60424C2F2C1
:10E7A0000004201D5821F9F792FF802020212560C8
:10E7B000C4E903108820A06196F86C00012812D1EA
:10E7C000042086F86C0049F21910C0F6000030678A
:10E7D00004F11C00706604F11400B066A86840F0F3
:10E7E0008000A86016E04FF2FE30C0F6000000F096
:10E7F0008BF94FF2F520C0F60000294600F084F9AD
:10E800004FF2A7704FF2A971C0F60000C0F60001E8
:10E8100000F07AF944F2943640F2001040F20451CC
:10E82000C2F20006C0F20230C0F20671C6E9AB01C6
:10E83000A86844F2001140F08000A860C2F2000114
:10E8400041F2820346F20B408122C0F21A73A1F812
:10E850000D0000204A70C1F80930C87344F28431B9
:10E86000C2F200014A7048F20B42C1F80930A1F827
:10E870000D20C87344F2680149F2DA6249F2DA63A2
:10E880004FF6C62E4FF62305C2F20001C3F61972E9
:10E89000CBF61973CBF6FF7EC3F67F750A624B6227
:10E8A000C1F828E0CD62C1E90D00C1E90F004FF0C9
:10E8B000FF31C8F81410D6F8A8100022C6F8B81016
:10E8C0000021C4F27A41C4F22012A6F8A60086F80C
:10E8D0000E0186F88400C6F85401C6F8AC00C6E9FB
:10E8E0006D12B6F8441186F85E02C6F878020A077F
:10E8F00086F87C025CBF21F00801A6F8441121F0E3
:10E9000002010122A6F8441144F2000186F84821D0
:10E91000C6F85002C6F84402C4F2020108689FED2E
:10E92000761A40F40040086096ED7D0A41F292129A
:10E9300020EE010ABCEEC00A10EE101A88B248F2AE
:10E94000000440F2000C49F200079042A6F80C11B6
:10E9500040F200014BF20402C4F20304C4F2030CBF
:10E96000C4F20007C4F2C821C4F2030202D941F282
:10E97000931002E0022802D80220A6F80C01CAF87F
:10E9800034000020C4F2A000C6E98E100020C4F2BA
:10E9900040100021C6F8F0020020C4F2C81186F829
:10E9A0000003C6E9C101012086F875020020C4F207
:10E9B0008810C6F8EC0020684BF2000340F0040019
:10E9C0002060D4F80004C4F2030340F00400C4F84B
:10E9D0000004D4F8000840F00400C4F800084FF226
:10E9E0000010CFF6FF70195841F00101195048F29C
:10E9F0000001C4F20001C86840F40070C8600868F3
:10EA0000800703D4C86840F48070C860086840F08C
:10EA100001000860106840F4C8101060F86840F405
:10EA20000070F8603868800703D4F86840F480709C
:10EA3000F860386840F001003860DCF80C0040F401
:10EA40000070CCF80C00DCF80000800705D4DCF87E
:10EA50000C0040F48070CCF80C00DCF8000040F0B2
:10EA60000100CCF800005AF8180C40F400704AF885
:10EA7000180C5AF8240C800705D45AF8180C40F4E6
:10EA800080704AF8180C5AF8240C40F001004AF83B
:10EA9000240C62B6FEE74FF20A40C0F6000000F018
:10EAA00033F84FF26C30C0F6000051464A4600F091
:10EAB0002BF84FF2A7704FF2A971C0F60000C0F614
:10EAC000000100F021F848F2E470C3F6AC70386041
:10EAD000FEF703BA546869732043414E5B307825D2
:10EAE0003038785D206973206265696E67207573C0
:10EAF0006564210A00000000D4BC364340F2710C6A
:10EB0000C1F2000C604700000FB4054B10B503A91B
:10EB1000044A029800F018F810BC5DF814FB0000DD
:10EB200099CA0008AC40002002E008C8121F08C1C2
:10EB3000002AFAD170477047002001E001C1121F7E
:10EB4000002AFBD1704700002DE9FF4F8DB00F4622
:10EB50000546002606E025280BD0DDE90F12904778
:10EB60006D1C761C28780028F5D111B03046BDE820
:10EB7000F08F0024A246A1460122EC4900E00443A4
:10EB800015F8013F203B02FA03F00842F7D128783C
:10EB90002A2810D06FF02F022878A0F1300109291F
:10EBA00014D80AEB8A0102EB410144F0020400EBA5
:10EBB000010A6D1CF0E701CF5FEA000A03D544F4B7
:10EBC0000054CAF1000A44F002046D1C28782E2873
:10EBD00017D115F8010F44F004042A280ED06FF065
:10EBE0002F022878A0F1300109290AD809EB890100
:10EBF00002EB410100EB01096D1CF2E757F8049BA1
:10EC00006D1C28786C280FD006DC4C2817D068289B
:10EC10000DD06A2814D104E0742810D07A280FD1BE
:10EC20000DE044F400140AE044F4801401E044F4DC
:10EC300040146978814202D104F580146D1C6D1C6A
:10EC40002A786E2A1FD00CDC632A31D004DC002A1B
:10EC50008BD0582A11D1A3E0642A68D0692A0CD13C
:10EC600065E0732A2ED004DC6F2A73D0702A04D199
:10EC70009BE0752A6FD0782A6ED01046DDE90F121E
:10EC80009047761C50E1C4F30250022806D00328B6
:10EC900009D0042801CF09D0066045E101CFF11762
:10ECA000C0E9006140E101CF06803DE106703BE133
:10ECB00017F8040B8DF8000000208DF80100EB46DA
:10ECC000012003E057F804BB4FF0FF3061074FF01D
:10ECD000000102D40DE008F10101884649450FDA30
:10ECE0008045F8DB1BF808100029F4D108E008F192
:10ECF000010188468142FADB1BF808100029F6D191
:10ED0000DDE90F23AAEB08008146214600F036F921
:10ED1000304400EB080604E0DDE90F121BF8010B9C
:10ED20009047B8F10108F7D221464846F7E00A219A
:10ED3000C4F302534FF0000B0891022B04D001CF13
:10ED4000C117032B09D00AE0FF1D27F00707F7E8DA
:10ED5000020108E032E01FE020E000B2C117042BFE
:10ED600001D140B2C117031E71F1000307DA4FF061
:10ED7000000CD0EB0C006CEB01012D2302E023050D
:10ED800004D52B238DF82430012303E0E30701D0C1
:10ED90002023F7E7984658E00A2110E010210EE002
:10EDA00010204FF0000B08900CE010214FF0000BEA
:10EDB00044F004044FF00809089103E008214FF0E3
:10EDC000000B0891C4F30253022B04D001CF0021A1
:10EDD000032B06D006E0FF1D27F00707F7E8020126
:10EDE00003E080B2042B00D1C0B24FF0000823072B
:10EDF0002BD5702A07D0DDF820C08CF0100C5CEA0F
:10EE00000B0C05D00EE040238DF82430012308E0E0
:10EE100050EA010306D030238DF824308DF82520E8
:10EE200002239846DDF820C08CF0080C5CEA0B0C3D
:10EE30000BD150EA010301D1630706D530238DF8C9
:10EE400024304FF00108A9F10109582A04D038A252
:10EE50000B9208AA0A920BE03AA2F9E75B46089ADD
:10EE6000F9F7B5F90B9B9B5C0A9A521E0A92137034
:10EE700050EA0102F2D10A98ADEB000000F1200B3C
:10EE8000600702D524F4803401E04FF00109D94530
:10EE900002DDA9EB0B0000E0002000EB0B01414478
:10EEA0000890AAEB010AE00306D4DDE90F2321460E
:10EEB000504600F063F806444FF0000908E009A945
:10EEC00011F80900DDE90F12904709F10109761CDC
:10EED000C145F4DBE0030CD5DDE90F2321465046A4
:10EEE00000F04CF8064404E0DDE90F1230209047B2
:10EEF000761C0899481E08900029F5DC08E00A985D
:10EF00000A990078491C0A91DDE90F129047761C96
:10EF1000BBF10001ABF1010BF1DC21465046DDE90C
:10EF20000F2300F019F806446D1C1BE609280100A8
:10EF3000303132333435363738396162636465666F
:10EF40000000000030313233343536373839414231
:10EF500043444546000000002DE9F04104460025E9
:10EF60001E461746880404D405E039462020B047E1
:10EF70006D1C641EF9D52846BDE8F0812DE9F041ED
:10EF8000044600251E469046C80301D5302700E000
:10EF90002027880404D505E041463846B0476D1C5B
:10EFA000641EF9D52846BDE8F081000010B504467E
:10EFB00001E0AFF3008014F8010B04490028F8D1F8
:10EFC000BDE810400A20FDF767BD0000AC400020FE
:10EFD0000000000000127A00002A751501001600DA
:10EFE00000800000030000000200000000127A0010
:10EFF0000057A6160100170000C000000300000023
:10F000000200000000127A000084D71701001900E6
:10F0100000000000030000000200000000127A005F
:10F0200000B1081901001A000040000003000000B0
:10F030000200000000127A0000DE391A01001B00F5
:10F0400000800000030000000200000000127A00AF
:10F05000000B6B1B01001C0000C00000030000003F
:10F060000200000000127A0000389C1C01001E0003
:10F07000000000000300000002000000001BB700B9
:10F08000002A751501000F000000000003000000B9
:10F0900002000000001BB7000057A61601000F0079
:10F0A00055D500000300000002000000001BB7005F
:10F0B0000084D71701001000AAAA00000300000076
:10F0C00002000000001BB70000B108190100110088
:10F0D000008000000300000002000000001BB700D9
:10F0E00000DE391A0100120055550000030000002F
:10F0F00002000000001BB700000B6B1B0100130097
:10F10000AA2A00000300000002000000001BB70054
:10F1100000389C1C010014000000000003000000E7
:10F120000200000000127A0000E1F505010006006F
:10F1300000400000000000000200000000127A0001
:10F1400080778E060100060000E00000000000004D
:10F150000200000000127A00000E270701000700DD
:10F1600000800000000000000200000000127A0091
:10F1700080A4BF070100080000200000000000007C
:10F180000200000000127A00003B5808010008004D
:10F1900000C00000000000000200000000127A0021
:10F1A00080D1F008010009000060000000000000AC
:10F1B0000200000000127A000068890901000A00BC
:10F1C00000000000000000000200000000127A00B1
:10F1D00080FE210A01000A0000A0000000000000DB
:10F1E0000200000000127A000095BA0A01000B002C
:10F1F00000400000000000000200000000127A0041
:10F20000802B530B01000B0000E000000000000009
:10F210000200000000127A0000C2EB0B01000C009B
:10F2200000800000000000000200000000127A00D0
:10F230008058840C01000D00002000000100000037
:10F240000200000000127A0000EF1C0D01000D000A
:10F2500000C00000010000000200000000127A005F
:10F260008085B50D01000E00006000000100000067
:10F2700002000000536F7572636520646174612041
:10F28000776964746820636F6E666967206572725F
:10F290006F722D5B25645D210A00546869732055E7
:10F2A0004152545B3078253038785D2069736E2781
:10F2B0007420696E2052785F4954207374617465BC
:10F2C0002C2063616E27742061626F7274206974F0
:10F2D000207468726F75676820495420696E746580
:10F2E0007266616365210A003C25733E2065727277
:10F2F0006F72210A00546869732043414E5B307875
:10F30000253038785D2052782069736E2774206923
:10F310006E2052454144592073746174652C2063FA
:10F32000616E2774207374617274205278210A0010
:10F330005468697320554152545B307825303878D1
:10F340005D2069736E277420696E205478205245C1
:10F350004144592073746174652C2063616E277475
:10F36000207374617274205478210A00446F6E27F0
:10F3700074206D6174636820706C6C305F696E5FBF
:10F38000667265712D5B25755D20746F2067656EF3
:10F39000657261746520706C6C305F6F75745F6648
:10F3A0007265712D5B25755D2C20706C65617365D0
:10F3B000206164642074686520636F6E66696720ED
:10F3C000746F207263755F706C6C5F636667206139
:10F3D00072726179210A005B4540444D41204C4CDA
:10F3E0005D20005B4540414443204C4C5D20005B68
:10F3F000454045464C415348204C4C5D20005B4500
:10F400004043414E204C4C5D20005B4540524355EB
:10F41000204C4C5D20005B4540554152545D20001E
:10F4200055415254207472616E736D697420726517
:10F43000717565737420444D41206368616E6E651B
:10F440006C204661696C65642100546865206368BE
:10F450006970206E6F7420737570706F727420679E
:10F460006C6F62616C2066696C74657220636F6E8C
:10F47000666967210045464C41534820446F6275D8
:10F480006C652062616E6B206D617070696E6720C3
:10F4900062616E6B31206D6F64652063616E2774ED
:10F4A00020726561642064617461207769746820EA
:10F4B000444D41207370616E2074776F2062616EDD
:10F4C0006B21005761697420666F722042757379F1
:10F4D000207374617465206572726F722062656654
:10F4E0006F7265206F7065726174696F6E21005470
:10F4F00068652063686970206E6F74207375707022
:10F500006F727420676C6F62616C2066696C7465E1
:10F510007220726573657421004163636570746164
:10F520006E63652066696C746572207265676973C5
:10F530007465722063616E20636F6E66696720690F
:10F540006E20726573657420737461747573206FB7
:10F550006E6C792100476C6F62616C2066696C7417
:10F5600065722072656769737465722063616E20CD
:10F57000636F6E66696720696E20726573657420BB
:10F58000737461747573206F6E6C7921002E2E2F49
:10F590002E2E2F2E2E2F447269766572732F5441B2
:10F5A00045333247353878785F4472697665722F13
:10F5B0005372632F746165333267353878785F6CC6
:10F5C0006C5F646D612E63002E2E2F2E2E2F2E2E3B
:10F5D0002F447269766572732F5441453332473533
:10F5E0003878785F4472697665722F5372632F742E
:10F5F0006165333267353878785F6C6C5F6164635E
:10F600002E63002E2E2F2E2E2F2E2E2F4472697633
:10F610006572732F544145333247353878785F44EB
:10F6200072697665722F5372632F74616533326726
:10F63000353878785F6C6C5F65666C6173682E63D3
:10F64000002E2E2F2E2E2F2E2E2F447269766572AD
:10F65000732F544145333247353878785F447269A7
:10F660007665722F5372632F746165333267353854
:10F6700078785F6C6C5F687270776D2E63002E2EE9
:10F680002F2E2E2F2E2E2F447269766572732F54D3
:10F690004145333247353878785F44726976657210
:10F6A0002F5372632F746165333267353878785F12
:10F6B0006C6C5F63616E2E63002E2E2F2E2E2F2E0C
:10F6C0002E2F447269766572732F54414533324749
:10F6D000353878785F4472697665722F5372632F7C
:10F6E000746165333267353878785F6C6C5F67704A
:10F6F000696F2E63002E2E2F2E2E2F2E2E2F44724A
:10F7000069766572732F54414533324735387878BE
:10F710005F4472697665722F5372632F746165332B
:10F720003267353878785F6C6C5F636D702E63007C
:10F730002E2E2F2E2E2F2E2E2F4472697665727349
:10F740002F544145333247353878785F44726976B3
:10F7500065722F5372632F74616533326735387861
:10F76000785F6C6C5F746D722E63002E2E2F2E2EC0
:10F770002F2E2E2F447269766572732F54414533B4
:10F780003247353878785F4472697665722F5372E4
:10F79000632F746165333267353878785F6C6C5FDE
:10F7A000756172742E63002573000000F0F7000885
:10F7B000000000109827000028EB0008881F0108AF
:10F7C000004000206800000028EB0008F01F01083E
:10F7D000000001202400000028EB0008F01F0108B1
:10F7E00068400020600A000038EB000800000000BC
:10F7F0004BF61C70C4F2030050F8081C50F80C2C97
:10F800001140890658BF70470168032241F0C001CA
:10F8100001604FF0FF31016044F29431C2F2000107
:10F82000B1F8443181F80E2143F00402D1F894304C
:10F83000A1F844210122C1F8A4205A1CC1F8942047
:10F84000002281F898204AF20021C4F203010A68DC
:10F8500022F001020A60202140F80C1C704700BF12
:10F860002DE9F0418CB0421E442A00F29083DFE87B
:10F8700012F06C009D008E03D900DF008E038E0312
:10F880008E038E038E038E038E038E038E03E90098
:10F89000140150017101AC01B2018E038E038E037D
:10F8A0008E038E038E038E038E038E038E038E03D0
:10F8B0008E038E03C201E7010C028E038E038E03BA
:10F8C0007D02CA028E038E038E038E038E038E0387
:10F8D0004500450045004500450045004500450000
:10F8E0008E038E038E038E038E038E038E038E0390
:10F8F0008E038E03170365038E0383030021CDE976
:10F90000001144F22071C2F200010978002900F0D0
:10F910003E833038072800F23A8344F67001C2F281
:10F920000001DFE810F00800370341034B035203E6
:10F93000A403D103F703D1F81E00D1F81A1000EE8A
:10F94000100A01EE101A872048E345F20000C4F2C5
:10F950000100016841F01001016000BF00BF00BF5D
:10F9600000BF00BF00BF00BF00BF00BF00BF00BF9F
:10F9700000BF00BF00BF00BF00BF00BF00BF00BF8F
:10F9800000BF016821F01001016044F29430C2F21E
:10F990000000D0F8F80244F2001120F0604003901B
:10F9A0006FF047000490C2F2000138E045F2000019
:10F9B000C4F201000268B1F5302F42F0100202607B
:10F9C00000BF00BF00BF00BF00BF00BF00BF00BF3F
:10F9D00000BF00BF00BF00BF00BF00BF00BF00BF2F
:10F9E00000BF00BF00BF00BF026822F0100202602B
:10F9F00044F29430C2F20000D0F8F80220F06040E7
:10FA000003906FF04700049007BF44F28430C2F2C5
:10FA1000000044F20010C2F2000000F1080103A847
:10FA200000F083BC44F29430C2F20000002104E0F4
:10FA300044F29430C2F20000012180F875120CB03B
:10FA4000BDE8F08144F60420C2F200008168C9B22A
:10FA500000EBC102127E12F00C0F00F0988200EB56
:10FA60008111497F0F2940F092828168C9B200EB71
:10FA70008110C08B00EE100A44F66020B8EE400AF8
:10FA8000C2F2000080ED080A44F29430C2F2000095
:10FA900080ED4A0A0CB0BDE8F08144F60420C2F2C1
:10FAA00000008168C9B200EBC102926902F00F0246
:10FAB000052AC0F06C8200EB8110417F102940F0D4
:10FAC0006682847FC57F90F8206010208DF80C003E
:10FAD00003A803218DF80D408DF80E5002F004FAB2
:10FAE000C0B2864240F0538244EA052000EE100A7C
:10FAF00044F66020B8EE400AC2F2000080ED090A28
:10FB000044F29430C2F2000080ED4B0A0CB0BDE824
:10FB1000F08144F6602145F2AA50C2F20001C5F21C
:10FB2000AA50C1E9000044F2B810C2F200006022FD
:10FB300002F0DFF902F0E2F9002840F0288202F03A
:10FB4000E2F9B0F5807F40F022820CB0BDE8F041D0
:10FB500002F0DEB944F66024C2F200044FF2000164
:10FB6000C0F601012046602202F0D7F944F2943039
:10FB7000616CC2F20000D4E902E2D4E90437D4E9AE
:10FB80000665C0F8D41294F82810D4E908C8C0E972
:10FB900044E2C0E94637C0E9486580F84811216B66
:10FBA000A26CD4E91537E66DC0F828C1C0F82C81E5
:10FBB000C0F8D810C0F8A810C0F8E420C0E9C737D2
:10FBC000C0F824630CB0BDE8F08144F66020C2F2B6
:10FBD0000000012104E044F66020C2F20000002190
:10FBE00080F8281044F29430C2F2000080F84811E6
:10FBF0000CB0BDE8F08144F60420C2F20000816838
:10FC0000C9B200EBC102127E12F00C0F00F0BF81EE
:10FC100000EB8111497F222940F0B9818168C9B286
:10FC200000EB8110C08B00EE100A44F29430B8EE65
:10FC3000400AC2F2000080ED330A0CB0BDE8F0814A
:10FC400044F60420C2F200008168C9B200EBC10290
:10FC5000127E12F00C0F00F09A8100EB8111497FA7
:10FC6000232940F094818168C9B200EB8110C08BD8
:10FC700000EE100A44F29430B8EE400AC2F20000DE
:10FC800080ED340A0CB0BDE8F08144F60420C2F2E5
:10FC90000000816844F2943400EB8110C2F2000449
:10FCA000807F94ED330A94ED341A84F8D400BDEECD
:10FCB000C00A10EE100ABDEEC10A010A10EE102AA9
:10FCC000130A24278DF80D008DF80E10002503A8C7
:10FCD00009218DF80C70ADF80F508DF811208DF8BA
:10FCE0001230ADF8135002F0FFF894F8D410C2B2FD
:10FCF000914284F8D50040F01F8294ED330A9FEDC5
:10FD0000EE1AB7EE002A20EE010AB4EE420AF1EE36
:10FD100010FA40F30F8394ED343A23EE011AB4EE57
:10FD2000421AF1EE10FA40F3058394ED2A2A44F6C4
:10FD3000602022EE012A82EE002A30EE410A9FED79
:10FD4000DF1AC2F2000080ED120A84ED390A32EEA9
:10FD5000011A80ED0C2A80ED111A84ED362A84ED0B
:10FD60002A2A84EDB51A0CB0BDE8F08144F60420CF
:10FD7000C2F200008168C9B200EBC102926902F0D0
:10FD80000F02072AC0F0038100EB8110417F282970
:10FD900040F0FD8090F81E80C57F90F8206090F8BC
:10FDA000217090F8224028208DF80C0003A805212E
:10FDB0008DF80D808DF80E508DF80F608DF8107055
:10FDC00002F092F8C0B2844240F0E18048EA052097
:10FDD00040EA064040EA076000EE100A9FEDB81ABC
:10FDE000B8EE400A44F6602020EE010AC2F200009C
:10FDF00080ED150A44F29430C2F2000080EDC70A8B
:10FE00000CB0BDE8F08144F60420C2F20000816825
:10FE1000C9B200EBC102926902F00F02072AC0F0DA
:10FE2000B68000EB8110417F292940F0B08090F826
:10FE30001E80C57F90F8206090F8217090F82240D5
:10FE400029208DF80C0003A805218DF80D808DF870
:10FE50000E508DF80F608DF8107002F045F8C0B2AA
:10FE6000844240F0948048EA052040EA064040EA97
:10FE7000076000EE100A9FED921AB8EE400A44F6B1
:10FE8000602020EE010AC2F2000080ED160A44F262
:10FE90009430C2F2000080EDC80A0CB0BDE8F081D9
:10FEA00044F60420C2F200008168C9B200EBC1022E
:10FEB000926902F00F02072A69D300EB8110417F9B
:10FEC000422964D190F81E80C57F90F8206090F898
:10FED000217090F8224042208DF80C0003A80521E3
:10FEE0008DF80D808DF80E508DF80F608DF8107024
:10FEF00001F0FAFFC0B2844249D148EA052040EA45
:10FF0000064040EA076000EE100A9FED6D1AB8EE59
:10FF1000400A44F6602020EE012AC2F2000080ED83
:10FF2000172A44F29430C2F2000020EE410A80ED1C
:10FF3000852A80ED870A0CB0BDE8F08144F60420E4
:10FF4000C2F200008168C9B200EBC102926902F0FE
:10FF50000F02072A1BD300EB8110417F432916D1E2
:10FF6000D0F81E0043218DF80C10CDF80D0003A829
:10FF7000052101F0B9FF0AE044F60420C2F20000B6
:10FF8000816800EB8110867F022E40F2DA800CB08F
:10FF9000BDE8F081D1F81600D1F8121001EE100A78
:10FFA00000EE101A882019E0D1F82600D1F82210AE
:10FFB00000EE100A01EE101A89200FE08A208DF859
:10FFC00001000020CDF8020081E1D1F82E00D1F827
:10FFD0002A1000EE100A01EE101A8B20B5EE401A1E
:10FFE000F1EE10FA8DF8010017DDB2EE042A21EED1
:10FFF000021AB6EE002A31EE022A9FED323ABDEE29
:020000040801F1
:10000000C22A12EE100AB4EE431AF1EE10FAC8BF7B
:100010004FF0FF3081B2090A01E000200021B5EE67
:10002000400AF1EE10FA8DF802008DF8031017DD8A
:10003000B2EE041A20EE010AB6EE001A30EE011AF2
:100040009FEDE72ABDEEC11A11EE100AB4EE420A86
:10005000F1EE10FAC8BF4FF0FF3081B2090A01E09B
:10006000002000218DF804008DF805102FE191ED9E
:10007000001A91ED010AB5EE401A8C20F1EE10FA4B
:100080008DF8010040F3C780B2EE042A21EE021A77
:10009000B6EE002A31EE022A9FEDD13ABDEEC22A19
:1000A00012EE100AB4EE431AF1EE10FAC8BF4FF088
:1000B000FF3081B2090AB0E06F12833A000040C2FB
:1000C0000AD7233C00FF7F4791ED031A088A91ED80
:1000D000020AB5EE401A8D21F1EE10FA8DF80110EA
:1000E00040F3C080B2EE042A21EE021AB6EE002AD6
:1000F00031EE022A9FEDBA3ABDEEC22A12EE101A74
:10010000B4EE431AF1EE10FAC8BF4FF0FF318AB2D5
:10011000120AA9E091ED0D0A088F498EB5EE400A4A
:100120008E22F1EE10FA8DF80120ADF8021040F3A6
:10013000BC809FEDAA1AA2E0C4E933550CB0BDE81B
:10014000F08144F20404002EC2F2000400F0F880B2
:1001500044F6C425C2F200052878012808D142F2ED
:100160001000C4F202000027076001F0DBFE2F70D0
:1001700044F2D5652670C2F200052878012E40F0C1
:100180000881002840F0148100264FF4E1300B96DE
:10019000CDE909660696CDE9046603900320ADF823
:1001A0001100FF208DF813004CF23140C0F6000022
:1001B00007904CF28120C0F60000089003A801F0DF
:1001C000B6FE43F23400C4F200000168042241F09C
:1001D000010101604EF60C50CEF2000000684FF0B5
:1001E000FF33C0F3022080F00701042928BF114625
:1001F000033803FA01F138BF304622EA010101FA5F
:1002000000F04EF203410001CEF20001087001F04F
:1002100093FE0120CBE000200021B5EE400AF1EE74
:1002200010FA8DF802008DF803108DF804008DF897
:10023000051046DDB2EE041A20EE010AB6EE001AF1
:1002400030EE011A9FED662ABDEEC11A11EE100ABA
:10025000B4EE420AF1EE10FAC8BF4FF0FF3081B29F
:10026000090A30E000210022B5EE400AF1EE10FA52
:100270008DF802108DF8032017DDB2EE041A20EE7F
:10028000010AB6EE001A30EE011A9FED552ABDEEB6
:10029000C11A11EE101AB4EE420AF1EE10FAC8BFFC
:1002A0004FF0FF318AB2120A01E0002100228DF8DE
:1002B00004108DF805208DF80600000A8DF807005F
:1002C00005E0002000218DF806008DF8071045F2AA
:1002D0000000C4F20100016841F01001016000BF9C
:1002E00000BF00BF00BF00BF00BF00BF00BF00BF16
:1002F00000BF00BF00BF00BF00BF00BF00BF00BF06
:1003000000BF00BF00BF016821F01001016044F28E
:100310009430C2F20000D0F8F80220F06040039060
:100320006FF04700049003A8694601F00AFE0CB084
:10033000BDE8F0810020C4E933000CB0BDE8F081D5
:1003400044F2D565C2F20005287868B101F0FEFDDF
:1003500043F23400C4F20000016821F001010160A1
:1003600001F0E0FD0020287044F6C425C2F200052B
:100370002878012808D142F21000C4F202000026B9
:10038000066001F0CFFD2E700020207001F0E3FD2B
:100390000EE068B101F0DAFD43F23400C4F200006F
:1003A000016821F00101016001F0BCFD002028700E
:1003B0004FF48A412078ADF8001044F29431C2F233
:1003C0000001D1F8F8128DF8020000208DF803002A
:1003D00021F0604003906FF04B00A3E700007A44E7
:1003E00000FF7F4744F29430C2F20000D0F85C3145
:1003F000B0F84411032B0DD311F008020AD1D0F844
:100400009C2021F002010132A0F84411C0F89C2088
:10041000002302E0D0F89C2001330029C0F85C31B1
:1004200018BF7047052A64D800214AF20022C0F89C
:10043000A410C4F2030213689FED2E1A43F00103C7
:1004400013604BF61C72C4F203024FF0FF331360CB
:10045000D0F8A8200023C0F8B8200022C4F27A42C5
:10046000C4F2201380F80E1180F88410C0F85411E3
:10047000C0F8AC10C0E96D23B0F8442180F85E12DA
:10048000C0F87812130780F87C125CBF22F00802D3
:10049000A0F844210123C0F8501222F00202C0F853
:1004A000441244F2000180F84831A0F84421C4F21B
:1004B00002010A6841F2921342F400420A6090ED90
:1004C0007D0A20EE010ABCEEC00A10EE102A91B29D
:1004D0009942A0F80C2102D941F2931102E00229BD
:1004E00002D80221A0F80C114AF25800C4F202000E
:1004F00001607047D4BC36432DE9F04F81B02DED3B
:10050000068B48F21000C4F2000050F8041C890564
:1005100044BF01685FEA815104D4BDEC068B01B091
:10052000BDE8F08F4FF4007144F294390160C2F2DB
:10053000000999F8C80238B941F20400CEF200006F
:1005400000210160C9F8B41240F22000C2F201009B
:10055000B0F9000040F2180200EE100A40F2080064
:10056000C2F20100B8EEC01AB0F90000C2F20102F6
:1005700000EE100A89ED141A9FEDE62AB8EEC00AC3
:1005800099F8180099F83C10B2F9002020EE020A00
:10059000013002EE102A09EB8102013100F0030064
:1005A00001F0030189ED020A89F81800B8EEC22AA9
:1005B00089F83C1040F210019FEDD73AC2F20101D8
:1005C0009FEDD64AB1F9001022EE032A82ED082AE7
:1005D00032EE049A02EE101A89ED079AB8EEC22A9A
:1005E00022EE032A99ED1A3A32EE042AB6EE084AB0
:1005F00023EE043A32EE032A9FEDC93A89ED1A2A16
:1006000022EE032A9FEDC73A99ED1B5A32EE032AD8
:10061000B5EE402A25EE043A9FEDC3AAF1EE10FA9A
:1006200033EE093AB5EE004AB8BFB0EE4A2A89ED7A
:100630001B3A23EE043A012889ED7D3A89ED7E2AA2
:1006400020D000284DD199ED112AB6EE0E3A22EEB7
:10065000032A9FEDB63A32EE011A21EE032A89ED04
:10066000102A9FEDB32A9FEDB33A89ED111A21EEBE
:10067000021A31EE031ABDEEC11A11EE100A89F802
:10068000480099E040F20000C2F20100B0F9000019
:100690009FEDA92A01EE100AB8EEC11A99ED163A9B
:1006A0009FEDA64A21EE021A23EE042A9FEDA43AFA
:1006B00031EE021A21EE032A89ED152A9FEDA12AB7
:1006C0009FEDA13A21EE022A32EE032A9FED9F3AD6
:1006D00089ED161A22EE011A31EE031A89EDB41AC9
:1006E0006AE0032868D199F80003002864D1D9F89A
:1006F000FC0201300628C9F8FC025DD346F2040072
:10070000C4F20200006899F8F41260F3000145F2A7
:10071000000089F8F412C4F20200406860F341015D
:1007200044F2000089F8F412C4F202004068C009E3
:1007300060F382014FF0FF3050FA81F0062889F80B
:10074000F41209D8DFE800F0040B10151A1F24007A
:100750000120C0F20A001FE04FF420201CE001201D
:10076000C0F20A00013017E00120C0F20A00023096
:1007700012E00120C0F20A0003300DE00120C0F2B7
:100780000A00043008E00120C0F20A00053003E04E
:100790000120C0F20A000630C9F8F802012089F8E9
:1007A00000034EF20010CEF200004FF40061016031
:1007B00099ED020A99ED079A9FED651A9FED652A5A
:1007C00020EE010A99F9485030EE028ABFEE000A85
:1007D00089ED018A89ED3D9A89ED2C8A39EE000A6E
:1007E000002D48BFB0EE409AB5EE409A99F97002DC
:1007F000F1EE10FAB8BFB0EE4A9A002889ED3C9AA3
:1008000006D4013018EE101A89F8700200F06EBF9D
:1008100018EE100A01F0A4FB9FED4F0BD9F83061E0
:1008200053EC102B01F0A1FB002818BF701C0B2803
:10083000C9F8300105D3B9F8440140F00100A9F826
:10084000440199F80EE1BEF1020F26D199ED460A56
:10085000D9F85401B4EE408A0130F1EE10FA4FF0AD
:100860000003C9F85401D9F83411B8BF4B1C6428EF
:100870004FF0000298BF1346652BC9F834310AD3F4
:10088000B9F844114FF0030E41F0020189F80EE16E
:10089000A9F8441101E04FF0020EB9F844114A07DB
:1008A00018D4B3EE020AB4EE409AF1EE10FA2DDD40
:1008B000B3EE030AB4EE409AF1EE10FA68DDD9F80F
:1008C00090200132022AC9F8902024BF0122C9F8E1
:1008D000942060E0D9F8382147F641630132C0F234
:1008E00005039A42C9F83821C0F08780D9F8A020C2
:1008F0000132C9F8A02009D2D9F89C2021F00401C6
:100900000132A9F844110021C9E927210021C9F8C1
:10091000381172E0B647F13B0000683BF6288CC006
:100920003BDF9F3E764F1EBF000000000000803D71
:1009300017BCE8BA33B318439A99B93900007E3F1F
:100940000000003C448B70BA3333233F000050C298
:1009500068918D3FB81E053ECDCCCCCCCCCC4C4064
:10096000004856460000C842000048426F12833AD1
:10097000CDCCCC3D3D8DB03ECB3D0DBD0000964372
:1009800000002042000048430000AA430000A042AB
:100990000022C9F89020D9F838315A1C013BC52BE8
:1009A000C9F8382110D899F86872012389F898306D
:1009B000002F89F8843019BF42F22403C9F8543259
:1009C0000023C9F8403202E0002389F898300B2A4E
:1009D00013D341F00401A9F8441149F20401C4F20F
:1009E000030140F63E320A604FF08341C9F8EC1033
:1009F0000021C9F83811C9F8901000EE105AB8EE6D
:100A0000C00A99ED4A1AB4EE401AF1EE10FA0DDA66
:100A1000BEF1020F0FD1D9F83C11652908D3B9F8FE
:100A2000441141F00801A9F8441104E0002100E05C
:100A30000131C9F83C11B9F844110A0719D599EDEB
:100A40004B1A0022B4EE401AF1EE10FA0FDD99F8BD
:100A5000483163B1D9F84021652A07D321F0080154
:100A60000022A9F84411C9F83C2100E00132C9F87C
:100A7000402146F20402C4F202021268120416D4A3
:100A800099F873220132D3B20B2B89F873221AD34F
:100A9000AEF101030022012BA9F8722213D8B9F894
:100AA000A42011430FD1012189F874120BE099F8A9
:100AB00071120131CAB2332A89F8711224BF4FF47E
:100AC0008071A9F8711245F2000CC4F2020CDCF836
:100AD0000420D20603D4002289F890220EE0D9F82F
:100AE0008C2241F2893301329A42C9F88C2205D313
:100AF000012289F890220022C9F88C22AEF101026D
:100B00004BF61C78012AC4F2030833D899ED611A18
:100B10001FED6D0A99ED732AB2EE043AB4EE401A55
:100B200031EE034AF1EE10FAB0EE401AB4EE402A6C
:100B3000B8BFB0EE441AF1EE10FAB0EE404A89EDBB
:100B4000611A32EE035AB8BFB0EE454ABEF1010F4A
:100B500089ED734A49D100220023C4F2C822C4F2AD
:100B600048231FED802A1FED805AC9F8FC21C9F8DF
:100B7000003242E0002500260C204FF098414FF053
:100B80004C430022C4F2C825C4F2A00689F87401BF
:100B9000C9F86021C9E95E21C9E96032C9E9622268
:100BA000C9E96D5689F8BC0144F26800C2F2000040
:100BB000C9F8A821C9E97021C0E90D22C0E90F22B6
:100BC000322042F22401C9E97232C9E9742289F85B
:100BD0008420C9F84022C9E9951089F86822BEF13D
:100BE000030F40F2628300F062BCD9E9C72302EE32
:100BF000102A05EE103AC9E97F2399ED7D6A99ED37
:100C00007E7AD9ED820A37EE466A25EE065A89EDDC
:100C10007C6A22EE062A30EE855AB1EE046A4FF065
:100C20007C52B4EE465AC9F814224FF03F42F1EE1E
:100C300010FAC9F81C2289ED8B2A89ED825A06DC4C
:100C4000B9EE046AB4EE465AF1EE10FA03DAB0EEE9
:100C5000465A89ED826A1FEDBB6A35EE022A22EE02
:100C6000062AB6EE005AB4EE452AF1EE10FA89EDE6
:100C7000862A06DCBEEE005AB4EE452AF1EE10FAE2
:100C800003DAB0EE452A89ED865A99ED2B6A89ED93
:100C9000422A32EE062A32EE482AB0EEC25ABEF19D
:100CA000010F89ED582A89ED305A19D0BEF1020F93
:100CB00028D11FEDD16AB4EE465AF1EE10FA35DDB7
:100CC000B0EE086AB4EE465AF1EE10FA2CDA1FEDD7
:100CD000D76A1FEDD77A25EE065A35EE07AA25E02A
:100CE000B0EE005AB4EE456AF1EE10FA0FDA0022C7
:100CF0000023C4F29632C4F220231FEDE05A1FED08
:100D0000E03A0CE099ED5B5A99ED5C3A23E0002261
:100D10000023C4F24832C4F220131FEDE65AC9F88A
:100D20006C21C9F8703116E0B7EE00AA1FEDEA5A3F
:100D30001FEDEA6A2AEE055A35EE065A2AEE033A04
:100D4000B1EE046A33EE063A002289ED5B5A89ED72
:100D50005C3AC9F84822D9ED650A23EE023A99EDCA
:100D60005E6A99ED5F7A23EE203AD9ED601A33EE90
:100D7000063AB4EE473A25EE025AF1EE10FA4FF079
:100D80000003B4EE613A4FF0000789ED675AC8BF1F
:100D90000123F1EE10FAB8BF0127B4EE473AB8BF0D
:100DA000B0EE613AF1EE10FAC8BFB0EE473A33EE5A
:100DB000056A3B43B4EE416A002283F00107F1EE7D
:100DC00010FA89F8987189ED5E3A02DD0127002654
:100DD00015E099ED631A0027B4EE416AF1EE10FABE
:100DE0004FF00006B4EE416AB8BF0127A8BF012644
:100DF000F1EE10FAB8BFB0EE416AB0EE461AB5EEA9
:100E0000405A89F89961F1EE10FA4FF00006B5EEFC
:100E1000403AB8BF0126F1EE10FA4FF00005B5EEEA
:100E2000405AB8BF0125F1EE10FA4FF00001B5EEBF
:100E3000403AA8BF0121F1EE10FAA8BF01229FEDB0
:100E4000E53A114346EA0502B7EE005A1140B0EE0A
:100E5000436AB0EE457A89F89A1118BFB0EE456A38
:100E6000002B18BFB0EE467A002F18BFB0EE437AC1
:100E700099ED3B6A89ED657A99ED6D7AD9ED6E0A47
:100E800076EE492A27EE226A20EEA27AD9ED770A79
:100E900089ED621A27EE207AD9ED701AC9ED6A2A17
:100EA00089ED796ABDEEC77AB8EEC77A31EE877AF6
:100EB000FDEEC71AB8EEE17AD9ED710AF4EE470AF1
:100EC000F1EE10FA06DBD9ED720AF4EE470AF1EE04
:100ED00010FA05DDBDEEE07A17EE102A002302E0DD
:100EE00011EE902A012307EE102A89F8E031B8EEBE
:100EF000C77A89ED707A36EE077AB4EE447AF1EE6D
:100F000010FA4FF0000702DD0126002515E099EDEB
:100F1000754A0026B4EE447AF1EE10FA4FF000055F
:100F2000B4EE447AB8BF0126A8BF0125F1EE10FA4D
:100F3000B8BFB0EE447AB0EE474AB5EE406AF1EE83
:100F400010FA4FF0000189F8E151BDEEC44AB8BF74
:100F50000121002A4FF000054FF0000048BF012595
:100F6000F1EE10FAA8BF0120B2F1FF3FC8BF012780
:100F70003843294300EA010289F8E22116B19FEDC6
:100F8000955A05E023B992F0010018BF9FED915AE0
:100F900089ED775AB3EE015AB4EE459AB8EEC44AD9
:100FA000F1EE10FA89ED744A08DAD9F88820C92AD6
:100FB0000AD3012089F81903002009E00020C9F8AC
:100FC000880089F8190305E0002089F81903501CEE
:100FD000C9F88800B4EE441AF1EE10FA0ADD44F2C2
:100FE0006800C2F200000021C0E90D11C0E90F1134
:100FF000012286E0B4EE441AF1EE10FA80F2858008
:1010000044F26800C2F2000090ED095AD0ED100AD7
:1010100090ED084A90ED0A6A90ED0B7A20EE855A21
:10102000D0ED0D0AD0ED0E1A24EE024A20EE866AAB
:1010300021EE877AC16B80ED0F2AB0EE002A37EEE1
:10104000066A35EE044AB4EE429A34EE464AF1EEB0
:1010500010FA80ED0C4A0164C0ED0E0A80ED0D4AD5
:1010600013DDB9F80C230B2A22D3D9F8502242F20F
:101070001170824220D399EDC12A9FED575A002268
:1010800032EE052A89EDC12A17E0B6EE002AB4EE49
:10109000429AF1EE10FA26DAB9F80E23652A1FD328
:1010A0000020C9F80403A9F80C03C9F850021AE09B
:1010B000501CA9F80C0305E001320020C9F85022A9
:1010C000A9F80E0399EDC12AB7EE005AB4EE452AED
:1010D000F1EE10FAC4BF4FF07E50C9F8040302E0ED
:1010E000501CA9F80E0399EDC12A002224EE022A11
:1010F00032EE014AB5EE404AF1EE10FAB8BFB0EE5A
:10110000434A89ED904A89F88420B0EE001AB4EE83
:10111000419AF1EE10FA13DAB6EE001AB4EE419AE3
:10112000F1EE10FA1BDAD9F86422C92A39BF501C33
:10113000C9F86402002089F85E0209F518720CE013
:10114000D9F86022C92A03D3012089F85E0202E09F
:10115000501CC9F8600209F519720020106099ED61
:10116000901AB5EE401AF1EE10FABEBF0020C9F891
:101170004002B0EE431ABEF1010F1DD199F8840070
:10118000D0B9B4EE401AF1EE10FA1ADC9FED130A52
:10119000B4EE401AF1EE10FA4DDDBCEEC10A4FF686
:1011A000104110EE100ABCEEC10ACFF6FF7189EDB6
:1011B000950A01EB50023CE0B4EE401AF1EE10FA51
:1011C00016DD43F29250C9F85402052341F2D96268
:1011D0004DE000BF00000000CDCCCC3D0000164625
:1011E00000900046295CA844DCFDA83E00C01B44DA
:1011F0001FED050AB4EE401AF1EE10FA40F310812B
:10120000BCEEC10A10EE100A42F22401884288BFE7
:10121000014643F29250814228BF01464FF61040EA
:10122000CFF6FF7000EB5102C9F85412642A98BF40
:10123000642204231BE01FED150A4FF41650B4EE90
:10124000401AF1EE10FAC9F8540240F3FF801FED86
:101250001A0A1FED1A2A21EE000A30EE020ABDEE2C
:10126000C00A10EE102A642AD8BF64220323C9F8EA
:101270005822052289F86832A9F85C22BEF1000FD5
:1012800019D0BEF1030F00F0128158F8040C40F0A1
:10129000300048F8040C012089F8A600501EA9F877
:1012A0005C02BEF1030F00F20281DFE81EF00400D1
:1012B00050007A000001D9F8780242F21171884298
:1012C00005D3012089F87C020020002205E099F86E
:1012D0007C12421CB1FA81F040090028C9F878223A
:1012E00040F0348199F87202002800F02F8199F8BB
:1012F0009002002800F02A81B9F84401002840F04B
:10130000258199F87502002800F0208144F2000040
:1013100089ED2B8AC4F20200016841F000410160AE
:10132000DCF8000040F40060CCF80000DCF80400B9
:10133000400540F10B81012089F80E0158F8041C8A
:1013400041F0300148F8041C89F8A600F5E099F84E
:1013500072020121002889F890125DD099F8750277
:10136000002859D0B9F84401002855D199ED2A1A1E
:1013700099ED2B0AB4EE410AF1EE10FA80F2CE801C
:10138000B0EE001A0FF23840B4EE410AF1EE10FA56
:10139000B8BF043090ED001A31EE000A89ED2B0A37
:1013A000CBE099F87202B8B399F89002A0B3B9F8FB
:1013B000440188BB99F8750270B3D9F8D80201309E
:1013C0003328C9F8D80212D30021C4F28811C9F811
:1013D000EC1049F20401C4F2030140F61B723328F9
:1013E0000A601EBF0020C9F89C00C9F8D80299ED18
:1013F0007D0A9FEDF21A41F2921220EE010ABCEE34
:10140000C00A10EE101A88B29042A9F80C1140F2EE
:10141000818041F2931092E0032089F80E0195E05B
:101420009FEDE40A42F2240040F2363121EE000A38
:10143000C9F85402C9F85812BDEEC00A10EE102ABD
:101440000020A9F8DC2289F8680210E09FEDDA0A92
:1014500040F22C40C9F85802002021EE000A89F819
:101460006802BDEEC00A10EE102AA9F8DC2299F835
:10147000DE32062B06D30F2A28BF0F22A9F85C22E2
:10148000002002E0B9F85C22581C002A89F8DE022C
:101490007FF4F4AE00204FF0FF31A9F85C02C8F8E9
:1014A0000010A9F8A600BEF1030F7FF6FEAE4FF0C4
:1014B000FF30C8F800000020A9F8A600D8F80010F6
:1014C00041F0C001C8F8001044F20001C4F202016A
:1014D0000A6842F400420A60DCF8001048F2A06298
:1014E00041F00061CCF80010D9F85811C0F20102A7
:1014F00001319142C9F8581103D9C9F85801FEF7D2
:1015000071FF99F8740208B30020C9F85801FEF77A
:1015100069FF1BE0022814D8022010E0D9F88002ED
:1015200089ED2B1A01300B28C9F8800205D302205F
:1015300089F80E010020C9F880024FF40960A9F86B
:101540000C014AF25801C4F20201086044F6B003EB
:10155000D9E99521C2F2000301201870322044F627
:10156000B40700EB520644F6B80044F6C404C2F2D5
:101570000007C2F20000C2F200044FF4907544F676
:10158000AC0B3960066001EB520644F6BC0144F630
:10159000C00E256042F6AB1544F6C80C44F6CC0AE2
:1015A000C2F2000B5308C2F20001C2F2000EAA42BE
:1015B000C2F2000CC2F2000ACBF800200E60CEF896
:1015C000002010D341F2B305CCF80050464603F595
:1015D00090781D44A2F22242CAF80080B04695429B
:1015E00088BF154609E0A3F22245CCF8005003F568
:1015F0009073A2F22245CAF8003044F6D003C2F23A
:1016000000034BF600721D60C4F2030215684BF232
:10161000140645F00D05156000BF00BF00BF00BFF8
:1016200000BF00BFDBF80050C4F2030635603F681E
:10163000F7600068306109687161C6F8005344F6CC
:10164000B005C2F200052D78002D18BF3225C6F86E
:101650000853C6F80C73C6F81003C6F81413DEF866
:1016600000004FF22051C6F800042068CFF6FF7149
:10167000C6F80804DCF800005050DAF800004FF219
:101680002451CFF6FF71505018684FF22851CFF611
:10169000FF71505000BF00BF00BF00BF00BF00BFC0
:1016A000106820F00D00106000BF00BF00BF00BF39
:1016B00000BF00BF99F85E0268B199F8680200F0B7
:1016C000FE00042807D158F8040C40F0C00048F888
:1016D000040C012006E0D8F8000040F0C000C8F873
:1016E00000000020D9F8B01089F8A700B9F80C2143
:1016F00044F6D400C2F2000000EE102A09F5FA7791
:101700000160B8EE400AD9F808C18CCFD9F8006260
:10171000D9F81452D9E9C74180ED010AC0E9023273
:10172000C0E904C5C0E90676C0E9084144F20401F5
:10173000C2F200010978C1B942F21401C4F20201F7
:101740000A68520711D50A6842F004020A6041F89B
:10175000140C43F22000C4F2000041F8100C2C20BD
:1017600041F80C0C012041F8040C99F8C80200283B
:101770007EF4D3AE41F20400CEF2000000689FED8B
:10178000121AC9F8B802D9F8B802D9F8B412401A36
:1017900000EE100AB8EE400A89EDAF0A99EDAF0AE3
:1017A000012020EE010A89EDAF0A89F8C802FEF790
:1017B000B4BE00BF327D953CF268FE3BD4BC3643DC
:1017C0006F12033B0AD7A33B0BD7A33B2DE9F04F86
:1017D00081B02DED028B86B049F21000C4F20000FA
:1017E00050F8041C890544BF01685FEA815105D4A3
:1017F00006B0BDEC028B01B0BDE8F08F4FF4007174
:1018000044F294390160C2F2000999F8C80241F229
:10181000040E0028CEF2000E1EBF0020CEF80000FD
:10182000C9F8B402B9F84C1199F8840040F6FF7277
:10183000914399F80E2100F00100084402F00301E1
:1018400099F8682240EAC10002F0030140EA410031
:1018500099F8A61099F8A72001F00701B9F84431CA
:1018600002F0030240EA411040EA821003F01F0137
:1018700099ED2A0A40EAC110A9F84C0199ED2C1AF9
:1018800099ED322A99ED3F3ABDEEC00A10EE100AEA
:1018900089F85001BDEEC10A10EE100A89F8510115
:1018A000BDEEC30A10EE100A89F8520144F200108E
:1018B000C2F20000817899F8752299ED420A03F08E
:1018C0000F0301F0E00142EA430230EE020A114345
:1018D000B5EE400A9FED311A81709FED318AF1EE2D
:1018E00010FAB8BFB0EE480A20EE010ABDEEC00AF9
:1018F00010EE101AB2EE040A0A0A23EE000A027170
:10190000A0F80310BDEEC00A10EE101A0A0A827188
:1019100099F848204171C27144F65400C2F20000A7
:101920000078002800F0F48143F23C04C4F2000483
:10193000206844F66C0644F64E058005C2F20006A7
:10194000C2F2000500F1998144F6500CC2F2000C7D
:101950004FF6FE789CF8000044F22173C0F20108B3
:10196000C2F2000341F2210B002700BF54F8182CEB
:101970004FF00001318048B12988B1F5967F11D32D
:1019800044F652010020C2F2000169E1D0B2012800
:1019900030D101201870288064E100BF00007A4433
:1019A000000000004B1C2B8044F22173C2F20003A4
:1019B00001285A5420D044F65202C2F200020228F2
:1019C0002AD112880B2928D33ABB5A8944F6520EE1
:1019D0000E3293B2C2F2000EB3F5967F44F2217339
:1019E000AEF8002041F2040EC2F20003CEF2000E67
:1019F000C6D812E0002037E139B358784138B0FA40
:101A000080F04FEA50104FEA40008CF800000EBF03
:101A100002200020288027E11288531E9BB28B42AF
:101A200044F22173C2F2000300F21E8190B20190D1
:101A3000023833F800C0010409D081B2012900F056
:101A4000010209D10021002075E001200CE10020F5
:101A5000844500F0AB80EEE0A1EB020E00210020F7
:101A60005C5C5E1880EA042008EA4004000448BF79
:101A700084EA0B0408EA4400240448BF80EA0B000F
:101A800008EA4004000448BF84EA0B0408EA440062
:101A9000240448BF80EA0B0008EA4004000448BF61
:101AA00084EA0B0408EA4400240448BF80EA0B00DF
:101AB00008EA4004000448BF84EA0B0408EA440032
:101AC0007678240448BF80EA0B0080EA062008EA02
:101AD0004006000448BF86EA0B0608EA46003604C2
:101AE00048BF80EA0B0008EA4006000448BF86EAC7
:101AF0000B0608EA4600360448BF80EA0B0008EAF5
:101B00004006000448BF86EA0B0608EA4600360491
:101B100048BF80EA0B0008EA4006000448BF86EA96
:101B20000B0608EA4600360401F1020148BF80EACC
:101B30000B008E4594D192B3595C80EA012008EAEB
:101B40004001000448BF81EA0B0108EA4100090492
:101B500048BF80EA0B0008EA4001000448BF81EA60
:101B60000B0108EA4100090448BF80EA0B0008EABB
:101B70004001000448BF81EA0B0108EA4100090462
:101B800048BF80EA0B0008EA4001000448BF81EA30
:101B90000B0108EA4100090448BF80EA0B0041F24A
:101BA000040E80B2CEF2000E844544D1987801280C
:101BB00007D1D87828B944F66B00C2F200000121A1
:101BC00001704AF655206FF04004002604900594F9
:101BD000DDF804A00020AAEB060902ADB9F1080F58
:101BE000A8BF4FF00809CDE9020099195FFA89F200
:101BF000284600F0BFF92009494660F31F110591FE
:101C000004A8294600F09DF956FA89F086B2564597
:101C100005D2059C44F22173C2F20003D8E744F2D6
:101C2000943941F2040E44F22173C2F20009CEF25B
:101C3000000EC2F2000344F64E0544F6520144F68B
:101C4000500C44F66C0643F23C040020C2F200053E
:101C5000C2F20001C2F2000CC2F20006C4F200049B
:101C6000288008808CF8000021687E2F05D811F4A8
:101C7000007107F101073FF479AE2888A0B13088E0
:101C800041F28832013081B2914230800CD344F667
:101C900052010020C2F20001088044F65001C2F255
:101CA000000130802880087044F66B00C2F200000A
:101CB000007868BB44F66800C2F20000018840F674
:101CC000C41301318AB29A42018021D344F66A04D6
:101CD000C2F20004227800210180501C20704FF6CF
:101CE000AA70ADF8100045F23950CDF81210ADF8D9
:101CF000160004A80821754600F041F92078AE4688
:101D0000032805D344F66B010120C2F200010870DC
:101D1000D9F86C0241F288310130884288BF002036
:101D200099F8E812D9F8EC22C9F86C02481C89F835
:101D3000E802501CC9F8EC02D9B999F80E21022A20
:101D400017D199EDB50A9FED641A44F6602130EE83
:101D5000011A9FED620AC2F20001B4EE401AF1EEE0
:101D600010FA81ED041A89ED461A2DDA89ED460A3A
:101D700033E0092956D0022958D001296DD199EDB7
:101D80003E3A99ED3C2AB6EE0E4A23EE043A9FED18
:101D9000504A99ED311A33EE022A99ED2C0A22EEBF
:101DA000043A89ED3E2AB6EE0F2A21EE021A9FED83
:101DB000492A31EE000A20EE021A89ED3F3A89EDF8
:101DC000310A89ED321A48E09FED450AB4EE401A17
:101DD000F1EE10FAC8BF89ED460A99ED132AB7EE65
:101DE000001AB5EE402AB0EE420AF1EE10FAC8BF72
:101DF000B0EE480A30EE011AB5EE401AF1EE10FAD4
:101E0000B5EE402ABFEE003AB8BFB0EE430AF1EE9D
:101E100010FA1ADCB5EE401AF1EE10FAB8BF89EDEF
:101E2000130A14E0002189F8E81216E046F20001D6
:101E3000C4F202014A68920436D40A6842F480422D
:101E40000A60002189F8981207E089ED130A99EDDC
:101E50002A1A31EE400A89ED2B0A42F210718842AB
:101E600004BF0020C9F8EC0299F8C80200283FF42A
:101E7000BFACDEF800009FED1B1AC9F8B802D9F814
:101E8000B802D9F8B412401A00EE100AB8EE400AAF
:101E900089EDB00A99EDB00A002020EE010A89ED23
:101EA000B00A89F8C802A3E4D9F8942241F2893330
:101EB00001329A42C9F89422CFD30A6842F0804294
:101EC0000A60012189F898120021C9F89412C4E728
:101ED0000000803D0000003D00002C420000024256
:101EE000000040420BD7A33B4CF6591CC0F6000C37
:101EF000604748F2816CC0F6000C604749F6296CD7
:101F0000C0F6000C60474AF20D0CC0F6000C6047AA
:101F10004AF2D91CC0F6000C604748F2816CC0F64A
:101F2000000C60474BF2755CC0F6000C60474BF24A
:101F3000C96CC0F6000C60474BF6891CC0F6000C5B
:101F4000604749F6912CC0F6000C60474BF2A54C57
:101F5000C0F6000C60474CF2354CC0F6000C6047F0
:101F600048F2737CC0F6000C604748F2E56CC0F69E
:101F7000000C604748F2816CC0F6000C60474BF6DD
:101F8000792CC0F6000C604700127A0001000000B6
:101F90000000000000000000000000000000000041
:101FA0000000000000000000000000000000000031
:101FB0000000000000000000000000000000000021
:101FC0000000000000000000000000000000000011
:101FD0000000000000000000000000000000000001
:101FE00000000000000000000000000000000000F1
:101FF00000000000000000000000000000000000E1
:1020000000000000000000000000000000000000D0
:0420100000000000CC
:04000005080081A1CD
:00000001FF
