:020000040800F2
:1080000000000120CDB10008C5B10008818B000837
:10801000C1B100089987000869B400080000000099
:10802000000000000000000000000000D5B10008C2
:10803000798B000800000000C9B10008D9B1000820
:108040007D8B00087D8B00087D8B000825B2000821
:108050007D8B00087D8B00087D8B00087D8B0008E0
:108060007D8B00087D8B00087D8B00089D870008B4
:108070007D8B00087D8B00087D8B00087D8B0008C0
:108080007D8B00087D8B00087D8B00087D8B0008B0
:108090007D8B00087D8B00087D8B00087D8B0008A0
:1080A0007D8B0008D90E0010A52100107D8B0008E3
:1080B0007D8B00087D8B00087D8B00087D8B000880
:1080C0007D8B00087D8B00087D8B00087D8B000870
:1080D0007D8B00087D8B00087D8B00087D8B000860
:1080E0007D8B00087D8B00087D8B00087D8B000850
:1080F0007D8B00087D8B00087D8B00087D8B000840
:108100007D8B00087D8B00087D8B00087D8B00082F
:108110007D8B00087D8B00087D8B00087D8B00081F
:108120007D8B00087D8B00087D8B00087D8B00080F
:108130007D8B00087D8B00087D8B000801000010FE
:108140007D8B00087D8B00087D8B00087D8B0008EF
:108150007D8B00087D8B00087D8B00087D8B0008DF
:108160007D8B00087D8B00087D8B00087D8B0008CF
:108170007D8B00087D8B00087D8B00087D8B0008BF
:108180007D8B00087D8B00087D8B00087D8B0008AF
:108190007D8B00087D8B00087D8B00087D8B00089F
:1081A000DFF80CD000F0CCF90048004739B60008E1
:1081B0000000012030B504460020034600E05B1CAF
:1081C000934203D2E05CCD5C401BF8D030BD2DE97A
:1081D000F05F0546002092469B468846064681464B
:1081E00040241BE0284641464746224600F0C9F994
:1081F00053465A46C01A914110D31146184622469A
:1082000000F0B0F92D1A67EB01084F462246012015
:10821000002100F0A7F917EB00094E41201EA4F140
:108220000104DFDC484631462A464346BDE8F09F5C
:108230002DE9FE4F804681EA0300C00F0C460090F6
:1082400021F0004123F00045B8EB0200A94105D21E
:108250004046214690461C460B46024623F000400D
:10826000104347D0270DC7F30A00C3F30A51029009
:10827000401A019040286BDAC3F3130040F4801BCE
:108280000098924620B10023D2EB030A63EB0B0B5C
:1082900001985946C0F14002504600F063F9064685
:1082A0000D4650465946019A00F07BF910EB080044
:1082B0006141002487EA115284EAE7731A4340D0EF
:1082C000009A62B3019A012A4FEA075215DC001B9B
:1082D00061EB02014FF0004202EA0752CDE9004291
:1082E000001C41F5801132462B4600F07BF903B0AB
:1082F000BDE8F08F40462146F9E7001B61EB020123
:10830000001C41F5801300185B412018A2F50017EE
:1083100047EB030140EAD570B6196D4111E06D08D5
:108320004FEA360645EAC0754FEA0752001B61EB7B
:108330000201001C41F5801149084FEA3000001984
:10834000514132462B4603B0BDE8F04F00F03BB937
:108350000098012240000023D0EB020263EBE0739F
:10836000009821464FEAE074B8EB000061EB04018D
:10837000E9E783F000435BE781F0004158E72DE92E
:10838000FE4F81EA030404F0004421F00041009410
:108390004FF0000B23F0004350EA01045ED052EA94
:1083A00003045BD0C3F30A54C1F30A552C44A4F26E
:1083B000F3340194A0FB0254C1F3130141F4801182
:1083C000C3F3130343F4801301FB024400FB034E89
:1083D000840A970A44EA815447EA8357A4FB076852
:1083E00002958D0A05FB07854FEA932C04FB0C547C
:1083F0002705029D4FEA065847EA1637B5EB0805F0
:108400006EEB070C870E920E47EA811742EA831241
:10841000A7FB0201B6EB0B0164EB00042B0D43EA52
:108420000C335E1844EB1C50DA465146E7FB020160
:10843000C5F313044FEA0B3343EA14534FEA0432F3
:10844000019C43EA0603A4F10C040294009CCDE9CC
:1084500000B400F0C7F803B0BDE8F08F002001467B
:10846000F9E72DE9F04D81EA030404F0004B21F017
:10847000004514464FF0000A23F0004150EA05027F
:1084800020D054EA01021DD0C5F30A570246C5F3B5
:108490001303C1F31300C1F30A5640F4801543F4EB
:1084A0008013A7EB0608101BD64608F2FD3873EBC5
:1084B000050002D308F1010801E092185B41B8F110
:1084C000000F03DA00200146BDE8F08D00204FF4D4
:1084D0008011064684460EE0171B73EB050705D393
:1084E000121B63EB050306434CEA010C49084FEAF3
:1084F000300092185B4150EA0107EDD152EA0300C7
:1085000012D082EA040083EA0501084305D0101B5B
:10851000AB4106D20122002306E000224FF00043C7
:1085200002E06FF0010253101AEB06004CEB085109
:1085300010EB0A0041EB0B01BDE8F04D00F043B831
:10854000064C074D06E0E06840F0010394E80700A0
:1085500098471034AC42F6D3FFF726FEA4E4000897
:10856000E4E40008202A04DB203A00FA02F10020AB
:1085700070479140C2F1200320FA03F31943904061
:108580007047202A04DB203A21FA02F000217047CC
:1085900021FA02F3D040C2F120029140084319466B
:1085A0007047202A06DBCB17203A41FA02F043EA53
:1085B000E07306E041FA02F3D040C2F1200291409C
:1085C00008431946704710B5141E73F1000408DA09
:1085D000401C41F1000192185B411A4301D120F087
:1085E000010010BD2DE9F04D92469B4611B1B1FA44
:1085F00081F202E0B0FA80F220329046FFF7B2FF3B
:1086000004460F4640EA0A0041EA0B0153465A4627
:10861000084313D0114653EA010019D0C8F14002B3
:108620005046FFF7AEFF05460E46504659464246B5
:10863000FFF798FF084305D0012004E020463946A3
:10864000BDE8F08D0020054346EAE0762C43374331
:108650000A986305E40AA0EB08000022FD0A44EA38
:1086600047540A3002D500200146E9E701051019F8
:108670006941DDE9084500196941BDE8F04DA2E70F
:1086800010B5431A934209D28318881803E010F8F2
:10869000011D03F8011D521EF9D210BD40EA01036D
:1086A0009B0703D009E008C9121F08C0042AFAD2A8
:1086B00003E011F8013B00F8013B521EF9D210BD56
:1086C000D2B201E000F8012B491EFBD27047002214
:1086D000F6E710B513460A4604461946FFF7F0FFC1
:1086E000204610BD30B5041E71F1000404DB4FF0CC
:1086F0000044404264EB0101141E73F1000405DBE9
:108700001C464FF00043524263EB0403801A994128
:1087100001D2012030BD002030BD0EB540F2334102
:1087200002910021CDE900110A460B46FFF75AFFDE
:1087300003B000BD70B5C1F30A5201F0004500243A
:10874000C1F3130140F2FF3341F480119A4201DA80
:10875000002070BD40F233439A42A2F2334203DC60
:108760005242FFF70EFF00E090402C43F1D0404210
:1087700070BD00F0004230F000400AD0C10D01F59C
:108780006071C0F3160042EA0151C208400711436C
:108790007047002001467047FEE700002DE9F043D6
:1087A00081B045F20C05C4F2010555F8048C2F6820
:1087B00007EA0806300640F19A808020286044F2DB
:1087C0001010C2F20000016F19B1016FA5F10C0089
:1087D000884744F62814C2F20004A068002840F03C
:1087E0008680A06804EBC0004069A26820F0604168
:1087F00004EB8210407FB1F5302F1BD04AF6552292
:10880000914203D020291AD1202115E0A06804EB61
:108810008010007F022805D0A06804EB8010007F44
:10882000012816D1A06804EB8010407F412810D1A8
:1088300002F020FE4FF4302105F0B8F809E044F2D0
:108840009432C2F20002D2F86023914208BF05F0D0
:10885000ADF8A0680130A060A06800281CBF00200F
:10886000A060D4F8009044F20000C4F20100A268B5
:10887000A168814544F21010C2F2000007D045F211
:108880000003C4F20103994540F0FE805430037E9A
:10889000012B15D1042304EBC20204EB81110376F2
:1088A00048F6992314321C31C0F60003C3610161FC
:1088B0004261D9F8080040F08000C9F8080016E0CD
:1088C0004EF2E510C0F6000005F076F84EF22410E6
:1088D000C0F60000494605F06FF84EF29F404EF298
:1088E000A141C0F60000C0F6000105F065F8700671
:1088F00044BF40202860B00644BF20202860F00616
:1089000044BF1020286030070BD50820286044F2AF
:108910001010C2F20000816D19B1816DA5F10C003B
:10892000884770070BD50420286044F21010C2F26B
:108930000000016E19B1016EA5F10C008847B00767
:1089400044BF0220286041F24000C4F202000168E6
:1089500001F47F01B1F5003F17D95FEA883118D5DE
:1089600017F0010115D00121296044F21011C2F263
:108970000001052281F8542081F85C2081F86C20E8
:1089800081F87C2081F88C2003E0F9071CBF0121CD
:108990002960710544BF4FF480612960B10544BF6F
:1089A0004FF400712960F10544BF4FF480712960D4
:1089B000006800F47F00B0F5403F62D3300544BF4B
:1089C0004FF400602860F0040ED54FF4805028600A
:1089D00044F21010C2F20000D0F8901021B1D0F88B
:1089E0009010A5F10C008847B0040ED54FF400504C
:1089F000286044F21010C2F20000D0F8801021B1BB
:108A0000D0F88010A5F10C008847700344BF4FF4E4
:108A100080202860300344BF4FF400202860F0021B
:108A200044BF4FF480102860B00244BF4FF40010E0
:108A30002860700244BF4FF480002860300244BFB9
:108A40004FF400002860F00144BF4FF080702860B0
:108A5000B00144BF4FF000702860700144BF4FF078
:108A600080602860300144BF4FF000602860F00053
:108A700044BF4FF080502860B00044BF4FF000501A
:108A8000286001B0BDE8F0834EF2B230C0F60000BD
:108A900040F2F65102F000FDB0B584B0044644F255
:108AA0000000C4F2010044F210158442C2F2000535
:108AB00006D045F20000C4F20100844253D154357F
:108AC000A06820F08000A0606869E0B3206C69694C
:108AD0000860606C696948602869A0B345F20003CA
:108AE00028696A6944F48051C4F20103994204F18F
:108AF000480125D140F20013C0F20233009340F246
:108B00000453C0F20673019340F60843C1F21043C8
:108B10005268029342F21803C4F2300302F00F02CB
:108B200003936B4613F802E0D4F800C07246BEF11E
:108B3000080F28BF08225FEA4C3348BF724600E0A6
:108B40000022FFF79DFD206840F480102060002087
:108B5000E86101202876A86C18B104B0BDE8B040E7
:108B6000004704B0B0BD4EF2B230C0F600004FF482
:108B7000186102F091FC000070470000FEE7000061
:108B8000FEE70000B0B5A0F18042A2F560324FEAE6
:108B9000B222042A78D200297ED00C78142C80F0DE
:108BA000838091F801C0BCF1040F80F08580032A16
:108BB00088BFB0BD132C98BFBCF1030F00D9B0BD66
:108BC000026852075CBF02685FEA027214D54EF277
:108BD000CA10C0F6000004F0EFFE3BA005F03EF91D
:108BE0004EF29F404EF2A141C0F60000C0F60001D7
:108BF000BDE8B04004F0E0BE4AF6AB224FEAD40E26
:108C0000CAF6AA22AEFB02235A0802EB4202C2EBCA
:108C1000D40200EB82021C23D2F830E003EA840382
:108C200003249C400CFA03F52EEA040E2C404EEA75
:108C300004051563D2F830E08D78033301249C409D
:108C400005FA03F32EEA040E234043EA0E031363EE
:108C50000C238A8803EA8C031844C0F8A02041F250
:108C60004002C4F202021268C98802F47F02B2F51F
:108C7000003F04D96FF3DF31C0F8C010B0BD6FF30F
:108C80009F31C0F8C010B0BD4EF2FC20C0F600000D
:108C900040F2B72102F000FC4EF2FC20C0F60000CA
:108CA0004FF42E7102F0F8FB4EF2FC20C0F60000EB
:108CB00040F2B92102F0F0FB4EF2FC20C0F60000B9
:108CC00040F2BA2102F0E8FB4144432043616C6961
:108CD00062726174696F6E2063616E277420436FE6
:108CE0006E666967207768696C65206974277320F0
:108CF00052756E6E696E67210000000070B5A0F1BC
:108D00008042A2F560324FEAB222042A7ED20029C4
:108D100000F084800B78142B80F08880032A88BFB1
:108D200070BD026852075CBF02685FEA027214D528
:108D30004EF2CA10C0F6000004F03EFE3FA005F05F
:108D40008DF84EF29F404EF2A141C0F60000C0F6F1
:108D50000001BDE8704004F02FBE4CF6CD42CCF6C9
:108D6000CC42A3FB022C4FEA1C1202EB8202D1F888
:108D700008E000F5C874A3EB820C04EB0C1541F27B
:108D80004002C5F804E0C4F20202D2F800E08A8989
:108D90000EF47F0E16466FF35F364FEA0C13BEF5E6
:108DA000003F88BF1646AE60E2584E7822F00402BB
:108DB00006F03F0642EA86028D7891F803E0E25021
:108DC000E25805F01F0522F0080242EAC502E2500F
:108DD000012202FA0CFCD0F88421BEF1000F0CBF76
:108DE00022EA0C0242EA0C02C0F884210979002927
:108DF000D0F88C110CBF21EA0C0141EA0C01C0F83B
:108E00008C11E05840F00100E05070BD4EF2FC20A3
:108E1000C0F6000040F2922102F03EFB4EF2FC2030
:108E2000C0F6000040F2932102F036FB4EF2FC2027
:108E3000C0F600004FF4257102F02EFB41444320A0
:108E4000444D412063616E277420436F6E666967ED
:108E5000207768696C6520697427732052756E6E7F
:108E6000696E6721000000002DE9F04784B00446D8
:108E7000A0F18040A0F560304FEAB020042880F0D7
:108E80003E810D46002900F04281206840075CBF0A
:108E900020685FEA007015D54EF2CA10C0F60000D7
:108EA00004F08AFD9EA004F0D9FF4EF29F404EF2DE
:108EB000A141C0F60000C0F6000104B0BDE8F047D3
:108EC00004F07ABDE8684DF6806AC0F6000A002812
:108ED00018BF824600200390019048F6000044F23B
:108EE0000008C4F20300C4F2020884424FF00F00ED
:108EF00002901ED048F20040C4F20300844226D003
:108F000048F20000C4F2030084424ED101AF4FF09A
:108F1000010940463946CDF8049001F021FA0420B9
:108F2000019008F58050394601F01AFA082601969A
:108F300021E0012008F58057019001A9384601F091
:108F40000FFA02204FF004092026019014E001AF2F
:108F50004FF0020940463946CDF8049001F000FA7E
:108F600046F200001026C4F202003946019601F0D4
:108F7000F7F980200190474601A9384601F0F0F941
:108F80004C2048F2E471C4F20200C3F6AC714163B4
:108F9000016931430161016841EA09010160016A27
:108FA00041F00801016201214163A06840F008001E
:108FB000A060A06840F00200A060A06840F001003E
:108FC000A060D4F80003298861F31120C4F80003DD
:108FD000D4F80003A978EA7861F30300C4F8000329
:108FE000606862F3CF306060A0689AF8001061F3A7
:108FF0000510A0604DF24000CFF6FF7058F8000059
:1090000000F47F00B0F5003F10D944F26430C2F2A2
:1090100000000068C00709D09AF8011060680029B4
:109020000CBF20F4804040F480406060206840071E
:109030005CBF20685FEA007007D54EF2CA10C0F628
:10904000000004F0B9FC3FA02DE761686A79287937
:1090500062F30B21AB79EF796160616807F001027F
:1090600063F306116160616821F0800141EAC21179
:109070006160297A6268002942F0010308BF22F08A
:1090800001036360697A6268002942F0020308BF45
:1090900022F0020363606168002841F4805208BF37
:1090A00021F480526260206840F00100206044F6A4
:1090B000E810C2F2000001682269D20519D40268E2
:1090C000521A642A18D82269D20512D40268521A98
:1090D000642A11D82269D2050BD40268521A642A74
:1090E0000AD82269D20504D40268521A642AE3D944
:1090F00002E04FF48070206104B0BDE8F0874EF2CA
:10910000FC20C0F6000040F2291102F0C5F94EF231
:10911000FC20C0F600004FF4957102F0BDF900BFCD
:109120004144432063616E277420496E697420773F
:1091300068696C6520697427732052756E6E696E5C
:1091400067210000414443204F76657273616D7062
:109150006C652063616E277420436F6E66696720BB
:109160007768696C6520697427732052756E6E6923
:109170006E6721002DE9F041A0F18042A2F5603236
:109180004FEAB224042C80F08E80002900F09380F6
:109190004A78142A80F097800B78102B80F09B80FF
:1091A000032C88BFBDE8F081132A98BF0F2B01D98B
:1091B000BDE8F0810468640758D44CF6CD4ECCF677
:1091C000CC4EA3FB0E4C4AF6AB254FEA9C06D408C6
:1091D000CAF6AA2506EB8606A4FB0558A2FB0E5E7E
:1091E0009B1BCCF3810503EB430300EB85055B0080
:1091F0002F6CDBB21F269E4002FA03F3B7433340C5
:109200003B432B648369CF784FF0010C07F00107D3
:109210000CFA02F69740B34337403B438D78097907
:1092200083614FEA580303EB4303C3EBD20300EB24
:1092300083031C261F6A06EA8206072401F0070141
:10924000B440B140A7432140394319624FEA1E118F
:1092500001EB8101A2EB81010CFA01F1DDB1D0F843
:1092600004211143C0F80411BDE8F0814EF2CA1088
:10927000C0F6000004F0A0FB1BA004F0EFFD4EF2CE
:109280009F404EF2A141C0F60000C0F60001BDE8CB
:10929000F04104F091BBD0F8042122EA0101C0F8AA
:1092A0000411BDE8F0814EF2FC20C0F6000040F24F
:1092B000EF1102F0F1F84EF2FC20C0F600004FF47E
:1092C000F87102F0E9F84EF2FC20C0F6000040F21E
:1092D000F11102F0E1F84EF2FC20C0F600004FF46C
:1092E000F97102F0D9F800BF414443205265677517
:1092F0006C6172204368616E6E656C2063616E27DD
:109300007420436F6E666967207768696C652069B1
:109310007427732052756E6E696E6721000000001D
:1093200010B5A0F18042A2F560324FEAB222042AC1
:1093300043D2002949D00268520729D442684B78A9
:1093400091F800C063F3D75291F802E0CC78426004
:109350004268BCF1000F6EF353424260426842F42F
:10936000803308BF22F480334360026D64F30B2224
:109370000265026D0B7922F0C00203F0030342EA9A
:1093800083120265026D497961F30402026510BD22
:109390004EF2CA10C0F6000004F00EFB0FA004F05D
:1093A0005DFD4EF29F404EF2A141C0F60000C0F6B6
:1093B0000001BDE8104004F0FFBA4EF2FC20C0F6F8
:1093C000000040F2CD1102F067F84EF2FC20C0F62A
:1093D00000004FF4E77102F05FF800BF4144432002
:1093E000526567756C617220436F6D6D6F6E20639F
:1093F000616E277420436F6E666967207768696CB9
:109400006520697427732052756E6E696E6721003E
:109410002DE9F04184B0002800F0B48044F2101E21
:10942000C2F2000E9EF8542045F20008012AC4F250
:10943000010847D1D8F80020920500F1A08003224E
:1094400000238EF85420CEF85830D8F80020002998
:1094500022F48052C8F800200268C8F888204268C8
:10946000C8F88C2000F0828040F20012C0F2023274
:10947000009240F20452C0F20672019240F6084295
:10948000C1F210424068029242F21802C4F2300265
:1094900000F00F0003926A46165CD8F800203046B0
:1094A000082E28BF0820520348BF30460330B3EBD4
:1094B000900F5BD08008421E032A00F0030C18D2E4
:1094C000002333E04EF2E510C0F6000004F074FA19
:1094D00030A0414604F070FA4EF29F404EF2A14196
:1094E000C0F60000C0F6000104B0BDE8F04104F091
:1094F00063BAA0EB0C000023302208F1900500BFF6
:109500000E6802EA8307EE514E683C1D2E518C68AE
:1095100007F10806AC5101F11006C96807F10C0407
:109520000433295198423146EAD13146BCF1000F4B
:109530001CD0086803F00F0208EB8202BCF1010F97
:10954000C2F8900012D0581C4A6800F00F0008EBD7
:109550008000BCF1020FC0F8902007D0981C8968E9
:1095600000F00F0008EB8000C0F89010D8F8000061
:1095700040F40070C8F8000001208EF8540004B0D8
:10958000BDE8F0814EF2B230C0F6000040F2D731B3
:1095900001F082FF546869732043414E5B307825A7
:1095A0003038785D205054422054782069736E27FB
:1095B0007420696E2052454144592073746174656A
:1095C0002C2063616E277420737461727420547848
:1095D000210A000010B5A0F18042A2F568324FEADE
:1095E0003222092A7ED2002900F083805C2248F2D0
:1095F000E473C4F20202C3F6AC735362136843F41B
:1096000080731360136943F02003136101235362D5
:10961000036841F2400223F00103C4F20202036036
:10962000136803F47F03B3F5003F14D944F26433A5
:10963000C2F200031B685B0712D54B7A1268002B3D
:1096400002F47F0246D0B2F5003F09D9026842F425
:109650000062026004E002688B7963F3CB2202604F
:109660000268CB7922F0C00203F0030342EA8312BE
:10967000026002680B7A63F3C302026002680B792E
:1096800091F800E063F3051291F801C0CC78026014
:1096900002684B79BEF1000F63F30A220260446056
:1096A000826842F0010308BF22F0010383608268F0
:1096B000BCF1000F42F0020308BF22F002038360F6
:1096C00089780268002942F4805308BF22F480534D
:1096D000036010BDB2F5003FC2D9026822F40062F7
:1096E0000260BDE74EF22940C0F60000432101F0C0
:1096F000D3FE4EF22940C0F60000442101F0CCFE1A
:109700002DE9F041002900F0DC8141F20C08C4F29F
:109710000208D8F83420C2F30742022A19D8B1F956
:1097200006201D2A03DCB1F908201E2A11DBE8A05F
:1097300004F042F9E9A004F091FB4EF29F404EF292
:10974000A141C0F60000C0F60001BDE8F04104F000
:1097500033B94D6A42F20C02DCA4C4F202024301A6
:10976000002DD65818BF2C46257826F0406605F007
:10977000030546EA8566677894F802C0E478D65017
:10978000D65807F0030726F0405646EA0777D75029
:10979000D7580CF0010627F0804747EA8677D75064
:1097A000D75827F0004747EAC477D750D7580E78E4
:1097B0004D7866F30517D750D75865F3C307D750D0
:1097C000D7588E7866F38617D750D758CE7827F0BB
:1097D000800706F0010647EAC617D750D7580E791A
:1097E00066F30D37D750D7584E7966F38F37D75079
:1097F000D8F8343003F47F03B3F5003F42EA401356
:109800000DD944F26432C2F20002126840F2000C38
:109810009206CFF6F87C1CD44FF0000E37E0CD88CE
:109820004FF6FF72954207D01F6805F01F0627F418
:10983000F81747EA06471F600D89954200F0B3808C
:109840001A6805F01F0722F0787242EA47521A6040
:10985000A9E091F8282091F829E0C2B191F82A20D6
:10986000FF2A45D048F2E474C8F8384002F01F04DB
:10987000012505FA04F4D8F8005004EA0C042C433E
:10988000C8F800401C6862F314441C602CE0CA88CD
:10989000162A0CD848F2E474C8F8384001249440E1
:1098A000D8F8005004EA0C0425EA040414E01D2A48
:1098B00000F29280012505FA02F414F02A5F00F00C
:1098C0008B8048F2E474C8F8384005FA02F4D8F8FE
:1098D000005004EA0C042C43C8F800401C6824F42F
:1098E000F81444EA02421A604FF48032C8F8382073
:1098F000BEF1000F1CD091F82B20FF2A53D048F264
:10990000E477C8F8387002F01F07012606FA07F757
:10991000D8F8006007EA0C073743C8F800701F68E2
:1099200062F359574FF480321F60C8F838203AE08C
:109930000A89162A18D848F2E477C8F8387001273F
:109940009740D8F8006007EA0C0726EA0707C8F82E
:1099500000701F6827F0787747EA42521A604FF488
:109960008032C8F838201EE01D2A41D8012505FAAA
:1099700002F717F02A5F3BD048F2E477C8F8387056
:1099800005FA02F7D8F8006007EA0C073743C8F871
:1099900000701F6827F0787747EA42521A604FF448
:1099A0008032C8F8382044F2B822C0EBC000C2F2BE
:1099B000000201F10C0702EB80008CCF8E6900F1F0
:1099C000080C46618CE88C00D1E90712C0E9061248
:1099D00001210171BDE8F08141F21704141B082C2C
:1099E00026D848F2E474C8F8384002F01F0255E760
:1099F00041F21707D71B082F28D848F2E477C8F898
:109A0000387002F01F0201279740D8F8006007EA7B
:109A10000C0726EA0707C8F800701F6827F0787758
:109A200047EA42521A604FF48032C8F83820BAE749
:109A300044F21304141B0A2C27D848F2E474C8F823
:109A4000384002F01F020124944040E744F213071B
:109A5000D71B0A2F27D848F2E477C8F8387002F0ED
:109A60001F0201279740D8F8006007EA0C07374328
:109A7000C8F800701F6827F0787747EA42521A60EA
:109A80004FF48032C8F838208DE74FF6FF74A242B9
:109A90003FF42EAF1C6802F01F0224F4F81444EACD
:109AA00002421A6024E74FF6FF77BA423FF47BAFD9
:109AB0001F6802F01F0227F0787747EA42521A60C7
:109AC00071E711A0832101F0E7FC00BF0000000155
:109AD0005B4540444D41204C4C5D2000546865205E
:109AE00068617264776172652076657273696F6E02
:109AF000206E6F20737570706F7274207468697354
:109B000020656E756D2100002E2E2F2E2E2F2E2EED
:109B10002F447269766572732F544145333247354D
:109B20003878785F4472697665722F5372632F7448
:109B30006165333267353878785F6C6C5F646D616E
:109B40002E630000B0B541F25C04C4F20204216847
:109B50004FF6FF72080C8002B2EB114F08BF4FF4B2
:109B60008020B0F5003F08D0B0F5802F40F0B680DF
:109B700043F20000C4F20200006C00F017FAB8B122
:109B80004EF2D610C0F6000003F016FF4EF232205F
:109B9000C0F6000004F062F94EF29F404EF2A1417F
:109BA000C0F60000C0F6000103F006FF0120B0BDC2
:109BB00021684FF6FF72080C8002B2EB114F08BF0C
:109BC0004FF48020B0F5003F08D0B0F5802F40F072
:109BD0008D8043F20000C4F20200006C00F0E6F950
:109BE000C8B14EF2D610C0F6000003F0E5FE4EF20A
:109BF0003220C0F6000004F031F94EF29F404EF2E0
:109C0000A141C0F60000C0F6000103F0D5FE00251A
:109C100085F00100B0BD54F81C0C43F2000400F4C0
:109C20007F00B0F5003FC4F202040ED8206C00F0B3
:109C30007060B0F1206F08D1206C00F0704000F12E
:109C4000C040B0FA80F0400900E00020216A21F411
:109C5000401121622168B1F1FF3F0CDC616A43F6DB
:109C6000AC7262F30F016162616A48F2E47262F3FE
:109C70000F0161622168216A00286FF312010CBF95
:109C800041F01F0041F03F0020622068012540F0B4
:109C900002002060012000F0FBF9A0B14EF2D610C6
:109CA000C0F6000003F088FE14A01F2103F084FE1C
:109CB0004EF29F404EF2A141C0F60000C0F60001F6
:109CC00003F07AFE00252068002804D4206840F0C4
:109CD00000402060206885F00100B0BD4EF23730B2
:109CE000C0F600004FF47C7101F0D6FB4EF2373025
:109CF000C0F6000040F2B33101F0CEFB536563744F
:109D00006F72204572617365206572726F72206197
:109D10007420536563746F72206E756D6265722076
:109D200025752121210A00002DE9F04141F240046E
:109D3000C4F20204E1694FF6FF72080C8002B2EB34
:109D4000114F08BF4FF48020B0F5F83F40F2B080CB
:109D50004FF2FF01C0F20101884240F2B18000F0F1
:109D600025F9C0B14EF2D610C0F6000003F024FE73
:109D70004EF23220C0F6000004F070F84EF29F4020
:109D80004EF2A141C0F60000C0F6000103F014FE3F
:109D90000020BDE8F081206843F2000600F47F0057
:109DA000B0F5003FC4F202060ED8306C00F07060CF
:109DB000B0F1206F08D1306C00F0704000F1C0406D
:109DC000B0FA80F0400900E000203168B1F1FF3FB7
:109DD0000CDC716A43F6AC7262F30F017162716A56
:109DE00048F2E47262F30F017162316840F20008D8
:109DF00044F2B817CFF6F8784FF00004C2F200072B
:109E0000E0B100BF385939193061486804F5F835B8
:109E10007061306A00EA0800284380F40030306244
:109E2000306840F001003060002000F031F900BBE4
:109E30000834B4F5807FE5D118E000BF38593919EE
:109E40003061486804F5F8357061306A00EA08004E
:109E500028433062306840F001003060002000F09C
:109E600017F930B90834B4F5807FE7D14FF4807426
:109E700013E04EF2D610C0F6000003F09DFD14A0D2
:109E8000294603F099FD4EF29F404EF2A141C0F6E3
:109E90000000C0F6000103F08FFD3068002804D4F4
:109EA000306840F00040306030682046BDE8F08106
:109EB0004EF23730C0F600004FF45B7101F0ECFA5F
:109EC0004EF23730C0F6000040F26D3101F0E4FA96
:109ED00050726F6772616D206572726F722061746B
:109EE000206164647265737320307825303878217E
:109EF00021210A00B0B541F25C00C4F20200016801
:109F00004FF6FF72080C8002B2EB114F08BF4FF4FE
:109F10008020B0F5F83F38D94FF20011C0F20101AE
:109F200088423AD34FF2000E44F2B8124FF2FF0CBF
:109F30000020C0F6010EC2F20002C0F6010C00BF04
:109F400010F80E10135C994218BFB0BD00EB0E0361
:109F5000111813F8014F4D78AC4210D113F8014F8E
:109F60008D78AC420DD113F8014FC9788C420AD1DB
:109F7000634500F10400E3D14FF48070B0BD0130BF
:109F8000B0BD0230B0BD0330B0BD4EF23730C0F6C8
:109F9000000040F25A4101F07FFA4EF23730C0F62D
:109FA000000040F25B4101F077FA000080B581B01B
:109FB00044F6E81CC2F2000C0020DCF800E08DF84A
:109FC000030041F24000C4F20200006800F47F0088
:109FD000B0F5003F43F20800C4F2020039D900BFD7
:109FE00050F8083C50F8081CDB4323EA510150F8B4
:109FF000043C50F8042C994321EA5201026803689A
:10A0000021EAD201DA4301EAD2718DF80310DCF8BB
:10A010000010A1EB0E01B1F5967F33D89DF8031027
:10A02000C907DDD00168490703D1016811F4E06F69
:10A030002BD0072101604FF4E0610160012001B0E5
:10A0400080BD00BFDCF80010A1EB0E01B1F5967FDA
:10A0500018D850F8081CC907F4D150F8081C890713
:10A06000F0D450F8041CC907ECD150F8041C89073F
:10A070005CBF01685FEA0171E4D40168490704D05C
:10A080000721DAE7032001B080BD002001B080BDC8
:10A0900010B541F2400C44F6E81EC4F2020CC2F2C4
:10A0A000000E43F20801DEF80020DCF80030C4F2B4
:10A0B00002010C6803F47F03B3F5003F04F00703CB
:10A0C00005D94BB1072008604FF4E06001E02BB3E5
:10A0D00007200860012010BD50B1013872E000BFB8
:10A0E00051F8080CC00700F0978008684007E9D1D4
:10A0F000086810F4E06FE5D1DEF80000801AB0F5D2
:10A10000967F00F28B80DCF8000000F47F00B0F551
:10A11000003FE5D908680028E2D5E6E750B10138EC
:10A1200021E000BF51F8080CC00700F075800868F6
:10A130004007CDD1DEF80000801AB0F5967F00F21E
:10A140006D80DCF8000000F47F00B0F5003FE9D935
:10A1500008680028E6D5EAE751F8043C9B075BD580
:10A160000B685B07B4D1DEF800309B1AB3F5967F1D
:10A1700054D8DCF8003003F47F03B3F5003F02D974
:10A180000B68002BECD4042846D8DFE800F0080D5B
:10A1900003040400E0E70B681B07E1D43CE051F83E
:10A1A000083C9B07DCD437E051F8043CDB07D7D1EF
:10A1B00032E051F8043C9B072ED500BF0B685B07CB
:10A1C0007FF480AF0B6813F4E06F7FF47BAFDEF8B1
:10A1D00000309B1AB3F5967F20D8DCF8003003F4EA
:10A1E0007F03B3F5003F02D90B68002BE6D40428A7
:10A1F00012D8DFE800F0080D03040400D9E70B686B
:10A200001B07DBD408E051F8083C9B07D6D403E0D9
:10A2100051F8043CDB07D1D1002010BD032010BD54
:10A220005FEA004C00F09480C10745F22001C4F2BF
:10A2300002012AD182072FD4420734D4020739D42D
:10A24000C2063ED4820643D4420648D402064DD408
:10A25000C20552D4820557D442055CD4020561D4AC
:10A26000C20466D482046BD4400404D548680E222C
:10A2700062F31B604860BCF1000F58BF704748682C
:10A280000E2262F31F70486070470B680E2262F363
:10A2900003030B608207CFD50A680E2363F307120E
:10A2A0000A604207CAD50A680E2363F30B220A60CC
:10A2B0000207C5D50A680E2363F30F320A60C2068F
:10A2C000C0D50A680E2363F313420A608206BBD529
:10A2D0000A680E2363F317520A604206B6D50A686D
:10A2E0000E2363F31B620A600206B1D50A680E23CF
:10A2F00063F31F720A60C205ACD54A680E2363F38C
:10A3000003024A608205A7D54A680E2363F3071249
:10A310004A604205A2D54A680E2363F30B224A60C5
:10A3200002059DD54A680E2363F30F324A60C204CA
:10A3300098D54A680E2363F313424A60820493D58A
:10A340004A680E2363F317524A60400493D58DE7A1
:10A350004EF2ED30C0F60000E12101F09DF8000062
:10A360002DE9F04F81B00446A0F18040A0F51030F7
:10A370004FEA3030062880F0D3808A46002900F06A
:10A38000D680DAF800300021B1EB134F40F0C180E5
:10A3900099B2002900F0BD80052800F2A08004F1E8
:10A3A000240C04F1200B4FF000094FF001084FF08E
:10A3B000000E002608FA06F10B405BD09AF8041054
:10A3C000481E0F2860D26046082E38BF58460268E3
:10A3D00009F01C070F25BD40B940AA43294011438D
:10A3E00001609AF808000028A06B14BF40EA03013E
:10A3F00020EA0301A1639AF807000028A06C14BFAB
:10A4000018439843A064206B9AF80520032102F0BA
:10A41000030201FA0EF102FA0EF2884311400843DA
:10A42000206341F24000C4F20200006800F47F00A3
:10A43000B0F5003F1ED944F26430C2F2000000685B
:10A44000000617D59AF80930DAF80010D807206C02
:10A450000CBF20EA010840EA0108C4F840809807D0
:10A46000206C4FF001084FEA014154BF8843084374
:10A47000206400BF0F2E32D0DAF8003001360EF122
:10A48000020E09F1040995E761BB6046082E38BF4A
:10A490005846D0F8008009F01C010F2202FA01F1A1
:10A4A00028EA010101609AF806104FF0010800291E
:10A4B000A9D0D4F81480032001F0030100FA0EF0B3
:10A4C00001FA0EF128EA0008084040EA080060613D
:10A4D000A36120694FF001081843206193E701B0A0
:10A4E000BDE8F08F15A003F067FA9AF8043017A0C2
:10A4F0002146324603F060FA4EF29F404EF2A141EF
:10A50000C0F60000C0F6000101B0BDE8F04F03F056
:10A5100053BA4EF2ED30C0F60000482100F0BCFF07
:10A520004EF2ED30C0F60000462100F0B5FF4EF2CD
:10A53000ED30C0F60000472100F0AEFF5B4540471C
:10A5400050494F204C4C5D20000000004750494FBF
:10A550002D5B3078253038785D2050696E2D5B2575
:10A56000645D20616C7465726E6174652066756EE1
:10A570006374696F6E205B25645D20636F6E66692E
:10A5800067204572726F722121210A0070B500297F
:10A5900000F0D5804BF2001CC4F2030C0A690CEBEE
:10A5A00000239A634A69DA63D3F870E00A7E62F3A3
:10A5B000000EC3F870E0D3F870E04A7E62F3C30E79
:10A5C000C3F870E0D3F870E08A7E62F3420EC3F8FD
:10A5D00070E0D3F870E00C7B4EF040024D7B002C15
:10A5E00008BF2EF040021A671A6F002D42F02004B7
:10A5F00008BF22F020041C670A6A4BF6047E1A6426
:10A600004A6AC4F2030E5A641A6F91F8285065F32F
:10A6100010421A671A6F91F8295065F3D3421A67EE
:10A620001A6F91F82A5065F352421A67CA7E1D6F5D
:10A63000002A45F4800408BF25F480041C670A7FC3
:10A640001C6F002A44F4001508BF24F400151D6790
:10A650001A6FCC7A22F0605204F0070442EAC46216
:10A660001A674C7A1D6F002C45F0804608BF25F014
:10A6700080461E6703F170020B7A0124002B04FA56
:10A6800000F3DEF800400CBF24EA03032343CEF8B6
:10A6900000308B7A1668002B46F0007508BF26F054
:10A6A000007515600CEB0020426F0E7842F001033C
:10A6B0004D788C7891F803C0002E08BF22F001037A
:10A6C0004367426F002D42F0020308BF22F00203ED
:10A6D0004367426F002C42F0040308BF22F00403DA
:10A6E0004367426FBCF1000F42F0080308BF22F03D
:10A6F000080343670A79436F002A43F0100608BF36
:10A7000023F0100646674A79436F002A43F020067B
:10A7100008BF23F0200646678A79436F002A43F07A
:10A72000400608BF23F040064667C979426F0029FA
:10A7300042F0800308BF22F08003436770BD4EF2F1
:10A740007530C0F600004FF4CB7100F0A5FE00009C
:10A75000B0B5002900F0338109286FD14BF2000019
:10A76000C4F20300C2688B68520A62F35F23C360BD
:10A770004FF6FF73C268C8F2000303F1FC4302EA1C
:10A78000030CCB680022C0F2FF121A406244C26080
:10A7900002680B7C63F30202026002684B7C63F385
:10A7A000C30202604A790B788261CA8842610268FA
:10A7B00022F0404242EA8372026091F803C00368CB
:10A7C000BCF1000F43F0100208BF23F0100202603A
:10A7D00091F802C00368BCF1000F43F4806208BF27
:10A7E00023F48062026091F801C00368BCF1000F9D
:10A7F00043F4006208BF23F40062026091F804C0D1
:10A80000D0F8903FBCF1000F43F4803208BF23F42E
:10A810008032C0F8902F0268CB7C22F0C00203F097
:10A82000030342EA831202608A7C0168002A14BF93
:10A8300041F0200121F020010160B0BD082880F026
:10A84000C5804BF2000CC4F2030C0CEB0023D3F8D0
:10A850000CE18C684FEADE3262F3DF34C3F80C415E
:10A86000D3F80C21CC8964F31E42C3F80C21D3F831
:10A8700000210C7C64F30202C3F80021D3F800210C
:10A880004C7C64F3C302C3F800214A7991F803E0D9
:10A89000C3F81821CA88BEF1000FC3F81421D3F8F9
:10A8A000002142F0100408BF22F01004C3F8004158
:10A8B00091F802E0D3F80041BEF1000F44F4806249
:10A8C00008BF24F48062C3F8002191F801E0D3F8B6
:10A8D0000041BEF1000F44F4006508BF24F4006598
:10A8E000C3F8005103F580720B794FF40035002B4B
:10A8F00005FA00F3DCF8905F0CBF25EA03032B4355
:10A90000CCF8903FD1E906530CEB0020C0F854512D
:10A91000C0F85831106891F8203063F34920106076
:10A920001068CB7C20F0C00003F0030340EA8310E2
:10A930008D7C10601068002D40F0200308BF20F0CF
:10A9400020031360106891F8253020F0704040EA31
:10A9500003701060106891F8263063F311401060A6
:10A96000106891F8273063F39340106091F821004C
:10A970001368002843F4807508BF23F480751560C0
:10A9800091F822001368002843F4801508BF23F4CF
:10A990008015156091F823001368002843F4001512
:10A9A00008BF23F40015156091F8241010680029E1
:10A9B00014BF40F4800020F480001060B0BD4EF25F
:10A9C0007530C0F60000F42100F066FD4EF27530DF
:10A9D000C0F6000040F6B80100F05EFDB0B50029F9
:10A9E00000F0CD8009282BD14A884BF20000C4F238
:10A9F0000300C2618A880262CA8842620A8982624E
:10AA0000026891F800C042F0007391F80AE0CC7A35
:10AA1000BCF1000F08BF22F0007303600168BEF1B3
:10AA2000000F41F0006208BF21F00062026001687F
:10AA3000002C14BF41F0806121F080610160B0BD45
:10AA4000082880F0A4804BF200034A88C4F2030374
:10AA500003EB0020C0F81C218A88C0F82021CA8896
:10AA6000C0F824210A89C0F82821D0F800210C78E8
:10AA700042F0007391F80AC091F80BE00D7B002CB6
:10AA800008BF22F00073C0F80031D0F80021BCF1FB
:10AA9000000F42F0006308BF22F00063C0F80031ED
:10AAA000D0F80021BEF1000F42F0806308BF22F011
:10AAB0008063C0F80031D0F80421002D42F48033C7
:10AAC00008BF22F48033C0F804314A7BD0F8043147
:10AAD000002A43F4003508BF23F40035C0F80451C0
:10AAE0008A7BD0F80431002A43F4802508BF23F480
:10AAF0008025C0F80451CA7BD0F80431002A43F401
:10AB0000002508BF23F40025C0F804510A7CD0F8C2
:10AB10000431002A43F4801508BF23F48015C0F8DF
:10AB200004514A7CD0F80431002A43F4001508BFD0
:10AB300023F40015C0F804518A7CD0F80431002AAF
:10AB400043F4800508BF23F48005C0F80451CA7C93
:10AB5000D0F80431002A43F4000508BF23F40005AF
:10AB6000C0F804510A7DD0F8041100F58270002A63
:10AB700014BF41F0807121F080710160B0BD4EF2D0
:10AB80007530C0F600004FF4847100F085FC4EF281
:10AB90007530C0F6000040F6221100F07DFC000088
:10ABA0002DE9F04F85B041F26C01C4F2020151F879
:10ABB0000C0C0022C4F20202009051F84CEC106818
:10ABC00048F2E470C3F6AC70C2F8800048F2E4705A
:10ABD00041F8280C48F63D2041F8280C41F6EC10CD
:10ABE00041F8280C51F80C0C032340F4005041F8B4
:10ABF0000C0C51F80C0C4EF6FC5940F4805041F806
:10AC00000C0C51F84C0CCEF2000940F4807041F865
:10AC10004C0C51F84C0C41F2002C63F38E2041F89F
:10AC20004C0CD9F80000D9F8007041F2000347F04D
:10AC30008077CEF20003C9F8007000275F601C68BF
:10AC40009FEDBF0AC0F27A0C44F001041C6000BF03
:10AC50005C680D68664615F5807F3CBF0D682E0A5E
:10AC600001EE106AB8EE411A21EE001ABCEEC11ACC
:10AC700011EE105AAC42EBD348F2001448F22135E1
:10AC8000C4F20304C0F2800544F8FC5C2B2544F8B0
:10AC9000F85C002544F8E85C202544F8D85C1125D0
:10ACA00044F8C05C6FF0FF05665900F0807846F00C
:10ACB0000100605154F8F00CC0055CBF54F8F00C72
:10ACC0005FEAC05007D454F8F00CC00503D454F820
:10ACD000F00CC005EED56FF0FF00255845F00405D7
:10ACE0002550206840F40030206000BF20688003B9
:10ACF0005CBF20685FEA803005D42068800302D4FE
:10AD000020688003F2D554F8AC0C2568122645F46F
:10AD10000035256051F84C5C9FED8A0A66F38E255C
:10AD200041F84C5C156845F400351560156825F050
:10AD300000451560156825F440751560156845F0E7
:10AD40000045156000255D601D6845F001051D602A
:10AD50005E680D68674615F5807F3CBF0D682F0A59
:10AD600001EE107AB8EE411A21EE001ABCEEC11ABB
:10AD700011EE105AAE42EBD354F8AC5C00EBD0703D
:10AD8000A5EB600ABAF1000F48BFCAF1000ACDF87E
:10AD900004A02568012645F400352560156840109B
:10ADA00025F000451560156866F3092515601568DE
:10ADB00045F00045156000255D601D6845F0010502
:10ADC0001D6000BF5E680D68674615F5807F3CBF5B
:10ADD0000D682F0A01EE107AB8EE411A21EE001A22
:10ADE000BCEEC11A11EE105AAE42EBD354F8AC5C73
:10ADF0000226B5EB000B48BFCBF1000BCDF808B035
:10AE0000256845F400352560156825F00045156076
:10AE1000156866F309251560156845F0004515604D
:10AE200000255D601D6845F001051D605F680D68C7
:10AE3000664615F5807F3CBF0D682E0A01EE106A4C
:10AE4000B8EE411A21EE001ABCEEC11A11EE105AEA
:10AE5000AF42EBD354F8AC5C2F1A48BF7F42039744
:10AE6000256845F400352560156825F00045156016
:10AE7000156845F440751560156845F00045156086
:10AE800000255D601D6845F001051D605E680D6868
:10AE900015F5807F65463CBF0D682D0A01EE105AFE
:10AEA000B8EE411A21EE001ABCEEC11A11EE105A8A
:10AEB000AE42EBD354F8AC6C351A48BF6D420495E2
:10AEC0002068D34540F400302060106820F0004036
:10AED0001060106820F400301060186820F0010045
:10AEE0001860D9F8000001AB40EA0800C9F800007A
:10AEF0004FF0000038BF012053F82060B74238BF40
:10AF0000022053F820309D426FF0FF03E75838BF0E
:10AF1000032047F00107E75041F84CEC009B41F853
:10AF20000C3C0123C2F880304FF4803241F8282CC9
:10AF30004FF4003241F8282C05B0BDE8F08F00BF77
:10AF400051499D3AA69BC43AB0B549F6FF72C4F286
:10AF50000102904216DC4DF6FF73C4F200039842E2
:10AF600026DD4EF20003C4F20003984238D048F2C6
:10AF70000003C4F20103984232D049F20003C4F244
:10AF800001032AE04AF6FF73C4F2020398421ADD75
:10AF90004BF20003C4F20203984221D00023C4F212
:10AFA000030398421CD041F20003C4F2030314E0EF
:10AFB00048F20003C4F20003984211D049F20003A2
:10AFC000C4F2000309E04AF20003C4F2010398420C
:10AFD00006D04AF20003C4F20203984240F0E78030
:10AFE000002900F0DC80904218DC4DF6FF72C4F2BC
:10AFF000000290422ADD4EF20002C4F200029042AA
:10B000003DD048F20002C4F20102904237D049F22A
:10B010000002C4F20102904231D023E04AF6FF72EE
:10B02000C4F2020290421EDD4BF20002C4F20202A0
:10B03000904224D041F20002C4F2030290421ED09A
:10B040000022C4F20302904219D00BE048F2000241
:10B05000C4F20002904212D049F20002C4F200028F
:10B0600090420CD0B0BD4AF20002C4F201029042FC
:10B0700005D04AF20002C4F202029042F2D14EF22E
:10B08000100C41F24002C4F2000CC4F20202ACF116
:10B090001003126898423BD102F47F02B2F5003FE0
:10B0A00036D9DCF820204FF6FF7E8B8822EA0E028C
:10B0B0001A4444F6E81ECCF82020C2F2000EDEF856
:10B0C000002000BFDCF80030DB0326D5DEF80030BE
:10B0D0009B1A0A2BC6D8DCF80030DB031DD5DEF83E
:10B0E00000309B1A0A2BBDD8DCF80030DB0314D5E6
:10B0F000DEF800309B1A0A2BB4D8DCF80030DB03F2
:10B100000BD5DEF800309B1A0A2B88BFB0BDD9E7FB
:10B110004A6802630A89826306E0DCF828200B890A
:10B1200063F30702CCF8282002684B7891F800C03E
:10B1300063F3C30291F802E08D7A026042686EF315
:10B140000202426002680B7B63F382020260CA7AE9
:10B150000368002A23F0020408BF43F002040460DD
:10B160000268BCF1000F42F0800308BF22F08003A8
:10B170000360C26A65F30302C2624A7B026402682A
:10B180008B7B63F3461202600268CB7B63F304128D
:10B1900002600268097C61F309220260B0BD4EF2D0
:10B1A0006440C0F600004FF4817100F075F94EF272
:10B1B0006440C0F6000040F2011100F06DF900009B
:10B1C000FEE70000704700007047000000F00CF838
:10B1D000FCF7E6FF7047000044F6E810C2F20000FA
:10B1E000016801310160704748F200004EF6885155
:10B1F000C0F60000CEF2000141F8800C41F23000B0
:10B20000C4F2020048F2E4724261026822F00202D3
:10B2100002604FF480324261086840F470000860B8
:10B220007047000070B543F23804C4F2000454F8CB
:10B23000040C216801EA0005280444BF4FF40040D3
:10B240002060680444BF4FF480402060A80444BFDD
:10B250004FF400502060E80410D54FF48050206077
:10B2600044F2DC70C2F20000C1888288914205D3AA
:10B27000816819B18168A4F138008847280541D553
:10B280004FF40060206054F8280C00073AD044F2D4
:10B29000DC76C2F20006307F04282DD1B06988B375
:10B2A000306948B3F08AB18A884225D2206810F408
:10B2B000E06F73D04EF2FD10C0F6000002F07CFB90
:10B2C00060A064A102F078FB4EF29F404EF2A141D3
:10B2D000C0F60000C0F6000102F06EFB54F8040C4A
:10B2E00020F0010044F8040C0020B0610120307708
:10B2F000306B38B1804705E054F8380C40F0080056
:10B3000044F8380C680544BF4FF480602060A805FD
:10B3100044BF4FF400702060E80544BF4FF48070D4
:10B320002060E80644BF10202060280744BF0820A2
:10B330002060680744BF04202060A80709D544F2B4
:10B34000DC70C2F20000816819B18168A4F1380094
:10B350008847E80709D044F2DC70C2F20000816936
:10B3600019B18169A4F13800884741F24000C4F264
:10B370000200006800F47F00B0F5403F38BF70BDA8
:10B38000680644BF40202060280644BF802020601B
:10B39000E80344BF4FF48030206070BD6068C0F3A4
:10B3A000C42054F8341CC9031FD554F8341C890335
:10B3B0001BD454F8341C01F00301032915D140B308
:10B3C000F18AB28A914224D254F8141C32696FF384
:10B3D0005F2111803169013802313161F18A020641
:10B3E00001F10101F182EBD113E090B1F18AB28A4F
:10B3F00091420ED254F8141C32690138117031692F
:10B40000020601F101013161F18A01F10101F182CC
:10B41000ECD154F8040C20F0010044F8040C002096
:10B42000B06101203077F08AB18A884234BF306B36
:10B43000706A00B1804754F8040C20F4006044F8AE
:10B44000040C5FE73C25733E206572726F72210A1F
:10B4500000000000554152545F527854696D656F89
:10B4600075745F4953520000FEE70000704700000A
:10B47000704700004EF60C50BFF34F8FCEF2000025
:10B480000168042201F4E061C0F2FA521143016044
:10B49000BFF34F8F00BFFDE7A0B104460AA00D46E1
:10B4A00002F08AFA0BA021462A4602F085FA4EF2F3
:10B4B0009F404EF2A141C0F60000C0F6000102F02C
:10B4C0007BFA00BF00BFFDE75B45404150505D2067
:10B4D00000000000417373657274206661696C65D9
:10B4E0006420696E202573206C696E6520256400D8
:10B4F000B0B519B1012904D100226AE00022D0B20E
:10B50000B0BD01F0010CA1EB0C010022072300BF2C
:10B510000478D2B2624083EA420490F801E0150652
:10B5200058BF540083EA4402250658BF620083EAEC
:10B530004204150658BF540083EA4402250658BF4A
:10B54000620083EA4204150658BF540083EA4402AD
:10B55000250658BF620083EA4204150658BF54000E
:10B5600083EA4402250658BF6200D2B282EA0E0284
:10B5700083EA4205140658BF550083EA45022C06AB
:10B5800058BF6A0083EA4205140658BF550083EA93
:10B5900045022C0658BF6A0083EA4205140658BFCC
:10B5A000550083EA45022C0658BF6A0083EA42052B
:10B5B000140658BF550083EA45022C06A1F102018A
:10B5C00058BF6A000D0600F10200A1D1BCF1000FC6
:10B5D0002BD00078D1B24140072080EA41020B060F
:10B5E00058BF4A0080EA4201130658BF510080EA62
:10B5F00041020B0658BF4A0080EA4201130658BFB9
:10B60000510080EA41020B0658BF4A0080EA42011D
:10B61000130658BF510080EA41030A0658BF4B0089
:10B6200080EA4302180658BF5A00D0B2B0BD0000ED
:10B630007047000000000000A6B041F24001C4F2D3
:10B640000201C86A41F2002A10F5807F38BFC86A3B
:10B65000C86AC0F27A0A554610F5807F3CBFC86AB6
:10B66000050A802748F2E470C4F20207C3F6AC7002
:10B67000386057F8500C00F0030002280BD157F83F
:10B68000100C40F0100047F8100C57F8500C20F048
:10B69000030047F8500C4DF6846149F20059C0F69A
:10B6A0000001C0F6BA29002001F190028DF858007F
:10B6B00052F8903CAB4203D1002818BF07286CD049
:10B6C00052F8783CAB4208BF06285BD052F8603C89
:10B6D000AB4208BF052857D052F8483CAB4208BFE0
:10B6E000042853D052F8303CAB4208BF03284FD057
:10B6F00052F8183CAB4208BF02284BD01368AB424B
:10B7000008BF012848D007301C2802F1A802CFD179
:10B7100041F24000C4F20200C06A10F5807F0BD2F3
:10B7200041F24000C4F20200C06A0021B1EB102FC8
:10B730004FEA102A02F0F5805046FCF7EEFF9FED2D
:10B74000520B02460B4651EC100BFCF78AFE0446E6
:10B750000D46FCF7EFFF0646FCF7DFFF02460B46FF
:10B7600020462946FCF705FE9FED490B53EC102BB4
:10B77000FCF705FEFCF7DEFF804601244FF4004B8A
:10B78000554616E0013008E0023006E0033004E0E0
:10B79000043002E0053000E0063000EB400001EB31
:10B7A000C0004169047A4689B0F80C8088031FFA0A
:10B7B00080FB48F2E470C3F6AC70386057F8240C94
:10B7C000022C20F0080047F8240C57F8340C20F025
:10B7D000010047F8340C57F8480C20F00C0047F8EB
:10B7E000480C57F8380C20F0F00047F8380C57F8A0
:10B7F000240C40F0080047F8240C57F8340C40F0B3
:10B80000010047F8340C57F8140C20F0080047F8F2
:10B81000140C57F8140C40F0080047F8140C4FF0C3
:10B8200001008DF8580057F8801C21F0004147F8BE
:10B83000801C57F8101C41F0100147F8101C57F8F5
:10B84000801C60F3010147F8801C47D0012C13D005
:10B850004EF2F110C0F6000002F0AEF80EA0214644
:10B8600002F0AAF84EF29F404EF2A141C0F600004D
:10B87000C0F6000102F0A0F857F8800C012120F476
:10B88000006030E000BF00BF000000002A75A54145
:10B89000000000000000F040504C4C302050726519
:10B8A0002D44697620436F6E6669672D5B25645D64
:10B8B000204572726F722C2073657420746F20643F
:10B8C000656661756C742031206469766973696F8F
:10B8D0006E210A00AA55AA55AA55AA5557F8800CF8
:10B8E000022140F4006047F8800C57F8800CB5FB4B
:10B8F000F1F141F6003320F48062C0F2B7039942BF
:10B9000088BF40F4806247F8802C57F87C0C6FF3B6
:10B910009F366FF31D4040EA064047F87C0C57F80D
:10B920007C0C4FF6FF718843404447F87C0C57F875
:10B93000800C20F4404040EA0B0047F8800CFFF7F1
:10B940002FF948F2E471C3F6AC7139609DF85810D4
:10B95000B9B157F8141C21F0080147F8141C57F826
:10B96000141C41F0080147F8141C57F8241C21F05E
:10B97000080147F8241C57F8341C21F0010147F84E
:10B98000341C57F8801C60F3092147F8801C57F8D5
:10B99000800C40F0004047F8800C57F8800C4000C5
:10B9A0000CD457F8800C40005CBF57F8800C5FEA5D
:10B9B000400003D457F8800C4000EED548F2E476FE
:10B9C0000120C3F6AC7638603E6057F8502C022157
:10B9D00061F3010247F8502C57F8502C052360F30F
:10B9E0000B2247F8502C57F8502C60F30F3247F8D1
:10B9F000502C57F8502C22F0FC0247F8502C57F8E6
:10BA0000502C42F4803247F8502C57F8502C42F416
:10BA1000003247F8502C57F8502C42F4802247F857
:10BA2000502C57F8502C42F4002247F8502C44F286
:10BA30000002C2F200023860C2F800903E6057F87F
:10BA4000482C60F3830247F8482C57F8382C63F3EE
:10BA5000071247F8382C38603E6057F8482C60F3DE
:10BA6000871247F8482C57F8380C61F30F3047F825
:10BA7000380C012043F200013860C4F202010A6868
:10BA80004EF60C5542F010020A600A68CEF200052C
:10BA900042F020020A6029684FF6FF02114040F28E
:10BAA0000032C0F2FA521143296044F20001C2F29E
:10BAB0000001096844F6D352C1F26202A1FB0212EE
:10BAC0004FF0FF3101EB92130022B2EB136F1ED146
:10BAD0004EF20016CEF2000646F8EC3CF023EB7571
:10BAE000072346F8E82C46F8F03C2B68C3F3022302
:10BAF00083F00706042E28BF0426033B38BF1346F5
:10BB0000B1400F2222EA010199400901E97548F28A
:10BB1000E472C3F6AC723A6057F8281C44F204048D
:10BB200041F0040147F8281C57F8181CC2F2000421
:10BB300041F0040147F8181C38603A6057F8281C97
:10BB400041F0080147F8281C57F8181C41F008017B
:10BB500047F8181C38603A6057F8281C41F010016B
:10BB600047F8281C57F8181C41F0100147F8181C1A
:10BB700038603A6057F8281C41F0200147F8281C2B
:10BB800057F8181C41F0200147F8181C38603A603B
:10BB900057F8281C41F0400147F8281C57F8181C9A
:10BBA00041F0400147F8181C38603A6057F8281CEB
:10BBB00041F0800147F8281C57F8181C41F080011B
:10BBC00047F8181C38603A6057F8281C41F001010A
:10BBD00047F8281C57F8181C41F0010147F8181CB9
:10BBE00038603A6057F8281C602241F0020147F89B
:10BBF000281C57F8181C41F0020147F8181C4FF296
:10BC000000013860C0F601012046FCF739FDAFF2B3
:10BC10003C3120460822FCF7CDFA002844F688146F
:10BC200040F20000C2F20004C4F2C82043D0002653
:10BC30000025C4F2DC26C4F27025C4E9086501269B
:10BC400084F828600026C4F24026C4E90B6600266A
:10BC50000021C4F2483640F2000C46F2666200232E
:10BC6000C4E91111C4E9156045F2AA56C4F22C2C9E
:10BC7000C4F26622C4F290134FF07C55C5F2AA5666
:10BC800044F2B810E565C4E90066C4E90221C4E9DC
:10BC900004C1C4E90631C2F2000021466022FCF76B
:10BCA000EFFCFDF74FFF30B9FEF73EF8B0F5807FAF
:10BCB00008BFFEF71FF94FF2000148F2000BC0F673
:10BCC000010120466022C4F2030BFCF7D9FC44F2C8
:10BCD000943504F1100C606CC2F20005D4E902E165
:10BCE0009CE84C14C5F83C0305F58C70C5E944E1AB
:10BCF00080E84C1494F82800A16C85F84801206B6A
:10BD000004F15406D4F824904CCEC5F8D800C5F8F8
:10BD1000A800C5F8E41005F561704EF60C51C5F8A1
:10BD20002C914CC0CEF20001D1F8F0004FF0000A87
:10BD300040F08070C1F8F00041F20000CEF2000047
:10BD4000C0F804A001684FF0010841F00101016052
:10BD50004FF08070169040F2011416A95846CDE9B4
:10BD6000188A8DF812A0CDE90CAACDE90EAACDE96A
:10BD700006AA17945D46FDF777F815208DF8150093
:10BD800004A95846ADF810A0ADF81340FDF7C8FA65
:10BD90004FF480700DF108090290584649468DF81D
:10BDA0000C80FDF7E7F940F20110C0F200100C9092
:10BDB00040F21800C2F201000E9002200CAEADF865
:10BDC0003C00284631468DF834804FF0020BFCF7DA
:10BDD00095FFF620C1F2546006AC07902846214634
:10BDE000ADF818808DF81AA0FCF7CCFE40F20140A7
:10BDF0000290284649468DF80C80FDF7BBF940F2C9
:10BE00000410C0F200100C9040F20800C2F20100D1
:10BE10000E90284631468DF83480ADF83CB04FF096
:10BE2000020BFCF76BFF4FF40170ADF818004FF0F8
:10BE300000500790284621468DF81AA04FF000596F
:10BE4000FCF7A0FE40F20010C0F20110CDF85A003D
:10BE50004FF4807005F58066ADF85F00304616A996
:10BE60008DF85EA08DF861A0FCF7FEFF40F2011096
:10BE7000ADF8130015208DF81500304604A9ADF873
:10BE800010A0FDF74DFA4FF4406002AC029030462E
:10BE900021468DF80C80FDF76DF940F20C10C0F2D0
:10BEA00000100C9040F21000C2F201000CAD0E9098
:10BEB000304629468DF83480ADF83CB04FF0020B87
:10BEC000FCF71CFF4FF48670CDF81C900DF118099B
:10BED000ADF81800304649468DF81AA0FCF752FE1E
:10BEE00040F201200290304621468DF80C80FDF78B
:10BEF00041F940F20210C0F200100C9040F2000034
:10BF0000C2F201000E90304629468DF83480ADF81B
:10BF10003CB0FCF7F3FE4FF0005007903046494626
:10BF2000ADF818B002248DF81AA04FF0005BFCF7B2
:10BF300029FE40F20010C0F20110CDF85A0048F27C
:10BF40000000C4F2030000F500664FF4807530462F
:10BF500016A98DF85EA0ADF85F508DF861A0FCF7D2
:10BF600083FF15208DF81500304604A9ADF810A008
:10BF7000ADF813504FF48075FDF7D2F9304602A9A1
:10BF800002958DF80C80FDF7F5F840F20110C0F233
:10BF900000100C9040F22000C2F201000E903046DA
:10BFA0000CA98DF83480ADF83C40FCF7A7FE304674
:10BFB0004946ADF818808DF81AA0CDF81CB0FCF7F2
:10BFC000E1FD4BF60871C4F203018C62C1F82CA0AC
:10BFD00051F8040C68F3134041F8040C51F8080CB4
:10BFE00020F4702041F8080C886D20F01F0088654F
:10BFF00048F2E470C3F6AC70386057F8240C40F493
:10C00000007047F8240C57F8240C40F4806047F87F
:10C01000240C57F8240C40F4006047F8240C57F81F
:10C02000240C40F4805047F8240C57F8240C40F4BA
:10C03000005047F8240C57F8240C40F4804047F88F
:10C04000240C57F8240C40F4004047F8240C57F80F
:10C05000240C40F4803047F8240C57F8340C40F09E
:10C06000100047F8340C57F8340C40F0200047F823
:10C07000340C57F8340C40F0400047F8340C57F8B3
:10C08000340C40F0800047F8340C57F8340C40F47E
:10C09000807047F8340C57F8340C40F4007047F8BF
:10C0A000340C57F8340C40F4806047F8340C57F8DF
:10C0B000340C40F4006047F8340C57F8140C40F08E
:10C0C000400047F8140C4FF48050C7F80080FEF78A
:10C0D000A7F84FF40050FEF7A3F84FF48040FEF7A6
:10C0E0009FF84FF40040FEF79BF84EF200114FF01E
:10C0F0000040CEF2000148604EF60C50CEF2000037
:10C1000000684EF21940CEF2000080F826A044F2FA
:10C110003870C2F2000080F8008044F24470C2F22D
:10C12000000080F8008044F28870C2F2000042F201
:10C13000240544F290710560C2F2000140F62240ED
:10C1400044F294720860C2F2000241F244011160AC
:10C1500044F29872C2F2000241F63441116044F296
:10C160009C72C2F2000244F2A0731560C2F2000396
:10C170004FF416721A6044F2A472C2F20002106008
:10C1800044F2A872C2F2000241F26A20106044F246
:10C19000AC7044F23C7B44F24076C2F2000044F2C0
:10C1A0008C7916ACC2F2000BC2F200060160C2F23A
:10C1B000000920462C218BF8008086F8008089F841
:10C1C0000080CDE90CAACDE90EAACDE910AACDE9EF
:10C1D00006AACDE908AACDF828A0ADF82CA0FCF756
:10C1E00076FA40F20110ADF83650109020200CADD8
:10C1F0001290092029468DF835A0CDF838A0ADF869
:10C2000031A08DF833A0CDF84CA0CDE914AAFEF7EB
:10C210009FFA02202946FEF79BFA03202946FEF7E3
:10C2200097FA9BF800104FF47A708DF81880ADF8EB
:10C230001A00002918BF40F20441327844F24473D6
:10C24000C2F200034BF20406ADF81C10002A18BF1E
:10C2500040F609021B78C4F203064BF20005ADF864
:10C260001E20002B18BF41F21203ADF82030B06140
:10C27000F16132627362C4F20305286840F0007015
:10C28000286028689DF8222040F000619DF8233046
:10C29000002A08BF20F0006129602868002B40F0C8
:10C2A000806108BF20F08061296099F8000044F2A5
:10C2B0009071C2F20001002818BF32200968ADF861
:10C2C0001A00ADF81C1044F2947044F29871C2F256
:10C2D0000000C2F200010068096806ADADF81E005A
:10C2E000ADF820108DF818808DF824804BF6087872
:10C2F00002202946C4F20308FEF770FB44F2A07046
:10C3000044F2A471C2F20000C2F2000100680968A0
:10C31000ADF81A00ADF81C1044F2A87044F2AC71EC
:10C32000C2F20000C2F2000100680968ADF81E0008
:10C33000ADF8201003202946FEF750FB40F604001C
:10C340001B90082002211E9040F610001A918DF8D3
:10C3500072100221C0F240001F908DF8821003205D
:10C360002146ADF870A0ADF880A0CDF860A0FEF732
:10C370000DF902202146FEF709F941F24001C4F20D
:10C3800002010868D8F82000012220F04040C8F8D7
:10C3900020000868D8F8181000F47F0062F301014B
:10C3A000B0F5003FC8F8181005D9D8F8640020F09F
:10C3B0000300C8F86400D8F81800052120F0040034
:10C3C000C8F81800D8F8200020F00F00C8F82000A6
:10C3D000D8F8180020F01800C8F81800D8F818008D
:10C3E00040F02000C8F81800D8F8700020F0404055
:10C3F000C8F87000D8F80C0040F00100C8F80C0034
:10C40000D8F80C0020F40040C8F80C00D8F86800F8
:10C4100062F39340C8F86800D8F8680020F4003050
:10C42000C8F86800D8F8700061F31340C8F87000CD
:10C43000D8F8800020F47020C8F88000D8F8780080
:10C4400020F40020C8F87800D8F80C0040F0200054
:10C45000C8F80C00D8F8680040F48030C8F86800CC
:10C46000D8F8780020F40030C8F87800D8F87800C0
:10C4700020F48030C8F87800D6F8700340F010003F
:10C48000C6F87003D6F8700440F01000C6F87004C7
:10C4900044F6E810C2F200000168D8F8002042F02B
:10C4A0000102C8F80020D8F80020D2071BD002688B
:10C4B000521A652A17D2D8F80020D20713D0026882
:10C4C000521A642A0FD8D8F80020D2070BD002687D
:10C4D000521A642A07D8D8F80020D20703D002687D
:10C4E000521A642ADFD90168D8F8002042F0080205
:10C4F000C8F80020D8F8002012071BD50268521A8D
:10C50000652A17D2D8F80020120713D50268521AEC
:10C51000642A0FD8D8F8002012070BD50268521AE7
:10C52000642A07D8D8F80020120703D50268521AE7
:10C53000642ADFD90168D8F8002042F01002C8F858
:10C540000020D8F80020D2061BD50268521A652AAE
:10C5500017D2D8F80020D20613D50268521A642ADE
:10C560000FD8D8F80020D2060BD50268521A642AD8
:10C5700007D8D8F80020D20603D50268521A642AD8
:10C58000DFD94FF001090020C8F82890C8F82C0026
:10C5900058F8040C4BF2000A69F3134048F8040CF5
:10C5A00058F8080CC4F2030A20F4702048F8080C6C
:10C5B000D8F8580044F2000520F01F00C8F85800D1
:10C5C000D8F80000C4F2020540F00100C8F80000ED
:10C5D000DAF80000002140F08060CAF80000D8F8C6
:10C5E000600005F5005440F00100C8F86000D8F87C
:10C5F000600016AE40F00800C8F860000120C0F2EC
:10C60000001017904FF480408DF86010169020466F
:10C610003146FDF7A5FE4FF40040169028463146FE
:10C62000FDF79EFE4FF4006005F5805A16905046C7
:10C630003146FDF795FE4FF4806B28463146CDF824
:10C6400058B0FDF78DFE4FF40070ADF85C00204649
:10C650003146CDF85890FDF783FE50463146CDF86F
:10C660005890FDF77DFE8020169028463146FDF754
:10C6700077FE50463146CDF858B0FDF771FE1020D8
:10C680001690504631468DF85D90CDF804A0FDF728
:10C6900067FE00208DF85D004FF400501690204694
:10C6A0003146FDF75DFE4FF40040169020463146BE
:10C6B000FDF756FE41F2400B48F63D20C4F2020B56
:10C6C000CBF8040041F6EC10CBF80400DBF82000B6
:10C6D0004BF2000540F48050CBF820004FF40030BE
:10C6E000CBF8040048F2E47BC3F6AC7BC7F800B09B
:10C6F00057F8240CC4F2030540F0800047F8240CDE
:10C7000057F8140C16AC40F0100047F8140C49F21E
:10C710000000C7F80090C4F20300D0F8001121F027
:10C720000101C0F80011D0F8001121F00801C0F893
:10C730000011D0F8001121F00401C0F80011D0F868
:10C74000001121F00201C0F80011C7F800B057F83D
:10C75000241C41F0800147F8241C57F8141C41F0B8
:10C76000100147F8141CC7F80090016821F001017E
:10C770000160016821F008010160016821F00401F5
:10C780000160016821F00201016040F60E61C0F80D
:10C79000041140F61B714160D0F8001141F0010115
:10C7A000C0F80011016841F00101016040F2011080
:10C7B0000021ADF8580040F203108DF86110CDF85B
:10C7C0005A108DF85E10ADF85F00A5F57060214637
:10C7D000FCF700FFC8208DF85B000320ADF85F0078
:10C7E000A5F560602146FCF7F5FE4FF20020CFF67C
:10C7F000FF7029584EF60C5441F001012950C7F83A
:10C8000000B057F8280CCEF2000440F4807047F8CE
:10C81000280C57F8180C042640F4807047F8180CC0
:10C82000C7F80090C7F800B057F8300C4FF0FF324F
:10C8300040F0400047F8300C57F8200C022340F03D
:10C84000400047F8200CC7F80090C7F800B057F830
:10C85000300C002540F0800047F8300C57F8200CD1
:10C860004EF2194A40F0800047F8200CC7F80090BB
:10C87000C7F800B057F8240CCEF2000A40F00100CF
:10C8800047F8240C57F8140C4FF0000C40F001004E
:10C8900047F8140CC7F80090C7F800B057F8240CFC
:10C8A00040F0020047F8240C57F8140C40F0020046
:10C8B00047F8140CC7F800902068C0F3022080F0FD
:10C8C0000701042928BF3146033802FA01F138BFB5
:10C8D000284623EA010101FA00F000018AF801006C
:10C8E00020684FF0FF32C0F3022080F007010429D6
:10C8F00028BF3146033802FA01F138BF284629EA39
:10C90000010101FA00F0000153468AF800004EF2DE
:10C91000001A4FF00070CEF2000ACAF800004FF083
:10C920008060CAF80000C7F800B057F8280C4FF034
:10C93000FF3240F4807047F8280C57F8180C022595
:10C9400040F4807047F8180CC7F80090C7F800B0A2
:10C9500057F8300C9E4640F0400047F8300C57F82E
:10C96000200C40F0400047F8200CC7F80090C7F8B2
:10C9700000B057F8300C40F0800047F8300C57F802
:10C98000200C40F0800047F8200CC7F80090C7F852
:10C9900000B057F8240C40F0010047F8240C57F879
:10C9A000140C40F0010047F8140CC7F80090C7F8C9
:10C9B00000B057F8240C40F0020047F8240C57F858
:10C9C000140C40F0020047F8140CC7F800902068DF
:10C9D000C0F3022080F00701042928BF3146033844
:10C9E00002FA01F138BF604625EA010101FA00F0C0
:10C9F000000158702068C0F3022080F0070104296C
:10CA000028BF3146033802FA01F138BF604629EAEF
:10CA1000010101FA00F0000118704FF00070CAF82F
:10CA200000004FF08063CAF80030C7F800B057F834
:10CA3000280C4FF0FF3240F4807047F8280C57F86C
:10CA4000180C4FF0000C40F4807047F8180CC7F831
:10CA50000090C7F800B057F8300C40F0400047F89D
:10CA6000300C57F8200C40F0400047F8200CC7F875
:10CA70000090C7F800B057F8300C40F0800047F83D
:10CA8000300C57F8200C40F0800047F8200CC7F815
:10CA90000090C7F800B057F8240C40F0010047F8A8
:10CAA000240C57F8140C40F0010047F8140CC7F898
:10CAB0000090C7F800B057F8240C40F0020047F887
:10CAC000240C57F8140C40F0020047F8140CC7F877
:10CAD00000902068C0F3022080F00701042928BFDD
:10CAE0003146033802FA01F138BF604625EA0101F8
:10CAF00001FA00F000018EF80100206848F20005FC
:10CB0000C0F3022080F00701042928BF3146033812
:10CB100002FA01F138BF604629EA010101FA00F08A
:10CB200000018EF800004FF00070CAF80000CAF84B
:10CB30000030002163201A91CDE9181917900820C0
:10CB400016ACC4F20005ADF860008DF863102846FD
:10CB50002146CDF85890FEF7F7F940F2000AC4F2EA
:10CB6000030A50462146FEF7EFF940F2E7301790EE
:10CB700049F20000C4F200002146FEF7E5F96868BA
:10CB80000CA940F001006860DAF8040040F00100F0
:10CB9000CAF804000320C0F200100D9000208DF8A8
:10CBA000380044F20000C4F202000C96FDF7D8FBF6
:10CBB000C7F800B057F8280C4EF60C5240F48070BD
:10CBC00047F8280C57F8180CCEF2000240F4807099
:10CBD00047F8180CC7F80090C7F800B057F8300CA9
:10CBE0004FF0FF3540F0400047F8300C57F8200C6C
:10CBF000022340F0400047F8200CC7F80090C7F827
:10CC000000B057F8300C002440F0800047F8300C9A
:10CC100057F8200C40F0800047F8200CC7F800902F
:10CC2000C7F800B057F8240C40F0010047F8240C76
:10CC300057F8140C40F0010047F8140CC7F80090A6
:10CC4000C7F800B057F8240C4EF2194B40F0020020
:10CC500047F8240C57F8140CCEF2000B40F00200F9
:10CC600047F8140CC7F800901068C0F3022080F059
:10CC70000701042928BF3146033805FA01F138BFFE
:10CC8000204623EA010101FA00F000018BF80100BF
:10CC90001068C0F3022080F00701042938BF0E4657
:10CCA000033805FA06F138BF204629EA010101FAE6
:10CCB00000F000018BF800004EF20010CEF20000F0
:10CCC0004FF0007101604FF080614AF2240401606E
:10CCD000002141F29310C4F202041A91CDE9181117
:10CCE0001790ADF860108DF86310A4F1240016A918
:10CCF000CDF858900025FEF727F941F24000C4F224
:10CD00000200006854F8040C062169F3934044F8CB
:10CD1000040C6420606354F8040C224661F317503D
:10CD200044F8040C54F8040C20F4403044F8040C8B
:10CD3000A06820F48060A060206840F480702060CB
:10CD4000206820F400702060206820F4806020605B
:10CD5000206820F40060206054F8200C20F48050FB
:10CD600044F8200C54F8200C20F4005044F8200C17
:10CD7000A06820F0F000A0600E95CDE90C5544F2BB
:10CD8000DC75C2F20005287B18B9287F002800F066
:10CD9000B3814EF2FD10C0F6000000F00DFE43F22C
:10CDA0000004C4F200040FF6B830214600F004FE7F
:10CDB0004EF29F404EF2A141C0F60000C0F60001C5
:10CDC00000F0FAFD20690C2161F307102061206951
:10CDD00016AE20F00F002061206842F20C0540F0F2
:10CDE0004000206020682C2140F020002060304668
:10CDF000C4F202054FF6FF79FBF769FC40F202101E
:10CE0000C0F2010016900720CFF6FF704FF0000A25
:10CE1000CDF85E0000203146ADF85CA0FCF770FC58
:10CE200041F2400104F12400C4F20201C1F8C00F34
:10CE30002868432120F04060286044F6E200C2F2F6
:10CE4000000045F8080C286844F2B82620F040504D
:10CE5000286055F8040CC2F2000661F30B0045F897
:10CE6000040C3078317900F00102114304BF40F026
:10CE70000100307068680DF1580B40F001006860E7
:10CE800058462C21FBF723FC0120C0F2001016901D
:10CE90000620ADF8600001205946ADF85CA0ADF861
:10CEA0005E904FF00109FCF72BFC307896F82010CB
:10CEB00000F00202114304BF40F002003070286A03
:10CEC0004EF60C5B20F04060286204F12000A8615F
:10CED000286ACEF2000B20F040502862606B0422DA
:10CEE00020F001006063DBF800000224C0F30220A0
:10CEF00080F00701042928BF11464FF0FF320338A4
:10CF000002FA01F14FF0000A38BF504624EA01014D
:10CF100001FA00F04EF219410001CEF2000145F293
:10CF2000000501F8160C16A84021C4F20105CDE950
:10CF30000CAACDE90EAACDF840A0CDF843A0FBF78E
:10CF4000C6FB2020CDE9170A4FF420201B90FF20BC
:10CF50004FF430218DF864A08DF868901C908DF806
:10CF600074A08DF87840CDE91F1003208DF888005B
:10CF70004AF6552044F210168DF884A0CDE9230A14
:10CF80008DF894A0C2F2000696F8540096F85C1052
:10CF9000084396F86C10C0B2084396F87C1096F8D7
:10CFA0008C200843104315D04EF2E510C0F6000067
:10CFB00000F002FD0FF6CC10294600F0FDFC4EF209
:10CFC0009F404EF2A141C0F60000C0F6000100F003
:10CFD000F3FCF7E286F8544086F85C4086F86C4033
:10CFE00086F87C4086F88C40019C4FF480705E4649
:10CFF0000DF1180B06904FF00A0920465946CDF85E
:10D000001DA08DF81C90FDF7ABF94FF40070069051
:10D01000204659468DF81C90FDF7A2F948F2E470BD
:10D02000C3F6AC70386057F82C0C4FF0010B40F091
:10D03000200047F82C0C57F8340C042240F48040B0
:10D0400047F8340C57F81C0C4FF0FF3340F0200029
:10D0500047F81C0C3046C7F800B0306841F2400475
:10D06000C0F3022080F00701042928BF11460338CD
:10D0700003FA01F138BF504622EA010101FA00F03B
:10D080004EF219410001CEF2000101F80E0C2868A1
:10D09000C4F2020440F010002860286A00F47030E6
:10D0A0002862206800F47F00B0F5003F40F27681EE
:10D0B00044F26430C2F200000068800740F16E81E3
:10D0C0006868022161F317506860686861F31B604B
:10D0D0006860686861F31F7068602868C00600F1C6
:10D0E000EB804EF2E510C0F6000000F065FC4EF259
:10D0F000C420C0F60000EEE043F20004C4F20004D5
:10D1000020684FF0000920F0010020600220287301
:10D1100028774FF4C060169044F20000082616A944
:10D12000C4F20200CDF85D908DF85C60FDF718F94F
:10D1300048F2E470C3F6AC70386057F8300C4EF229
:10D14000001140F0080047F8300C57F8200CCEF2E0
:10D15000000140F0080047F8200C012038600E6004
:10D160004EF60C51CEF2000109680423C1F30221EE
:10D1700081F00702042A28BF1A464FF0FF3C0CFA40
:10D1800002F2CE1E23EA020238BF4E46B24012011E
:10D190000BF8162C22684FF6FF7342F01002226043
:10D1A000226842F008022260226822F48062226033
:10D1B000226822F400722260626822F080026260BB
:10D1C000226922F00F022261226922F0F00222611C
:10D1D000226B9A432263226822F4807222602268C2
:10D1E00022F080022260226822F40062226041F272
:10D1F0004002C4F20202126802F47F02B2F5003F5C
:10D200000AD944F26432C2F200021268520303D512
:10D21000226822F480422260626822F00802626082
:10D22000626822F004026260626842F00302626097
:10D23000626822F48032626044F20002C2F20002AC
:10D24000126857F8503CC3F303230133B2FBF3F2E7
:10D250004BF2C53302F56142C9F2A213A2FB0323CC
:10D26000A268C2EA2342A260226822F480522260AD
:10D27000287328774BF27140C0F600004BF26D42E4
:10D28000DDE90C360E99C0F600022862FF206A62C2
:10D29000AB62EE62296368736877C4F838C02068AF
:10D2A00040F004002060206840F002002060206808
:10D2B00040F00100206085E52068C0F307400228A7
:10D2C00016D84EF2E510C0F6000000F075FB4EF2E5
:10D2D0005E20C0F6000000F0C1FD4EF29F404EF20D
:10D2E000A141C0F60000C0F6000100F065FB13E0AC
:10D2F000686A20F002006862686A20F001006862D3
:10D30000A86A60F06040A862686A20F080006862E5
:10D31000686A20F0400068622868C0060AD44EF2AD
:10D32000E510C0F6000000F047FB4EF2C420C0F646
:10D3300000000EE02068C0F30740022816D84EF225
:10D34000E510C0F6000000F037FB4EF20720C0F6F3
:10D35000000000F083FD4EF29F404EF2A141C0F666
:10D360000000C0F6000100F027FB13E0686A20F01F
:10D3700002006862686A20F001006862A86A60F0D2
:10D380006040A862686A20F080006862686A20F0E5
:10D3900040006862286840F40040286068695F21A6
:10D3A00061F3070068612869062161F305002861BF
:10D3B00028694EF2E51A6BF30C20286128694EF2B9
:10D3C00088296BF31340286128684EF29F474EF27C
:10D3D000A14420F480200026C0F6000AC0F600090F
:10D3E000C0F60007C0F6000428600CE0504600F0CC
:10D3F000E3FA484600F032FD3846214600F0DCFAF8
:10D400000136102E33D02868C006EFD5686B20F0A7
:10D410000F0030436863686B40F020006863A86BBE
:10D4200000F06040A863A86B20F0C040A863686B60
:10D4300020F020006863A86B00F06040A86341F210
:10D440004000C4F20200006800F47F00B0F5003F25
:10D4500007D9E86B6BF30710E863E86B6BF3030025
:10D46000E863286B0BFA06F188432863C8E74EF29D
:10D4700088244EF29F4A4EF2A14B0027C0F60004CA
:10D48000C0F6000AC0F6000B4FF0010916AE10E01E
:10D4900042F01001E963E96B69F30301E96300BF3E
:10D4A000296B09FA00F0084316AE28631037402FA5
:10D4B00056D02868C0060DD44EF2E510C0F6000024
:10D4C00000F07AFA204600F0C9FC5046594600F0B8
:10D4D00073FAEBE7696BF05D60F3030169636A6BF4
:10D4E000F11942F020026A63AA6BD1E90136520FAA
:10D4F00062F35F76AE63AA6B0E7B22F0C04206F049
:10D50000030642EA4672AA636A6B22F020026A634B
:10D51000AA6B520F62F35F7341F24002AB63C4F235
:10D520000202126802F47F02B2F5003FB8D944F259
:10D530006432C2F2000212689207B1D54A7BEB6BEB
:10D54000002A23F0F002A3D08B7BC97B03F00F03EA
:10D5500042EA0312EA63EA6B61F30302EA639FE7BC
:10D5600028680C2220F0100028602968012060F350
:10D570001F712960296862F31B61296041F2400133
:10D58000C4F20201096811F47E0F03D0296821F466
:10D590000051296044F210164FF0FF31C2F200062C
:10D5A000E96086F8540086F85C0086F86C0086F81E
:10D5B0007C0086F88C000CA8C11C06F19400142293
:10D5C000FBF75EF844F62814C2F20004201D58212F
:10D5D000FBF77DF8802020212560C4E90310882016
:10D5E000A06196F86C00012812D1042086F86C0026
:10D5F00048F69920C0F60000306704F11C00706600
:10D6000004F11400B066A86840F08000A86016E03D
:10D610004EF2E510C0F6000000F0CEF94EF22410F4
:10D62000C0F60000294600F0C7F94EF29F404EF2C6
:10D63000A141C0F60000C0F6000100F0BDF944F2BF
:10D64000943640F2001040F20451C2F20006C0F2DB
:10D650000230C0F20671C6E9C501A86844F20011A3
:10D6600040F08000A860C2F2000141F2820346F25D
:10D670000B408122C0F21A73A1F80D0000204A70FD
:10D68000C1F80930C87344F28431C2F200014A7013
:10D6900048F20B42C1F80930A1F80D20C87383216C
:10D6A00086F8D212842186F8DA12852186F8E212F1
:10D6B000862186F8F212BE2186F8EA12872186F8C2
:10D6C0009A12882186F8A212892186F8AA128A2144
:10D6D00086F8B2128B2186F8BA128C2186F8921243
:10D6E0008D2186F8C2128E2186F8CA1244F2680192
:10D6F00049F2DA6249F2DA634FF6C6274FF623059C
:10D70000C2F20001C3F61972CBF61973CBF6FF779C
:10D71000C3F67F750A624B628F62CD62C1E90D006C
:10D72000C1E90F004FF0FF31C8F81410D6F8A81067
:10D730000022C6F8B8100021C4F27A41C4F22012C7
:10D74000A6F8A60086F80E0186F88400C6F85401F3
:10D75000C6F8AC00C6E96D12B6F8441186F85E0250
:10D76000C6F878020A0786F87C025CBF21F008013F
:10D77000A6F8441121F002010122A6F8441144F256
:10D78000000186F84821C6F85002C6F84402C4F2E7
:10D79000020108689FED841A40F40040086096ED8D
:10D7A0007D0A41F2921220EE010ABCEEC00A10EE90
:10D7B000101A88B248F2000440F2000C49F2000E40
:10D7C0009042A6F80C1140F200014BF204024AF21A
:10D7D0002407C4F20304C4F2030CC4F2000EC4F222
:10D7E000C821C4F20302C4F2020702D941F2931025
:10D7F00002E0022802D80220A6F80C01786300207B
:10D80000C4F2A000C6E98E100020C4F2401000212E
:10D81000C6F858030020C4F2C81186F86803C6E9A8
:10D82000DB01012086F875020020C4F28810C6F8DA
:10D83000EC0020684BF2000340F004002060D4F8B4
:10D840000004C4F2030340F00400C4F80004D4F858
:10D85000000840F00400C4F800084FF20010CFF6B2
:10D86000FF70195841F00101195048F20001C4F24B
:10D870000001C86840F40070C8600868800703D4DD
:10D88000C86840F48070C860086840F00100086013
:10D89000106840F4C8101060DEF80C0040F400700E
:10D8A000CEF80C00DEF80000800705D4DEF80C008E
:10D8B00040F48070CEF80C00DEF8000040F001006B
:10D8C000CEF80000DCF80C0040F40070CCF80C003E
:10D8D000DCF80000800705D4DCF80C0040F4807010
:10D8E000CCF80C00DCF8000040F00100CCF800009F
:10D8F00057F8180C40F4007047F8180C57F8240C2F
:10D90000800705D457F8180C40F4807047F8180CBD
:10D9100057F8240C40F0010047F8240C62B600BF11
:10D92000FEE74EF2F110C0F6000000F045F84EF2AE
:10D930005F10C0F6000051464A4600F03DF84EF236
:10D940009F404EF2A141C0F60000C0F6000100F079
:10D9500033F848F2E470C3F6AC703860FEF789B86B
:10D960005468697320554152545B307825303878BB
:10D970005D2069736E2774206265696E6720757318
:10D9800065640A00546869732043414E5B30782512
:10D990003038785D206973206265696E6720757321
:10D9A0006564210A00000000D4BC364340F2710CCB
:10D9B000C1F2000C604700000FB4054B10B503A97D
:10D9C000044A029800F018F810BC5DF814FB00003F
:10D9D00031B60008AC40002002E008C8121F08C1A0
:10D9E000002AFAD170477047002001E001C1121FE0
:10D9F000002AFBD1704700002DE9FF4F8DB00F4684
:10DA00000546002606E025280BD0DDE90F129047D9
:10DA10006D1C761C28780028F5D111B03046BDE881
:10DA2000F08F0024A246A1460122EC4900E0044305
:10DA300015F8013F203B02FA03F00842F7D128789D
:10DA40002A2810D06FF02F022878A0F13001092980
:10DA500014D80AEB8A0102EB410144F0020400EB06
:10DA6000010A6D1CF0E701CF5FEA000A03D544F418
:10DA70000054CAF1000A44F002046D1C28782E28D4
:10DA800017D115F8010F44F004042A280ED06FF0C6
:10DA90002F022878A0F1300109290AD809EB890161
:10DAA00002EB410100EB01096D1CF2E757F8049B02
:10DAB0006D1C28786C280FD006DC4C2817D06828FD
:10DAC0000DD06A2814D104E0742810D07A280FD120
:10DAD0000DE044F400140AE044F4801401E044F43E
:10DAE00040146978814202D104F580146D1C6D1CCC
:10DAF0002A786E2A1FD00CDC632A31D004DC002A7D
:10DB00008BD0582A11D1A3E0642A68D0692A0CD19D
:10DB100065E0732A2ED004DC6F2A73D0702A04D1FA
:10DB20009BE0752A6FD0782A6ED01046DDE90F127F
:10DB30009047761C50E1C4F30250022806D0032817
:10DB400009D0042801CF09D0066045E101CFF117C3
:10DB5000C0E9006140E101CF06803DE106703BE194
:10DB600017F8040B8DF8000000208DF80100EB463B
:10DB7000012003E057F804BB4FF0FF3061074FF07E
:10DB8000000102D40DE008F10101884649450FDA91
:10DB90008045F8DB1BF808100029F4D108E008F1F3
:10DBA000010188468142FADB1BF808100029F6D1F2
:10DBB000DDE90F23AAEB08008146214600F036F983
:10DBC000304400EB080604E0DDE90F121BF8010BFE
:10DBD0009047B8F10108F7D221464846F7E00A21FC
:10DBE000C4F302534FF0000B0891022B04D001CF75
:10DBF000C117032B09D00AE0FF1D27F00707F7E83C
:10DC0000020108E032E01FE020E000B2C117042B5F
:10DC100001D140B2C117031E71F1000307DA4FF0C2
:10DC2000000CD0EB0C006CEB01012D2302E023056E
:10DC300004D52B238DF82430012303E0E30701D022
:10DC40002023F7E7984658E00A2110E010210EE063
:10DC500010204FF0000B08900CE010214FF0000B4B
:10DC600044F004044FF00809089103E008214FF044
:10DC7000000B0891C4F30253022B04D001CF002102
:10DC8000032B06D006E0FF1D27F00707F7E8020187
:10DC900003E080B2042B00D1C0B24FF0000823078C
:10DCA0002BD5702A07D0DDF820C08CF0100C5CEA70
:10DCB0000B0C05D00EE040238DF82430012308E042
:10DCC00050EA010306D030238DF824308DF825204A
:10DCD00002239846DDF820C08CF0080C5CEA0B0C9F
:10DCE0000BD150EA010301D1630706D530238DF82B
:10DCF00024304FF00108A9F10109582A04D038A2B4
:10DD00000B9208AA0A920BE03AA2F9E75B46089A3E
:10DD1000FAF75DFA0B9B9B5C0A9A521E0A921370EB
:10DD200050EA0102F2D10A98ADEB000000F1200B9D
:10DD3000600702D524F4803401E04FF00109D94591
:10DD400002DDA9EB0B0000E0002000EB0B014144D9
:10DD50000890AAEB010AE00306D4DDE90F2321466F
:10DD6000504600F063F806444FF0000908E009A9A6
:10DD700011F80900DDE90F12904709F10109761C3D
:10DD8000C145F4DBE0030CD5DDE90F232146504605
:10DD900000F04CF8064404E0DDE90F123020904713
:10DDA000761C0899481E08900029F5DC08E00A98BE
:10DDB0000A990078491C0A91DDE90F129047761CF8
:10DDC000BBF10001ABF1010BF1DC21465046DDE96E
:10DDD0000F2300F019F806446D1C1BE6092801000A
:10DDE00030313233343536373839616263646566D1
:10DDF0000000000030313233343536373839414293
:10DE000043444546000000002DE9F041044600254A
:10DE10001E461746880404D405E039462020B04742
:10DE20006D1C641EF9D52846BDE8F0812DE9F0414E
:10DE3000044600251E469046C80301D5302700E061
:10DE40002027880404D505E041463846B0476D1CBC
:10DE5000641EF9D52846BDE8F081000010B50446DF
:10DE600001E0AFF3008014F8010B04490028F8D159
:10DE7000BDE810400A20FDF7DBBB0000AC400020ED
:10DE80000000000000127A00002A7515010016003B
:10DE900000800000030000000200000000127A0071
:10DEA0000057A6160100170000C000000300000084
:10DEB0000200000000127A000084D7170100190048
:10DEC00000000000030000000200000000127A00C1
:10DED00000B1081901001A00004000000300000012
:10DEE0000200000000127A0000DE391A01001B0057
:10DEF00000800000030000000200000000127A0011
:10DF0000000B6B1B01001C0000C0000003000000A0
:10DF10000200000000127A0000389C1C01001E0064
:10DF2000000000000300000002000000001BB7001A
:10DF3000002A751501000F0000000000030000001A
:10DF400002000000001BB7000057A61601000F00DA
:10DF500055D500000300000002000000001BB700C0
:10DF60000084D71701001000AAAA000003000000D7
:10DF700002000000001BB70000B1081901001100E9
:10DF8000008000000300000002000000001BB7003A
:10DF900000DE391A01001200555500000300000090
:10DFA00002000000001BB700000B6B1B01001300F8
:10DFB000AA2A00000300000002000000001BB700B6
:10DFC00000389C1C01001400000000000300000049
:10DFD0000200000000127A0000E1F50501000600D1
:10DFE00000400000000000000200000000127A0063
:10DFF00080778E060100060000E0000000000000AF
:10E000000200000000127A00000E2707010007003E
:10E0100000800000000000000200000000127A00F2
:10E0200080A4BF07010008000020000000000000DD
:10E030000200000000127A00003B580801000800AE
:10E0400000C00000000000000200000000127A0082
:10E0500080D1F0080100090000600000000000000D
:10E060000200000000127A000068890901000A001D
:10E0700000000000000000000200000000127A0012
:10E0800080FE210A01000A0000A00000000000003C
:10E090000200000000127A000095BA0A01000B008D
:10E0A00000400000000000000200000000127A00A2
:10E0B000802B530B01000B0000E00000000000006B
:10E0C0000200000000127A0000C2EB0B01000C00FD
:10E0D00000800000000000000200000000127A0032
:10E0E0008058840C01000D00002000000100000099
:10E0F0000200000000127A0000EF1C0D01000D006C
:10E1000000C00000010000000200000000127A00C0
:10E110008085B50D01000E000060000001000000C8
:10E1200002000000546869732043414E5B3078253B
:10E130003038785D2052782069736E277420696EBC
:10E140002052454144592073746174652C206361E9
:10E150006E2774207374617274205278210A00440F
:10E160006F6E2774206D6174636820706C6C305F13
:10E17000696E5F667265712D5B25755D20746F2019
:10E1800067656E657261746520706C6C305F6F7569
:10E19000745F667265712D5B25755D2C20706C65F2
:10E1A000617365206164642074686520636F6E66C6
:10E1B000696720746F207263755F706C6C5F636653
:10E1C00067206172726179210A005B4540414443D6
:10E1D000204C4C5D20005B454045464C4153482057
:10E1E0004C4C5D20005B454043414E204C4C5D2033
:10E1F000005B4540524355204C4C5D20005B454040
:10E20000554152545D200054686520636869702050
:10E210006E6F7420737570706F727420676C6F62AC
:10E22000616C2066696C74657220636F6E666967E5
:10E2300021005761697420666F72204275737920DE
:10E240007374617465206572726F72206265666FA7
:10E250007265206F7065726174696F6E2100546819
:10E26000652063686970206E6F7420737570706FBD
:10E27000727420676C6F62616C2066696C74657281
:10E280002072657365742100416363657074616E0B
:10E2900063652066696C7465722072656769737462
:10E2A00065722063616E20636F6E66696720696EB8
:10E2B00020726573657420737461747573206F6E5A
:10E2C0006C792100476C6F62616C2066696C7465C3
:10E2D000722072656769737465722063616E206372
:10E2E0006F6E66696720696E20726573657420734E
:10E2F0007461747573206F6E6C7921002E2E2F2E31
:10E300002E2F2E2E2F447269766572732F5441453D
:10E31000333247353878785F4472697665722F53A7
:10E3200072632F746165333267353878785F6C6C4F
:10E330005F6164632E63002E2E2F2E2E2F2E2E2F24
:10E34000447269766572732F5441453332473538CC
:10E3500078785F4472697665722F5372632F7461A7
:10E3600065333267353878785F6C6C5F65666C61F1
:10E3700073682E63002E2E2F2E2E2F2E2E2F4472DA
:10E3800069766572732F5441453332473538787852
:10E390005F4472697665722F5372632F74616533BF
:10E3A0003267353878785F6C6C5F687270776D2E85
:10E3B00063002E2E2F2E2E2F2E2E2F44726976655F
:10E3C00072732F544145333247353878785F447241
:10E3D000697665722F5372632F74616533326735C6
:10E3E0003878785F6C6C5F63616E2E63002E2E2F21
:10E3F0002E2E2F2E2E2F447269766572732F544164
:10E4000045333247353878785F4472697665722FC4
:10E410005372632F746165333267353878785F6C77
:10E420006C5F6770696F2E63002E2E2F2E2E2F2E9D
:10E430002E2F447269766572732F544145333247EB
:10E44000353878785F4472697665722F5372632F1E
:10E45000746165333267353878785F6C6C5F636DF3
:10E46000702E63002E2E2F2E2E2F2E2E2F447269EB
:10E47000766572732F544145333247353878785F6B
:10E480004472697665722F5372632F7461653332FB
:10E4900067353878785F6C6C5F746D722E63002519
:10E4A00073000000E8E4000800000010242B0000C6
:10E4B000D8D90008101001080040002068000000B2
:10E4C000D8D90008781001080000012024000000BD
:10E4D000D8D900087810010868400020840900009D
:10E4E000E8D90008000000004BF61C70C4F20300DD
:10E4F00050F8081C50F80C2C1140890658BF704782
:10E500000168032241F0C00101604FF0FF3101605A
:10E5100044F29431C2F20001B1F8443181F80E2185
:10E5200043F00402D1F89430A1F844210122C1F84B
:10E53000A4205A1CC1F89420002281F898204AF2A5
:10E540000021C4F203010A6822F001020A602021BE
:10E5500040F80C1C704700BF2DE9F04184B0013831
:10E56000432800F29884DFE810F044007600960417
:10E57000B100B70096049604960496049604960497
:10E58000960496049604C100EC0028014901840118
:10E590008A019604960496049604960496049604BA
:10E5A0009604960496049604960496049A01BF0174
:10E5B000E4019604960496045502A2029604960479
:10E5C0009604960496049604EF02220355038803EA
:10E5D000BB03F50328045B04960496049604960492
:10E5E000960496049904E2043505FD0540067F056E
:10E5F000A10545F20000C4F20100016841F01001DC
:10E60000016000BF00BF00BF00BF00BF00BF00BF70
:10E6100000BF00BF00BF00BF00BF00BF00BF00BF02
:10E6200000BF00BF00BF00BF00BF016821F01001A4
:10E63000016044F29430C2F20000D0F8600344F26A
:10E64000001120F0604001906FF047000290C2F28C
:10E65000000100F0C4BD45F20000C4F201000268F0
:10E66000B1F5302F42F01002026000BF00BF00BFC2
:10E6700000BF00BF00BF00BF00BF00BF00BF00BFA2
:10E6800000BF00BF00BF00BF00BF00BF00BF00BF92
:10E6900000BF026822F01002026044F29430C2F21D
:10E6A0000000D0F8600320F0604001906FF0470058
:10E6B000029007BF44F28430C2F2000044F200101E
:10E6C000C2F2000000F1080100F089BD44F294306C
:10E6D000C2F20000002104E044F29430C2F20000D3
:10E6E000012180F8751204B0BDE8F08144F62810CD
:10E6F000C2F200008168C9B200EBC102127E12F0C2
:10E700000C0F00F0C88300EB8111497F0F2940F006
:10E71000C2838168C9B200EB8110C08B00EE100A81
:10E7200044F68810B8EE400AC2F2000080ED080AF4
:10E7300044F29430C2F2000080ED4A0A04B0BDE811
:10E74000F08144F62810C2F200008168C9B200EBE3
:10E75000C102926902F00F02052AC0F09C8300EB0F
:10E760008110417F102940F09683847FC57F90F807
:10E77000206010208DF8040001A803218DF80540C9
:10E780008DF8065002F014FCC0B2864240F083833C
:10E7900044EA052000EE100A44F68810B8EE400A5C
:10E7A000C2F2000080ED090A44F29430C2F2000087
:10E7B00080ED4B0A04B0BDE8F08144F6881145F2C3
:10E7C000AA50C2F20001C5F2AA50C1E9000044F209
:10E7D000B810C2F20000602202F0EFFB02F0F2FB80
:10E7E000002840F0588302F0F2FBB0F5807F40F043
:10E7F000528304B0BDE8F04102F0EEBB44F6881449
:10E80000C2F200044FF20001C0F60101204660226E
:10E8100002F0E7FB44F29430616CC2F20000D4E9EC
:10E8200002E2D4E90437D4E90665C0F83C1394F851
:10E830002810D4E908C8C0E944E2C0E94637C0E975
:10E84000486580F84811216BA26CD4E91537E66D54
:10E85000C0F828C1C0F82C81C0F8D810C0F8A810A2
:10E86000C0F8E420C0E9E137C0F88C6304B0BDE82B
:10E87000F08144F68810C2F20000012104E044F661
:10E880008810C2F20000002180F8281044F2943071
:10E89000C2F2000080F8481104B0BDE8F08144F6EF
:10E8A0002810C2F200008168C9B200EBC102127EDA
:10E8B00012F00C0F00F0EF8200EB8111497F22294A
:10E8C00040F0E9828168C9B200EB8110C08B00EE94
:10E8D000100A44F29430B8EE400AC2F2000080ED13
:10E8E000330A04B0BDE8F08144F62810C2F20000FB
:10E8F0008168C9B200EBC102127E12F00C0F00F069
:10E90000CA8200EB8111497F232940F0C4828168CB
:10E91000C9B200EB8110C08B00EE100A44F29430B3
:10E92000B8EE400AC2F2000080ED340A04B0BDE83F
:10E93000F08144F62810C2F20000816844F2943459
:10E9400000EB8110C2F20004807F94ED330A94ED55
:10E95000341A84F8D400BDEEC00A10EE100ABDEEE1
:10E96000C10A010A10EE102A130A24278DF80500A7
:10E970008DF80610002501A809218DF80470ADF866
:10E9800007508DF809208DF80A30ADF80B5002F0D1
:10E990000FFB94F8D410C2B2914284F8D50040F035
:10E9A000758494ED330A9FEDE81AB7EE002A20EE45
:10E9B000010AB4EE420AF1EE10FA40F36C8494EDD1
:10E9C000343A23EE011AB4EE421AF1EE10FA40F393
:10E9D000628494ED2A2A44F6881022EE012A82EEFF
:10E9E000002A30EE410A9FEDD91AC2F2000080EDF4
:10E9F000120A84ED390A32EE011A80ED0C2A80EDFC
:10EA0000111A84ED362A84ED2A2A84EDCF1A04B037
:10EA1000BDE8F08144F62810C2F200008168C9B256
:10EA200000EBC102926902F00F02072AC0F03382A4
:10EA300000EB8110417F282940F02D8290F81E8044
:10EA4000C57F90F8206090F8217090F8224028202F
:10EA50008DF8040001A805218DF805808DF8065079
:10EA60008DF807608DF8087002F0A2FAC0B28442F7
:10EA700040F0118248EA052040EA064040EA07607B
:10EA800000EE100A9FEDB21AB8EE400A44F6881064
:10EA900020EE010AC2F2000080ED150A44F2943023
:10EAA000C2F2000080EDE10A04B0BDE8F08144F656
:10EAB0002810C2F200008168C9B200EBC10292695D
:10EAC00002F00F02072AC0F0E68100EB8110417FBF
:10EAD000292940F0E08190F81E80C57F90F82060E1
:10EAE00090F8217090F8224029208DF8040001A8A8
:10EAF00005218DF805808DF806508DF807608DF89A
:10EB0000087002F055FAC0B2844240F0C48148EA6D
:10EB1000052040EA064040EA076000EE100A9FED3B
:10EB20008C1AB8EE400A44F6881020EE010AC2F2B0
:10EB3000000080ED160A44F29430C2F2000080ED2D
:10EB4000E20A04B0BDE8F08145F20000C4F2010021
:10EB5000016841F01001016000BF00BF00BF00BFAD
:10EB600000BF00BF00BF00BF00BF00BF00BF00BFAD
:10EB700000BF00BF00BF00BF00BF00BF00BF00BF9D
:10EB8000016821F01001016044F62810C2F2000073
:10EB9000816800EB8110007F44F29431C2F20001E1
:10EBA00081F89902D1F8600301F2992111E345F24D
:10EBB0000000C4F20100016841F01001016000BFD3
:10EBC00000BF00BF00BF00BF00BF00BF00BF00BF4D
:10EBD00000BF00BF00BF00BF00BF00BF00BF00BF3D
:10EBE00000BF00BF00BF016821F01001016044F6C2
:10EBF0002810C2F20000816800EB8110007F44F20F
:10EC00009431C2F2000181F8A102D1F8600301F24F
:10EC1000A121DEE245F20000C4F20100016841F0EA
:10EC20001001016000BF00BF00BF00BF00BF00BFF8
:10EC300000BF00BF00BF00BF00BF00BF00BF00BFDC
:10EC400000BF00BF00BF00BF00BF00BF016821F0D0
:10EC50001001016044F62810C2F20000816800EB48
:10EC60008110007F44F29431C2F2000181F8A902C0
:10EC7000D1F8600301F2A921ABE245F20000C4F231
:10EC80000100016841F01001016000BF00BF00BF3A
:10EC900000BF00BF00BF00BF00BF00BF00BF00BF7C
:10ECA00000BF00BF00BF00BF00BF00BF00BF00BF6C
:10ECB00000BF016821F01001016044F62810C2F283
:10ECC0000000816800EB8110007F44F29431C2F2B1
:10ECD000000181F8B102D1F8600301F2B12178E2BC
:10ECE00045F20000C4F20100016841F0100101602A
:10ECF00000BF00BF00BF00BF00BF00BF00BF00BF1C
:10ED000000BF00BF00BF00BF00BF00BF00BF00BF0B
:10ED100000BF00BF00BF00BF016821F0100101600B
:10ED200044F62810C2F20000816800EB8110007FD9
:10ED300044F29431C2F2000181F8B902D1F86003C3
:10ED400001F2B92145E200BF6F12833A000040C2D0
:10ED50000AD7233C45F20000C4F20100016841F0EB
:10ED60001001016000BF00BF00BF00BF00BF00BFB7
:10ED700000BF00BF00BF00BF00BF00BF00BF00BF9B
:10ED800000BF00BF00BF00BF00BF00BF016821F08F
:10ED90001001016044F62810C2F20000816800EB07
:10EDA0008110007F44F29431C2F2000181F8910297
:10EDB000D1F8600301F291210BE245F20000C4F2A8
:10EDC0000100016841F01001016000BF00BF00BFF9
:10EDD00000BF00BF00BF00BF00BF00BF00BF00BF3B
:10EDE00000BF00BF00BF00BF00BF00BF00BF00BF2B
:10EDF00000BF016821F01001016044F62810C2F242
:10EE00000000816800EB8110007F44F29431C2F26F
:10EE1000000181F8C102D1F8600301F2C121D8E1FB
:10EE200045F20000C4F20100016841F010010160E8
:10EE300000BF00BF00BF00BF00BF00BF00BF00BFDA
:10EE400000BF00BF00BF00BF00BF00BF00BF00BFCA
:10EE500000BF00BF00BF00BF016821F010010160CA
:10EE600044F62810C2F20000816800EB8110007F98
:10EE700044F29431C2F2000181F8C902D1F8600372
:10EE800001F2C92120F0604001906FF0470002902C
:10EE900001A802F0ABF804B0BDE8F08145F2000033
:10EEA000C4F20100016844F2943241F010010160A3
:10EEB00000BF00BF00BF00BF00BF00BF00BF00BF5A
:10EEC00000BF00BF00BF00BF00BF00BF00BF00BF4A
:10EED00000BF00BF00BF00BF0168C2F2000221F006
:10EEE0001001016044F62810C2F20000816892ED22
:10EEF0004A0A00EB8110007F92ED4B1A82F8E9027A
:10EF0000BDEEC00A10EE100ABDEEC10A10EE103AB6
:10EF1000070A82F8EB02180A82F8EE02D2F86003C0
:10EF200002F2E92182F8EC7282F8ED3251E145F209
:10EF30000000C4F20100016844F2943241F0100173
:10EF4000016000BF00BF00BF00BF00BF00BF00BF27
:10EF500000BF00BF00BF00BF00BF00BF00BF00BFB9
:10EF600000BF00BF00BF00BF00BF0168C2F20002C7
:10EF700021F01001016044F62810C2F200008168FF
:10EF800092ED460A00EB81109FEDC61A007F92EDCC
:10EF9000442A20EE010A82F8D102BDEEC00A10EE2A
:10EFA000100A22EE010ABDEEC00A10EE103A1F0A46
:10EFB00082F8D3324CF60873A2F8D532030A82F8ED
:10EFC000D832D2F8603302F2D12182F8D47282F8BA
:10EFD000D70246E045F20000C4F20100016844F2A5
:10EFE000943241F01001016000BF00BF00BF00BFBC
:10EFF00000BF00BF00BF00BF00BF00BF00BF00BF19
:10F0000000BF00BF00BF00BF00BF00BF00BF00BF08
:10F010000168C2F2000221F01001016044F62810DC
:10F02000C2F20000816892ED480A00EB8110007F77
:10F03000B2EE041A20EE010A82F8D902BDEEC00A2F
:10F0400010EE100AAA23A2F8DB32030A82F8DE329D
:10F05000D2F8603302F2D92182F8DD02A020A2F8B2
:10F06000DF0223F06040B6E044F62810C2F2000050
:10F070008168C9B200EBC102926902F00F02072A4F
:10F08000FFF409AF00EB8110417F43297FF403AF08
:10F09000D0F81E0043218DF80410CDF8050001A81A
:10F0A000052101F085FF04B0BDE8F08145F20000C4
:10F0B000C4F20100016844F2943241F01001016091
:10F0C00000BF00BF00BF00BF00BF00BF00BF00BF48
:10F0D00000BF00BF00BF00BF00BF00BF00BF00BF38
:10F0E00000BF00BF00BF00BF0168C2F2000221F0F4
:10F0F0001001016044F62810C2F20000816892ED10
:10F100002A0A00EB81109FED672A007F92ED2B1AEF
:10F1100020EE020A82F8F10292ED363ABDEEC00A04
:10F1200010EE100A21EE020ABDEEC00A10EE103AEF
:10F1300023EE020ABDEEC00A10EE107A060A82F82B
:10F14000F302380A82F8F602180A82F8F802D2F8B6
:10F15000600302F2F12182F8F46282F8F57282F81B
:10F16000F73236E045F20000C4F20100016841F0D8
:10F170001001016000BF00BF00BF00BF00BF00BFA3
:10F1800000BF00BF00BF00BF00BF00BF00BF00BF87
:10F1900000BF00BF00BF00BF00BF00BF016821F07B
:10F1A0001001016044F62810C2F20000816800EBF3
:10F1B0008110007F44F29431C2F2000181F8E10233
:10F1C000BE20C0F2E600C1F8E302D1F8600301F20C
:10F1D000E12120F0604001906FF04700029001A80B
:10F1E00001F004FF04B0BDE8F08144F62810C2F23B
:10F1F00000008168C9B200EBC102926902F00F02FF
:10F20000072AFFF448AE00EB8110417F42297FF4CA
:10F2100042AE90F81E80C57F90F8206090F8217073
:10F2200090F8224042208DF8040001A805218DF8B5
:10F2300005808DF806508DF807608DF8087001F094
:10F24000B7FEC0B284427FF426AE48EA052040EA09
:10F25000064040EA076000EE100A9FED131AB8EE70
:10F26000400A44F6881020EE012AC2F2000080ED28
:10F27000172A44F29430C2F2000020EE410A80EDD9
:10F28000852A80ED870A04B0BDE8F081C4E93355D2
:10F2900004B0BDE8F0810020C4E9330004B0BDE84B
:10F2A000F08100BF00007A440AD7233C44F2943036
:10F2B000C2F20000D0F85C31B0F84411032B0DD33A
:10F2C00011F008020AD1D0F89C2021F0020101328D
:10F2D000A0F84411C0F89C20002302E0D0F89C2044
:10F2E00001330029C0F85C3118BF7047052A64D883
:10F2F00000214AF20022C0F8A410C4F203021368ED
:10F300009FED2E1A43F0010313604BF61C72C4F2FA
:10F3100003024FF0FF331360D0F8A8200023C0F899
:10F32000B8200022C4F27A42C4F2201380F80E11F1
:10F3300080F88410C0F85411C0F8AC10C0E96D23F7
:10F34000B0F8442180F85E12C0F87812130780F8F4
:10F350007C125CBF22F00802A0F844210123C0F80F
:10F36000501222F00202C0F8441244F2000180F868
:10F370004831A0F84421C4F202010A6841F2921314
:10F3800042F400420A6090ED7D0A20EE010ABCEED4
:10F39000C00A10EE102A91B29942A0F80C2102D9AD
:10F3A00041F2931102E0022902D80221A0F80C11C7
:10F3B0004AF25800C4F2020001607047D4BC3643E0
:10F3C0002DE9F04F81B02DED068B48F21000C4F20C
:10F3D000000050F8041C890544BF01685FEA8151B0
:10F3E00004D4BDEC068B01B0BDE8F08F4FF4007182
:10F3F00044F294390160C2F2000999F8300338B937
:10F4000041F20400CEF2000000210160C9F81C1393
:10F4100040F22000C2F20100B0F9000040F21802F0
:10F4200000EE100A40F20800C2F20100B8EEC01A65
:10F43000B0F90000C2F2010200EE100A89ED141AC0
:10F440009FEDE62AB8EEC00A99F8180099F83C102A
:10F45000B2F9002020EE020A013002EE102A09EB78
:10F460008102013100F0030001F0030189ED020A7D
:10F4700089F81800B8EEC22A89F83C1040F2100151
:10F480009FEDD73AC2F201019FEDD64AB1F90010C3
:10F4900022EE032A82ED082A32EE049A02EE101AB6
:10F4A00089ED079AB8EEC22A22EE032A99ED1A3A9C
:10F4B00032EE042AB6EE084A23EE043A32EE032A6C
:10F4C0009FEDC93A89ED1A2A22EE032A9FEDC73A29
:10F4D00099ED1B5A32EE032AB5EE402A25EE043A86
:10F4E0009FEDC3AAF1EE10FA33EE093AB5EE004AE9
:10F4F000B8BFB0EE4A2A89ED1B3A23EE043A012840
:10F5000089ED7D3A89ED7E2A20D000284DD199EDF4
:10F51000112AB6EE0E3A22EE032A9FEDB63A32EEEB
:10F52000011A21EE032A89ED102A9FEDB32A9FEDDF
:10F53000B33A89ED111A21EE021A31EE031ABDEE2B
:10F54000C11A11EE100A89F8480099E040F2000053
:10F55000C2F20100B0F900009FEDA92A01EE100AE5
:10F56000B8EEC11A99ED163A9FEDA64A21EE021A9D
:10F5700023EE042A9FEDA43A31EE021A21EE032A6B
:10F5800089ED152A9FEDA12A9FEDA13A21EE022ACD
:10F5900032EE032A9FED9F3A89ED161A22EE011AE8
:10F5A00031EE031A89EDCE1A6AE0032868D199F882
:10F5B0006803002864D1D9F8640301300628C9F82B
:10F5C00064035DD346F20400C4F20200006899F8B7
:10F5D0005C1360F3000145F2000089F85C13C4F28B
:10F5E0000200406860F3410144F2000089F85C13B6
:10F5F000C4F202004068C00960F382014FF0FF309E
:10F6000050FA81F0062889F85C1309D8DFE800F089
:10F61000040B10151A1F24000120C0F20A001FE07D
:10F620004FF420201CE00120C0F20A00013017E056
:10F630000120C0F20A00023012E00120C0F20A00EC
:10F6400003300DE00120C0F20A00043008E0012080
:10F65000C0F20A00053003E00120C0F20A000630C3
:10F66000C9F86003012089F868034EF20010CEF259
:10F6700000004FF40061016099ED020A99ED079ACC
:10F680009FED651A9FED652A20EE010A99F9485011
:10F6900030EE028ABFEE000A89ED018A89ED3D9ABB
:10F6A00089ED2C8A39EE000A002D48BFB0EE409A51
:10F6B000B5EE409A99F97002F1EE10FAB8BFB0EECB
:10F6C0004A9A002889ED3C9A06D4013018EE102A97
:10F6D00089F8700200F06EBF18EE100A01F08BFC82
:10F6E0009FED4F0BD9F8306153EC102B01F088FCE3
:10F6F000002818BF701C0B28C9F8300105D3B9F8D1
:10F70000440140F00100A9F8440199F80EE1BEF16E
:10F71000020F26D199ED460AD9F85401B4EE408A79
:10F720000130F1EE10FA4FF00003C9F85401D9F896
:10F730003411B8BF4B1C64284FF0000298BF134629
:10F74000652BC9F834310AD3B9F844114FF0030ED0
:10F7500041F0020189F80EE1A9F8441101E04FF0EF
:10F76000020EB9F844114A0718D4B3EE020AB4EEF7
:10F77000409AF1EE10FA2DDDB3EE030AB4EE409A92
:10F78000F1EE10FA68DDD9F890200132022AC9F8AA
:10F79000902024BF0122C9F8942060E0D9F83821D4
:10F7A00047F641630132C0F205039A42C9F8382195
:10F7B000C0F08780D9F8A0200132C9F8A02009D272
:10F7C000D9F89C2021F004010132A9F8441100214C
:10F7D000C9E927210021C9F8381172E0B647F13B89
:10F7E0000000683BF6288CC03BDF9F3E764F1EBF73
:10F7F000000000000000803D17BCE8BA33B3184396
:10F800009A99B93900007E3F0000003C448B70BAE1
:10F810003333233F000050C268918D3FB81E053E30
:10F82000CDCCCCCCCCCC4C40004856460000C84295
:10F83000000048426F12833ACDCCCC3D3D8DB03EA6
:10F84000CB3D0DBD00009643000020420000484320
:10F850000000AA430000A0420022C9F89020D9F875
:10F8600038315A1C013BC52BC9F8382110D899F8FA
:10F870006872012389F89830002F89F8843019BF05
:10F8800042F22403C9F854320023C9F8403202E09E
:10F89000002389F898300B2A13D341F00401A9F80A
:10F8A000441149F20401C4F2030140F63E320A60F9
:10F8B0004FF08341C9F8EC100021C9F83811C9F89C
:10F8C000901000EE105AB8EEC00A99ED4A1AB4EE44
:10F8D000401AF1EE10FA0DDABEF1020F0FD1D9F88D
:10F8E0003C11652908D3B9F8441141F00801A9F881
:10F8F000441104E0002100E00131C9F83C11B9F8DD
:10F9000044110A0719D599ED4B1A0022B4EE401A9A
:10F91000F1EE10FA0FDD99F8483163B1D9F84021C2
:10F92000652A07D321F008010022A9F84411C9F87B
:10F930003C2100E00132C9F8402146F20402C4F241
:10F9400002021268120416D499F873220132D3B25B
:10F950000B2B89F873221AD3AEF101030022012B7D
:10F96000A9F8722213D8B9F8A42011430FD10121AC
:10F9700089F874120BE099F871120131CAB2332A76
:10F9800089F8711224BF4FF48071A9F8711245F201
:10F99000000CC4F2020CDCF80420D20603D40022CE
:10F9A00089F890220EE0D9F88C2241F28933013295
:10F9B0009A42C9F88C2205D3012289F890220022AC
:10F9C000C9F88C22AEF101024BF61C78012AC4F270
:10F9D000030833D899ED611A1FED6D0A99ED732A6A
:10F9E000B2EE043AB4EE401A31EE034AF1EE10FAE8
:10F9F000B0EE401AB4EE402AB8BFB0EE441AF1EEB1
:10FA000010FAB0EE404A89ED611A32EE035AB8BFDF
:10FA1000B0EE454ABEF1010F89ED734A49D100228B
:10FA20000023C4F2C822C4F248231FED802A1FED30
:10FA3000805AC9F8FC21C9F8003242E000250026AE
:10FA40000C204FF098414FF04C430022C4F2C825DF
:10FA5000C4F2A00689F87401C9F86021C9E95E21E1
:10FA6000C9E96032C9E96222C9E96D5689F8BC0169
:10FA700044F26800C2F20000C9F8A821C9E9702167
:10FA8000C0E90D22C0E90F22322042F22401C9E967
:10FA90007232C9E9742289F88420C9F84022C9E980
:10FAA000951089F86822BEF1030F40F2628300F0DE
:10FAB00062BCD9E9E12302EE102A05EE103AC9E949
:10FAC0007F2399ED7D6A99ED7E7AD9ED820A37EE32
:10FAD000466A25EE065A89ED7C6A22EE062A30EE49
:10FAE000855AB1EE046A4FF07C52B4EE465AC9F81A
:10FAF00014224FF03F42F1EE10FAC9F81C2289EDB2
:10FB00008B2A89ED825A06DCB9EE046AB4EE465AB5
:10FB1000F1EE10FA03DAB0EE465A89ED826A1FED73
:10FB2000BB6A35EE022A22EE062AB6EE005AB4EE81
:10FB3000452AF1EE10FA89ED862A06DCBEEE005A5F
:10FB4000B4EE452AF1EE10FA03DAB0EE452A89ED5B
:10FB5000865A99ED2B6A89ED422A32EE062A32EE58
:10FB6000482AB0EEC25ABEF1010F89ED582A89ED3C
:10FB7000305A19D0BEF1020F28D11FEDD16AB4EE70
:10FB8000465AF1EE10FA35DDB0EE086AB4EE465A88
:10FB9000F1EE10FA2CDA1FEDD76A1FEDD77A25EEB9
:10FBA000065A35EE07AA25E0B0EE005AB4EE456AD3
:10FBB000F1EE10FA0FDA00220023C4F29632C4F2FA
:10FBC00020231FEDE05A1FEDE03A0CE099ED5B5A5F
:10FBD00099ED5C3A23E000220023C4F24832C4F2DB
:10FBE00020131FEDE65AC9F86C21C9F8703116E0F0
:10FBF000B7EE00AA1FEDEA5A1FEDEA6A2AEE055A8F
:10FC000035EE065A2AEE033AB1EE046A33EE063AAE
:10FC1000002289ED5B5A89ED5C3AC9F84822D9ED9A
:10FC2000650A23EE023A99ED5E6A99ED5F7A23EE5A
:10FC3000203AD9ED601A33EE063AB4EE473A25EE93
:10FC4000025AF1EE10FA4FF00003B4EE613A4FF0B1
:10FC5000000789ED675AC8BF0123F1EE10FAB8BF5B
:10FC60000127B4EE473AB8BFB0EE613AF1EE10FAB0
:10FC7000C8BFB0EE473A33EE056A3B43B4EE416A83
:10FC8000002283F00107F1EE10FA89F8987189EDEE
:10FC90005E3A02DD0127002615E099ED631A002780
:10FCA000B4EE416AF1EE10FA4FF00006B4EE416A8C
:10FCB000B8BF0127A8BF0126F1EE10FAB8BFB0EE19
:10FCC000416AB0EE461AB5EE405A89F89961F1EEF4
:10FCD00010FA4FF00006B5EE403AB8BF0126F1EE3B
:10FCE00010FA4FF00005B5EE405AB8BF0125F1EE0D
:10FCF00010FA4FF00001B5EE403AA8BF0121F1EE35
:10FD000010FAA8BF01229FEDE53A114346EA050229
:10FD1000B7EE005A1140B0EE436AB0EE457A89F86A
:10FD20009A1118BFB0EE456A002B18BFB0EE467AA4
:10FD3000002F18BFB0EE437A99ED3B6A89ED657AE2
:10FD400099ED6D7AD9ED6E0A76EE492A27EE226A90
:10FD500020EEA27AD9ED770A89ED621A27EE207A91
:10FD6000D9ED701AC9ED6A2A89ED796ABDEEC77AB4
:10FD7000B8EEC77A31EE877AFDEEC71AB8EEE17AAF
:10FD8000D9ED710AF4EE470AF1EE10FA06DBD9ED6F
:10FD9000720AF4EE470AF1EE10FA05DDBDEEE07AE4
:10FDA00017EE102A002302E011EE902A012307EE3D
:10FDB000102A89F8E031B8EEC77A89ED707A36EE0C
:10FDC000077AB4EE447AF1EE10FA4FF0000702DD44
:10FDD0000126002515E099ED754A0026B4EE447A17
:10FDE000F1EE10FA4FF00005B4EE447AB8BF0126E8
:10FDF000A8BF0125F1EE10FAB8BFB0EE447AB0EE1C
:10FE0000474AB5EE406AF1EE10FA4FF0000189F86A
:10FE1000E151BDEEC44AB8BF0121002A4FF00005F0
:10FE20004FF0000048BF0125F1EE10FAA8BF0120F5
:10FE3000B2F1FF3FC8BF01273843294300EA01025E
:10FE400089F8E22116B19FED955A05E023B992F0A9
:10FE5000010018BF9FED915A89ED775AB3EE015A10
:10FE6000B4EE459AB8EEC44AF1EE10FA89ED744A40
:10FE700008DAD9F88820C92A0AD3012089F8810331
:10FE8000002009E00020C9F8880089F8810305E016
:10FE9000002089F88103501CC9F88800B4EE441A88
:10FEA000F1EE10FA0ADD44F26800C2F2000000210F
:10FEB000C0E90D11C0E90F11012286E0B4EE441A29
:10FEC000F1EE10FA80F2858044F26800C2F2000080
:10FED00090ED095AD0ED100A90ED084A90ED0A6AAB
:10FEE00090ED0B7A20EE855AD0ED0D0AD0ED0E1A6A
:10FEF00024EE024A20EE866A21EE877AC16B80EDFD
:10FF00000F2AB0EE002A37EE066A35EE044AB4EE48
:10FF1000429A34EE464AF1EE10FA80ED0C4A016442
:10FF2000C0ED0E0A80ED0D4A13DDB9F874230B2ADB
:10FF300022D3D9F8502242F21170824220D399ED97
:10FF4000DB2A9FED575A002232EE052A89EDDB2A83
:10FF500017E0B6EE002AB4EE429AF1EE10FA26DA75
:10FF6000B9F87623652A1FD30020C9F86C03A9F8D5
:10FF70007403C9F850021AE0501CA9F8740305E094
:10FF800001320020C9F85022A9F8760399EDDB2A46
:10FF9000B7EE005AB4EE452AF1EE10FAC4BF4FF0A6
:10FFA0007E50C9F86C0302E0501CA9F8760399ED65
:10FFB000DB2A002224EE022A32EE014AB5EE404A44
:10FFC000F1EE10FAB8BFB0EE434A89ED904A89F8D5
:10FFD0008420B0EE001AB4EE419AF1EE10FA13DA72
:10FFE000B6EE001AB4EE419AF1EE10FA1BDAD9F827
:10FFF0006422C92A39BF501CC9F86402002089F85C
:020000040801F1
:100000005E0209F518720CE0D9F86022C92A03D300
:10001000012089F85E0202E0501CC9F8600209F56F
:1000200019720020106099ED901AB5EE401AF1EEA9
:1000300010FABEBF0020C9F84002B0EE431ABEF16C
:10004000010F1DD199F88400D0B9B4EE401AF1EE39
:1000500010FA1ADC9FED130AB4EE401AF1EE10FA12
:100060004DDDBCEEC10A4FF6104110EE100ABCEE99
:10007000C10ACFF6FF7189ED950A01EB50023CE011
:10008000B4EE401AF1EE10FA16DD43F29250C9F8C0
:100090005402052341F2D9624DE000BF0000000088
:1000A000CDCCCC3D0000164600900046295CA8440B
:1000B000DCFDA83E00C01B441FED050AB4EE401A4B
:1000C000F1EE10FA40F31081BCEEC10A10EE100AF6
:1000D00042F22401884288BF014643F29250814295
:1000E00028BF01464FF61040CFF6FF7000EB5102DB
:1000F000C9F85412642A98BF642204231BE01FED40
:10010000150A4FF41650B4EE401AF1EE10FAC9F881
:10011000540240F3FF801FED1A0A1FED1A2A21EE48
:10012000000A30EE020ABDEEC00A10EE102A642A60
:10013000D8BF64220323C9F85822052289F86832FF
:10014000A9F85C22BEF1000F19D0BEF1030F00F038
:10015000128158F8040C40F0300048F8040C0120DB
:1001600089F8A600501EA9F85C02BEF1030F00F248
:100170000281DFE81EF0040050007A000001D9F887
:10018000780242F21171884205D3012089F87C027D
:100190000020002205E099F87C12421CB1FA81F09F
:1001A00040090028C9F8782240F0348199F8720299
:1001B000002800F02F8199F89002002800F02A8191
:1001C000B9F84401002840F0258199F8750200280B
:1001D00000F0208144F2000089ED2B8AC4F2020075
:1001E000016841F000410160DCF8000040F400606B
:1001F000CCF80000DCF80400400540F10B81012040
:1002000089F80E0158F8041C41F0300148F8041C2C
:1002100089F8A600F5E099F872020121002889F812
:1002200090125DD099F87502002859D0B9F84401B0
:10023000002855D199ED2A1A99ED2B0AB4EE410AFE
:10024000F1EE10FA80F2CE80B0EE001A0FF23040DC
:10025000B4EE410AF1EE10FAB8BF043090ED001A86
:1002600031EE000A89ED2B0ACBE099F87202B8B39F
:1002700099F89002A0B3B9F8440188BB99F87502C7
:1002800070B3D9F8400301303328C9F8400312D3C2
:100290000021C4F28811C9F8EC1049F20401C4F23B
:1002A000030140F61B7233280A601EBF0020C9F804
:1002B0009C00C9F8400399ED7D0A9FEDF01A41F2C8
:1002C000921220EE010ABCEEC00A10EE101A88B29B
:1002D0009042A9F80C1140F2818041F2931092E013
:1002E000032089F80E0195E09FEDE20A42F2240016
:1002F00040F2363121EE000AC9F85402C9F858120A
:10030000BDEEC00A10EE102A0020A9F8442389F897
:10031000680210E09FEDD80A40F22C40C9F858025C
:10032000002021EE000A89F86802BDEEC00A10EE36
:10033000102AA9F8442399F84633062B06D30F2A2E
:1003400028BF0F22A9F85C22002002E0B9F85C2245
:10035000581C002A89F846037FF4F4AE00204FF0C1
:10036000FF31A9F85C02C8F80010A9F8A600BEF198
:10037000030F7FF6FEAE4FF0FF30C8F800000020FC
:10038000A9F8A600D8F8001041F0C001C8F8001084
:1003900044F20001C4F202010A6842F400420A6019
:1003A000DCF8001048F2A06241F00061CCF80010C7
:1003B000D9F85811C0F2010201319142C9F858111F
:1003C00003D9C9F85801FEF771FF99F8740208B310
:1003D0000020C9F85801FEF769FF1BE0022814D875
:1003E000022010E0D9F8800289ED2B1A01300B2889
:1003F000C9F8800205D3022089F80E010020C9F84F
:1004000080024FF40960A9F80C014AF25801C4F2C5
:100410000201086044F28C73D9E99521C2F200030D
:1004200001201870322044F2907700EB520644F21B
:10043000947044F2A074C2F20007C2F20000C2F24B
:1004400000044FF4907544F2887B3960066001EB3C
:10045000520644F2987144F29C7E256042F6AB1538
:1004600044F2A47C44F2A87AC2F2000B5308C2F210
:100470000001C2F2000EAA42C2F2000CC2F2000A4F
:10048000CBF800200E60CEF8002010D341F2B30567
:10049000CCF80050464603F590781D44A2F2224263
:1004A000CAF80080B046954288BF154609E0A3F21D
:1004B0002245CCF8005003F59073A2F22245CAF809
:1004C000003044F2AC73C2F200034BF600721D60C0
:1004D000C4F2030215684BF2140645F00D051560D1
:1004E00000BF00BF00BF00BF00BF00BFDBF800506F
:1004F000C4F2030635603F68F76000683061096840
:100500007161C6F8005344F28C75C2F200052D7873
:10051000002D18BF3225C6F80853C6F80C73C6F86C
:100520001003C6F81413DEF800004FF22051C6F88D
:1005300000042068CFF6FF71C6F80804DCF800005C
:100540005050DAF800004FF22451CFF6FF715050AE
:1005500018684FF22851CFF6FF71505000BF00BF0E
:1005600000BF00BF00BF00BF106820F00D0010608A
:1005700000BF00BF00BF00BF00BF00BF99F85E0210
:1005800068B199F8680200F0FE00042807D158F815
:10059000040C40F0C00048F8040C012006E0D8F834
:1005A000000040F0C000C8F800000020D9F8B020DA
:1005B00089F8A700B9F80C3144F2B071C2F2000119
:1005C00000EE103A0A60B8EE400AD9F808E1D9E91D
:1005D0007D37D9E97F65D9F81442D9E9E10242F2C1
:1005E000140CC4F2020C81ED010AC1E90273C1E9E5
:1005F00004E4C1E90665C1E90802DCF8000040072F
:1006000013D5DCF8000040F00400CCF8000043F201
:100610002000C4F200004CF8141C4CF8100C2C20E4
:100620004CF80C0C01204CF8040C99F8300300280D
:100630007EF4D7AE41F20400CEF2000000689FEDD8
:10064000121AC9F82003D9F82003D9F81C13401A4C
:1006500000EE100AB8EE400A89EDC90A99EDC90A00
:10066000012020EE010A89EDC90A89F83003FEF75E
:10067000B8BE00BF327D953CF268FE3BD4BC364329
:100680006F12033B0AD7A33B0BD7A33B2DE9F04FD7
:10069000BFB049F21000C4F2000050F8041C8905F4
:1006A00044BF01685FEA815102D43FB0BDE8F08FDA
:1006B0004FF40071016044F29430C2F2000090F8EF
:1006C000301341F2040C0029CEF2000C1EBF0022B0
:1006D000CCF80020C0F81C2390F88420B0F84C31EE
:1006E00002F0010740F6FF72934390F80E2190F854
:1006F00068623B4402F0030743EAC70306F00307BE
:1007000043EA470390F8A67090F8A76007F0070740
:10071000B0F8445106F0030643EA471343EA861350
:1007200005F01F0790ED2A1A43EAC713A0F84C31D1
:1007300090ED2C2A90ED320A90ED3F4ABDEEC13A81
:1007400013EE103A80F85031BDEEC23A13EE103A73
:1007500080F85131BDEEC43A13EE103A80F85231B0
:1007600044F20013C2F200039F7890F8756290ED96
:10077000423A05F00F0507F0E00746EA450633EE7A
:10078000000A3743B5EE400A9FED3E5A9F709FED39
:100790003E3AF1EE10FAB8BFB0EE430A20EE050A79
:1007A000BDEEC00A10EE107AB2EE040A3E0A24EE44
:1007B000004A1E71A3F80370BDEEC44A14EE107A0D
:1007C0003E0A9E715F7190F84870D0F86C62DF71DC
:1007D000731C41F28837BB4288BF002390F85073E6
:1007E000D0F85463C0F86C327B1C0136002F80F8BF
:1007F0005033C0F8546308BF022A2AD0082F4DD0C6
:10080000022F00F02A83012F40F0208390ED3E3A22
:1008100090ED3C1AB6EE0E4A23EE043A9FED1B4AC9
:1008200090ED310A33EE011A21EE043A80ED3E1AC2
:10083000B6EE0F1A20EE010A9FED151A30EE020AED
:1008400020EE011A80ED3F3A80ED310A80ED321A38
:100850005AE390EDCF0A9FED0F2A44F6881230EE4E
:10086000022A9FED0D0AC2F20002B4EE402AF1EE18
:1008700010FA82ED042A80ED462A80F2FD8280ED96
:10088000460A02E300007A44000000000000803DB8
:100890000000003D00002C420000024244F6E0024D
:1008A000C2F20002138801339FB2B7F57A7F13803A
:1008B000C0F02A8342F230030027C4F202031780FB
:1008C00053F81C2C520740F11F83042243F81C2CC0
:1008D00044F6E202C2F200021378552B40F0148372
:1008E0005378022B40F0108393783E2B40F00C831A
:1008F00092F84230AA2B40F007835179D3783C918B
:10090000917992F804E03D91D17BD6790A91117CDE
:10091000177A0B91517C557A1291917C92F80A804A
:100920000F91D17C92F80B900E91117D92F80CA052
:100930000D91517D92F80DB00C91917D947B1491A5
:10094000D17DCDE908E31391117E83EA0E03109166
:10095000517EDDF82CE03B91917ECDF808B03A91C4
:10096000D17E07943991117F06953891517F059674
:100970003791917FCDF810803691D17F03973591D3
:1009800092F82010CDF804A0349192F82110CDF8FF
:100990000090339192F82210329192F82310319105
:1009A00092F82410309192F825102F9192F8261089
:1009B0002E9192F827102D9192F828102C9192F8F0
:1009C00029102B9192F82A102A9192F82B10299134
:1009D00092F82C10289192F82D10279192F82E1051
:1009E000269192F82F10259192F83010249192F8C8
:1009F0003110239192F83210229192F83310219104
:100A000092F83410209192F835101F9192F8361018
:100A10001E9192F837101D9192F838101C9192F89F
:100A200039101B9192F83A101A9192F83B101991D3
:100A300092F83C10189192F83D10179192F83E10E0
:100A4000169192F83F10159192F840103E9192F84D
:100A500041103D9A11913C994B40534073407B406B
:100A60006B4083EA080383EA090383EA0A030A99CD
:100A700083EA0B0363408B464B4012990F9C83EA39
:100A80000E030E9D4B40DDE90C8663406B407340C6
:100A9000149F83EA0803BA467B40139F109A7B4059
:100AA000B946174653403B9A53403A9A5340399AB5
:100AB0005340389A5340379A5340369A5340359AA8
:100AC0005340349A5340339A5340329A5340319AA8
:100AD0005340309A53402F9A53402E9A53402D9AA8
:100AE00053402C9A53402B9A53402A9A5340299AA8
:100AF0005340289A5340279A5340269A5340259AA8
:100B00005340249A5340239A5340229A5340219AA7
:100B10005340209A53401F9A53401E9A53401D9AA7
:100B200053401C9A53401B9A53401A9A5340199AA7
:100B30005340189A5340179A5340169A5340159AA7
:100B400053403E9A5340119A83F03C039A4240F03E
:100B5000DB8144F24872C2F2000291733B99099B17
:100B600091753A991370D1753999089B1176389916
:100B70005370517637993C9B917636999370D17624
:100B800035993D9B11773499D37051773399059BF3
:100B9000917732991371D1773199039B82F82010A4
:100BA0003099537182F821102F99069B82F82210F8
:100BB0002E99937182F823102D99049B82F82410AA
:100BC0002C99D37182F825102B99009B82F826105E
:100BD0002A99137282F827102999019B82F828100C
:100BE0002899537282F829102799029B82F82A10BB
:100BF0002699937282F82B102599079B82F82C1066
:100C00002499D37282F82D102399D2F81E3082F8DD
:100C10002E102299577582F82F1021993E9F82F845
:100C20003010209901EE103A82F831101F9921EE10
:100C3000001A82F832101E9982F80CB082F8331034
:100C40001D9982F80DE082F834101C99D47382F853
:100C500035101B99157482F836101A99567482F85B
:100C60003710199982F8128082F83810189982F892
:100C700013A082F83910179982F8149082F83A106C
:100C8000169982F83D7082F83B10159982F83C1055
:100C9000BDEEC12AD2F8223012EE107A01EE103ADF
:100CA00021EE001ABDEEC13AD2F81A303E0A01EE2A
:100CB000103A21EE001ABDEEC11AD2F8163004EE39
:100CC000103A24EE004ABDEEC44AD2F8263005EEB2
:100CD000103A25EE005ABDEEC55AD2F82A3006EE7B
:100CE000103A26EE006ABDEEC66AD2F82E3007EE44
:100CF000103A27EE007ABDEEC77AD2F8323000EE15
:100D0000903A60EE800AFDEEE00AD2ED001AD2EDD4
:100D1000012AD2ED023A61EE801A63EE803A62EE69
:100D2000802AD2ED034AFDEEE11AFDEEE33AFDEE34
:100D3000E22AD2ED045A64EE804A65EE805AFDEE56
:100D4000E55AFDEEE44AD2ED0E6A938A26EE800A59
:100D5000BDEEC00A80F89C6213EE106AA0F89B7288
:100D6000370A80F89E7215EE107A80F89D623E0A6E
:100D700080F8AC6216EE106A80F8AB72370A80F821
:100D8000AE7214EE107A80F8AD623E0A80F8A66268
:100D900080F8B46211EE106A80F8A57280F8B37220
:100DA000370A80F8A47280F8B67217EE107A80F8CD
:100DB000A36280F8B5623E0A80F8BC6210EE906AC9
:100DC00080F8BB72370A80F8BE7211EE907A80F814
:100DD000BD623E0A80F8946212EE906A80F89372C7
:100DE000370A80F8967213EE907A80F895623E0A80
:100DF00080F8986215EE906A80F89772370A80F84A
:100E0000C47214EE907A80F8C3623E0A80F8C5720C
:100E10001F0A80F8C87292F8367080F8C73292F8CC
:100E2000373080F8CB7210EE107A928F80F8CC3287
:100E30003B0A80F8CE32130A80F8D03290F8503353
:100E400080F8C66280F8CD7280F8CF22DAB20A2A22
:100E500004BF002280F8502356E046F20002C4F29C
:100E6000020253689B0435D4136843F48043136033
:100E7000002280F8002347E09FED4B0AB4EE402AA1
:100E8000F1EE10FAC8BF80ED460A90ED134AB7EEB6
:100E9000002AB5EE404AB0EE440AF1EE10FAC8BF9F
:100EA000B0EE430A30EE022AB5EE402AF1EE10FA17
:100EB000B5EE404ABFEE003AB8BFB0EE430AF1EEDD
:100EC00010FA1BDCB5EE402AF1EE10FAB8BF80ED47
:100ED000130A15E0D0F8FC3241F289370133BB42E6
:100EE000C0F8FC3210D3136843F080431360012232
:100EF00080F800230022C0F8FC2205E080ED130AF0
:100F000031EE400A80ED2B0AD0F8542342F21073E0
:100F10009A4227D144F23073C2F2000341F2AA1779
:100F20001F800027C4F2C33742F23002C3F80270B8
:100F300045F24C57C4F20202DF801768FF070ED15A
:100F40000427576042F8103C52F8083C082767F322
:100F50000B0342F8083C136843F0010313600022BE
:100F6000C0F8542390F83023002A3FF49EABDCF8FD
:100F700000109FED0E1AC0F82013D0F82013D0F8FF
:100F80001C23891A00EE101AB8EE400A80EDCA0A36
:100F900090EDCA0A002120EE010A80EDCA0A80F80D
:100FA00030133FB0BDE8F08F000040420BD7A33BA9
:100FB0004BF2F14CC0F6000C604748F2816CC0F671
:100FC000000C604749F6453CC0F6000C604749F606
:100FD000295CC0F6000C604749F6F56CC0F6000CC1
:100FE000604748F2816CC0F6000C604749F2114C32
:100FF000C0F6000C604748F2737CC0F6000C6047F6
:1010000048F2E56CC0F6000C6047000000000000EC
:1010100000127A0000000000000000000000000044
:1010200000000000000000000000000000000000C0
:1010300000000000000000000000000000000000B0
:1010400000000000000000000000000000000000A0
:101050000000000000000000000000000000000090
:101060000000000000000000000000000000000080
:101070000000000000000000000000000000000070
:101080000000000000000000000000000000000060
:0C10900000000000000000000000000054
:04000005080081A1CD
:00000001FF
