:020000040800F2
:10800000000001203DB3000835B30008058C0008CE
:1080100031B3000899870008D9B5000800000000B6
:1080200000000000000000000000000045B3000850
:10803000FD8B00080000000039B3000849B30008B8
:10804000018C0008018C0008018C000895B3000821
:10805000018C0008018C0008018C0008018C0008CC
:10806000018C0008018C0008018C00089D87000825
:10807000018C0008018C0008018C0008018C0008AC
:10808000018C0008018C0008018C0008018C00089C
:10809000018C0008018C0008018C0008018C00088C
:1080A000018C0008010F0010CD210010018C000888
:1080B000018C0008018C0008018C0008018C00086C
:1080C000018C0008018C0008018C0008018C00085C
:1080D000018C0008018C0008018C0008018C00084C
:1080E000018C0008018C0008018C0008018C00083C
:1080F000018C0008018C0008018C0008018C00082C
:10810000018C0008018C0008018C0008018C00081B
:10811000018C0008018C0008018C0008018C00080B
:10812000018C0008018C0008018C0008018C0008FB
:10813000018C0008018C0008018C0008010000106F
:10814000018C0008018C0008018C0008018C0008DB
:10815000018C0008018C0008018C0008018C0008CB
:10816000018C0008018C0008018C0008018C0008BB
:10817000018C0008018C0008018C0008018C0008AB
:10818000018C0008018C0008018C0008018C00089B
:10819000018C0008018C0008018C0008018C00088B
:1081A000DFF80CD000F0CCF900480047A1B9000876
:1081B0000000012030B504460020034600E05B1CAF
:1081C000934203D2E05CCD5C401BF8D030BD2DE97A
:1081D000F05F0546002092469B468846064681464B
:1081E00040241BE0284641464746224600F0C9F994
:1081F00053465A46C01A914110D31146184622469A
:1082000000F0B0F92D1A67EB01084F462246012015
:10821000002100F0A7F917EB00094E41201EA4F140
:108220000104DFDC484631462A464346BDE8F09F5C
:108230002DE9FE4F804681EA0300C00F0C460090F6
:1082400021F0004123F00045B8EB0200A94105D21E
:108250004046214690461C460B46024623F000400D
:10826000104347D0270DC7F30A00C3F30A51029009
:10827000401A019040286BDAC3F3130040F4801BCE
:108280000098924620B10023D2EB030A63EB0B0B5C
:1082900001985946C0F14002504600F063F9064685
:1082A0000D4650465946019A00F07BF910EB080044
:1082B0006141002487EA115284EAE7731A4340D0EF
:1082C000009A62B3019A012A4FEA075215DC001B9B
:1082D00061EB02014FF0004202EA0752CDE9004291
:1082E000001C41F5801132462B4600F07BF903B0AB
:1082F000BDE8F08F40462146F9E7001B61EB020123
:10830000001C41F5801300185B412018A2F50017EE
:1083100047EB030140EAD570B6196D4111E06D08D5
:108320004FEA360645EAC0754FEA0752001B61EB7B
:108330000201001C41F5801149084FEA3000001984
:10834000514132462B4603B0BDE8F04F00F03BB937
:108350000098012240000023D0EB020263EBE0739F
:10836000009821464FEAE074B8EB000061EB04018D
:10837000E9E783F000435BE781F0004158E72DE92E
:10838000FE4F81EA030404F0004421F00041009410
:108390004FF0000B23F0004350EA01045ED052EA94
:1083A00003045BD0C3F30A54C1F30A552C44A4F26E
:1083B000F3340194A0FB0254C1F3130141F4801182
:1083C000C3F3130343F4801301FB024400FB034E89
:1083D000840A970A44EA815447EA8357A4FB076852
:1083E00002958D0A05FB07854FEA932C04FB0C547C
:1083F0002705029D4FEA065847EA1637B5EB0805F0
:108400006EEB070C870E920E47EA811742EA831241
:10841000A7FB0201B6EB0B0164EB00042B0D43EA52
:108420000C335E1844EB1C50DA465146E7FB020160
:10843000C5F313044FEA0B3343EA14534FEA0432F3
:10844000019C43EA0603A4F10C040294009CCDE9CC
:1084500000B400F0C7F803B0BDE8F08F002001467B
:10846000F9E72DE9F04D81EA030404F0004B21F017
:10847000004514464FF0000A23F0004150EA05027F
:1084800020D054EA01021DD0C5F30A570246C5F3B5
:108490001303C1F31300C1F30A5640F4801543F4EB
:1084A0008013A7EB0608101BD64608F2FD3873EBC5
:1084B000050002D308F1010801E092185B41B8F110
:1084C000000F03DA00200146BDE8F08D00204FF4D4
:1084D0008011064684460EE0171B73EB050705D393
:1084E000121B63EB050306434CEA010C49084FEAF3
:1084F000300092185B4150EA0107EDD152EA0300C7
:1085000012D082EA040083EA0501084305D0101B5B
:10851000AB4106D20122002306E000224FF00043C7
:1085200002E06FF0010253101AEB06004CEB085109
:1085300010EB0A0041EB0B01BDE8F04D00F043B831
:10854000064C074D06E0E06840F0010394E80700A0
:1085500098471034AC42F6D3FFF726FE44EC0008EF
:1085600084EC0008202A04DB203A00FA02F1002003
:1085700070479140C2F1200320FA03F31943904061
:108580007047202A04DB203A21FA02F000217047CC
:1085900021FA02F3D040C2F120029140084319466B
:1085A0007047202A06DBCB17203A41FA02F043EA53
:1085B000E07306E041FA02F3D040C2F1200291409C
:1085C00008431946704710B5141E73F1000408DA09
:1085D000401C41F1000192185B411A4301D120F087
:1085E000010010BD2DE9F04D92469B4611B1B1FA44
:1085F00081F202E0B0FA80F220329046FFF7B2FF3B
:1086000004460F4640EA0A0041EA0B0153465A4627
:10861000084313D0114653EA010019D0C8F14002B3
:108620005046FFF7AEFF05460E46504659464246B5
:10863000FFF798FF084305D0012004E020463946A3
:10864000BDE8F08D0020054346EAE0762C43374331
:108650000A986305E40AA0EB08000022FD0A44EA38
:1086600047540A3002D500200146E9E701051019F8
:108670006941DDE9084500196941BDE8F04DA2E70F
:1086800010B5431A934209D28318881803E010F8F2
:10869000011D03F8011D521EF9D210BD40EA01036D
:1086A0009B0703D009E008C9121F08C0042AFAD2A8
:1086B00003E011F8013B00F8013B521EF9D210BD56
:1086C000D2B201E000F8012B491EFBD27047002214
:1086D000F6E710B513460A4604461946FFF7F0FFC1
:1086E000204610BD30B5041E71F1000404DB4FF0CC
:1086F0000044404264EB0101141E73F1000405DBE9
:108700001C464FF00043524263EB0403801A994128
:1087100001D2012030BD002030BD0EB540F2334102
:1087200002910021CDE900110A460B46FFF75AFFDE
:1087300003B000BD70B5C1F30A5201F0004500243A
:10874000C1F3130140F2FF3341F480119A4201DA80
:10875000002070BD40F233439A42A2F2334203DC60
:108760005242FFF70EFF00E090402C43F1D0404210
:1087700070BD00F0004230F000400AD0C10D01F59C
:108780006071C0F3160042EA0151C208400711436C
:108790007047002001467047FEE700002DE9F04FCA
:1087A00081B045F20C07C4F2010757F804ACD7F8C2
:1087B000009009EA0A06300640F1D7808020386030
:1087C00044F21010C2F20000016F19B1016FA7F15D
:1087D0000C00884744F67C1BC2F2000BDBF8080053
:1087E000002840F0C280DBF808000BEBC0004069B5
:1087F000DBF8081020F060450BEB8110447F4AF64F
:108800005520854211D045F2E500C1F6FF008542B2
:108810000BD044F28838C2F20008404602F0F8FF5C
:10882000B0B1D8F80C00A84212D1DBF808000BEB6D
:108830008010007F022802D1412C09D129E0DBF809
:108840000800412C04D10BEB8010007F012820D0C0
:10885000B5F5302F27D04AF65520854204D0202D7B
:1088600025D1204620212CE0DBF808000BEB8010FE
:10887000007F022806D0DBF808000BEB8010007F99
:10888000012820D1DBF808000BEB8010407F412845
:1088900019D1DBF808000BEB8010007F012840F0B5
:1088A0003A8102F07DFF20464FF4302109E044F286
:1088B000E830C2F20000D0F86003854203D12046C0
:1088C000294605F043FCDBF808000130CBF808002E
:1088D000DBF8080000281CBF0020CBF80800DBF8FC
:1088E000004044F20000C4F20100DBF80820DBF88D
:1088F0000810844244F21010C2F2000007D045F282
:108900000003C4F201039C4240F0FD805430037E1A
:10891000012B13D104230BEBC2020BEB8111037665
:1089200048F61D3314321C31C0F60003C3610161E7
:108930004261A06840F08000A06016E04EF685100D
:10894000C0F6000005F008FC4EF6C400C0F60000BA
:10895000214605F001FC4EF63F404EF64141C0F67F
:108960000000C0F6000105F0F7FB700644BF402090
:108970003860B00644BF20203860F00644BF1020A5
:10898000386030070BD50820386044F21010C2F26E
:108990000000816D19B1816DA7F10C008847700747
:1089A0000BD50420386044F21010C2F20000016EB2
:1089B00019B1016EA7F10C008847B00744BF02202F
:1089C000386041F24000C4F20200016801F47F0106
:1089D000B1F5003F17D95FEA8A3119D519F00101C5
:1089E00016D00121396044F21011C2F200010522B3
:1089F00081F8542081F85C2081F86C2081F87C207B
:108A000081F88C2004E05FEAC9711CBF0121396044
:108A1000710544BF4FF480613960B10544BF4FF424
:108A200000713960F10544BF4FF48071396000680E
:108A300000F47F00B0F5403F62D3300544BF4FF4EF
:108A400000603860F0040ED54FF48050386044F276
:108A50001010C2F20000D0F8901021B1D0F89010A0
:108A6000A7F10C008847B0040ED54FF400503860D1
:108A700044F21010C2F20000D0F8801021B1D0F8FA
:108A80008010A7F10C008847700344BF4FF480208A
:108A90003860300344BF4FF400203860F00244BF18
:108AA0004FF480103860B00244BF4FF400103860BB
:108AB000700244BF4FF480003860300244BF4FF46E
:108AC00000003860F00144BF4FF080703860B001A2
:108AD00044BF4FF000703860700144BF4FF08060B9
:108AE0003860300144BF4FF000603860F00044BF90
:108AF0004FF080503860B00044BF4FF000503860F5
:108B000001B0BDE8F08F4EF65230C0F6000040F2E2
:108B1000F65102F079FD02F065FD0000B0B584B0B9
:108B2000044644F20000C4F2010044F210158442ED
:108B3000C2F2000506D045F20000C4F201008442F2
:108B400053D15435A06820F08000A0606869E0B37C
:108B5000206C69690860606C696948602869A0B325
:108B600045F2000328696A6944F48051C4F20103A4
:108B7000994204F1480125D140F20013C0F20233BA
:108B8000009340F20453C0F20673019340F6084389
:108B9000C1F210435268029342F21803C4F2300348
:108BA00002F00F0203936B4613F802E0D4F800C002
:108BB0007246BEF1080F28BF08225FEA4C3348BF57
:108BC000724600E00022FFF75BFD206840F4801051
:108BD00020600020E86101202876A86C18B104B05C
:108BE000BDE8B040004704B0B0BD4EF65230C0F60C
:108BF00000004FF4186102F007FD0000704700000C
:108C0000FEE70000FEE70000B0B5A0F18042A2F54B
:108C100060324FEAB222042A78D200297ED00C7842
:108C2000142C80F0838091F801C0BCF1040F80F017
:108C30008580032A88BFB0BD132C98BFBCF1030FF9
:108C400000D9B0BD026852075CBF02685FEA0272D9
:108C500014D54EF66A10C0F6000005F07DFA3BA070
:108C600005F0CCFC4EF63F404EF64141C0F6000008
:108C7000C0F60001BDE8B04005F06EBA4AF6AB227E
:108C80004FEAD40ECAF6AA22AEFB02235A0802EB20
:108C90004202C2EBD40200EB82021C23D2F830E085
:108CA00003EA840303249C400CFA03F52EEA040E25
:108CB0002C404EEA04051563D2F830E08D7803337A
:108CC00001249C4005FA03F32EEA040E234043EAF4
:108CD0000E0313630C238A8803EA8C031844C0F83C
:108CE000A02041F24002C4F202021268C98802F4D4
:108CF0007F02B2F5003F04D96FF3DF31C0F8C01036
:108D0000B0BD6FF39F31C0F8C010B0BD4EF69C20CF
:108D1000C0F6000040F2B72102F076FC4EF69C202F
:108D2000C0F600004FF42E7102F06EFC4EF69C204F
:108D3000C0F6000040F2B92102F066FC4EF69C201D
:108D4000C0F6000040F2BA2102F05EFC414443202C
:108D500043616C6962726174696F6E2063616E2732
:108D60007420436F6E666967207768696C65206957
:108D70007427732052756E6E696E672100000000C3
:108D800070B5A0F18042A2F560324FEAB222042A07
:108D90007ED2002900F084800B78142B80F088802C
:108DA000032A88BF70BD026852075CBF02685FEA91
:108DB000027214D54EF66A10C0F6000005F0CCF928
:108DC0003FA005F01BFC4EF63F404EF64141C0F679
:108DD0000000C0F60001BDE8704005F0BDB94CF6DA
:108DE000CD42CCF6CC42A3FB022C4FEA1C1202EB84
:108DF0008202D1F808E000F5C874A3EB820C04EB02
:108E00000C1541F24002C5F804E0C4F20202D2F8A7
:108E100000E08A890EF47F0E16466FF35F364FEA44
:108E20000C13BEF5003F88BF1646AE60E2584E7880
:108E300022F0040206F03F0642EA86028D7891F89D
:108E400003E0E250E25805F01F0522F0080242EA72
:108E5000C502E250012202FA0CFCD0F88421BEF1D6
:108E6000000F0CBF22EA0C0242EA0C02C0F8842177
:108E700009790029D0F88C110CBF21EA0C0141EAD4
:108E80000C01C0F88C11E05840F00100E05070BDBA
:108E90004EF69C20C0F6000040F2922102F0B4FB96
:108EA0004EF69C20C0F6000040F2932102F0ACFB8D
:108EB0004EF69C20C0F600004FF4257102F0A4FB92
:108EC00041444320444D412063616E277420436F29
:108ED0006E666967207768696C65206974277320FE
:108EE00052756E6E696E6721000000002DE9F04733
:108EF00084B00446A0F18040A0F560304FEAB02075
:108F0000042880F03E810D46002900F0428120684F
:108F100040075CBF20685FEA007015D54EF66A1006
:108F2000C0F6000005F018F99EA005F067FB4EF6AC
:108F30003F404EF64141C0F60000C0F6000104B0CB
:108F4000BDE8F04705F008B9E8684EF2206AC0F6BF
:108F5000000A002818BF824600200390019048F6BE
:108F6000000044F20008C4F20300C4F20208844284
:108F70004FF00F0002901ED048F20040C4F20300F0
:108F8000844226D048F20000C4F2030084424ED14D
:108F900001AF4FF0010940463946CDF8049001F089
:108FA00097FA0420019008F58050394601F090FAB4
:108FB0000826019621E0012008F58057019001A9BB
:108FC000384601F085FA02204FF00409202601906E
:108FD00014E001AF4FF0020940463946CDF8049045
:108FE00001F076FA46F200001026C4F2020039467B
:108FF000019601F06DFA80200190474601A938469C
:1090000001F066FA4C2048F2E471C4F20200C3F6A3
:10901000AC714163016931430161016841EA0901B1
:109020000160016A41F00801016201214163A06809
:1090300040F00800A060A06840F00200A060A068B6
:1090400040F00100A060D4F80003298861F31120EA
:10905000C4F80003D4F80003A978EA7861F30300A8
:10906000C4F80003606862F3CF306060A0689AF8CB
:10907000001061F30510A0604DF24000CFF6FF70C4
:1090800058F8000000F47F00B0F5003F10D944F21A
:109090006430C2F200000068C00709D09AF80110DD
:1090A000606800290CBF20F4804040F4804060607C
:1090B000206840075CBF20685FEA007007D54EF665
:1090C0006A10C0F6000005F047F83FA02DE7616880
:1090D0006A79287962F30B21AB79EF796160616875
:1090E00007F0010263F306116160616821F08001FD
:1090F00041EAC2116160297A6268002942F00103E5
:1091000008BF22F001036360697A6268002942F0B7
:10911000020308BF22F0020363606168002841F483
:10912000805208BF21F480526260206840F0010044
:10913000206044F63820C2F2000001682269D2059E
:1091400019D40268521A642A18D82269D20512D496
:109150000268521A642A11D82269D2050BD4026817
:10916000521A642A0AD82269D20504D40268521A13
:10917000642AE3D902E04FF48070206104B0BDE8B6
:10918000F0874EF69C20C0F6000040F2291102F054
:109190003BFA4EF69C20C0F600004FF4957102F0A9
:1091A00033FA00BF4144432063616E277420496E47
:1091B0006974207768696C6520697427732052751B
:1091C0006E6E696E67210000414443204F766572E0
:1091D00073616D706C652063616E277420436F6EE0
:1091E000666967207768696C652069742773205207
:1091F000756E6E696E6721002DE9F041A0F1804225
:10920000A2F560324FEAB224042C80F08E8000294F
:1092100000F093804A78142A80F097800B78102B06
:1092200080F09B80032C88BFBDE8F081132A98BF93
:109230000F2B01D9BDE8F0810468640758D44CF6BF
:10924000CD4ECCF6CC4EA3FB0E4C4AF6AB254FEAE6
:109250009C06D408CAF6AA2506EB8606A4FB055888
:10926000A2FB0E5E9B1BCCF3810503EB430300EBDB
:1092700085055B002F6CDBB21F269E4002FA03F3CC
:10928000B74333403B432B648369CF784FF0010CE5
:1092900007F001070CFA02F69740B34337403B430F
:1092A0008D78097983614FEA580303EB4303C3EBDD
:1092B000D20300EB83031C261F6A06EA82060724FA
:1092C00001F00701B440B140A7432140394319627E
:1092D0004FEA1E1101EB8101A2EB81010CFA01F1B1
:1092E000DDB1D0F804211143C0F80411BDE8F081CC
:1092F0004EF66A10C0F6000004F02EFF1BA005F029
:109300007DF94EF63F404EF64141C0F60000C0F6F2
:109310000001BDE8F04104F01FBFD0F8042122EAAB
:109320000101C0F80411BDE8F0814EF69C20C0F6A2
:10933000000040F2EF1102F067F94EF69C20C0F6F3
:1093400000004FF4F87102F05FF94EF69C20C0F671
:10935000000040F2F11102F057F94EF69C20C0F6E1
:1093600000004FF4F97102F04FF900BF414443206F
:10937000526567756C6172204368616E6E656C2022
:1093800063616E277420436F6E6669672077686932
:109390006C6520697427732052756E6E696E672143
:1093A0000000000010B5A0F18042A2F560324FEA43
:1093B000B222042A43D2002949D00268520729D494
:1093C00042684B7891F800C063F3D75291F802E0FD
:1093D000CC7842604268BCF1000F6EF353424260A9
:1093E000426842F4803308BF22F480334360026D48
:1093F00064F30B220265026D0B7922F0C00203F0C8
:10940000030342EA83120265026D497961F30402A3
:10941000026510BD4EF66A10C0F6000004F09CFE16
:109420000FA005F0EBF84EF63F404EF64141C0F676
:109430000000C0F60001BDE8104004F08DBE4EF6FD
:109440009C20C0F6000040F2CD1102F0DDF84EF68F
:109450009C20C0F600004FF4E77102F0D5F800BF81
:1094600041444320526567756C617220436F6D6D96
:109470006F6E2063616E277420436F6E666967208C
:109480007768696C6520697427732052756E6E6900
:109490006E6721002DE9F04184B0002800F0B4800F
:1094A00044F2101EC2F2000E9EF8542045F200084D
:1094B000012AC4F2010847D1D8F80020920500F132
:1094C000A080032200238EF85420CEF85830D8F81C
:1094D0000020002922F48052C8F800200268C8F851
:1094E00088204268C8F88C2000F0828040F2001288
:1094F000C0F20232009240F20452C0F206720192AF
:1095000040F60842C1F210424068029242F218024C
:10951000C4F2300200F00F0003926A46165CD8F8DD
:1095200000203046082E28BF0820520348BF30468E
:109530000330B3EB900F5BD08008421E032A00F08B
:10954000030C18D2002333E04EF68510C0F600005D
:1095500004F002FE30A0414604F0FEFD4EF63F400E
:109560004EF64141C0F60000C0F6000104B0BDE86F
:10957000F04104F0F1BDA0EB0C000023302208F113
:10958000900500BF0E6802EA8307EE514E683C1D4D
:109590002E518C6807F10806AC5101F11006C9681C
:1095A00007F10C040433295198423146EAD131467F
:1095B000BCF1000F1CD0086803F00F0208EB820218
:1095C000BCF1010FC2F8900012D0581C4A6800F09C
:1095D0000F0008EB8000BCF1020FC0F8902007D00C
:1095E000981C896800F00F0008EB8000C0F890100C
:1095F000D8F8000040F40070C8F8000001208EF890
:10960000540004B0BDE8F0814EF65230C0F60000C0
:1096100040F2D73101F0F8FF546869732043414E9E
:109620005B3078253038785D2050544220547820C3
:1096300069736E277420696E205245414459207326
:10964000746174652C2063616E2774207374617279
:1096500074205478210A000010B5A0F18042A2F5D0
:1096600068324FEA3222092A7ED2002900F0838034
:109670005C2248F2E473C4F20202C3F6AC73536294
:10968000136843F480731360136943F0200313617C
:1096900001235362036841F2400223F00103C4F244
:1096A00002020360136803F47F03B3F5003F14D98B
:1096B00044F26433C2F200031B685B0712D54B7A95
:1096C0001268002B02F47F0246D0B2F5003F09D9A0
:1096D000026842F40062026004E002688B7963F37E
:1096E000CB2202600268CB7922F0C00203F00303B0
:1096F00042EA8312026002680B7A63F3C3020260DB
:1097000002680B7991F800E063F3051291F801C04B
:10971000CC78026002684B79BEF1000F63F30A2235
:1097200002604460826842F0010308BF22F0010336
:1097300083608268BCF1000F42F0020308BF22F090
:109740000203836089780268002942F4805308BFCD
:1097500022F48053036010BDB2F5003FC2D9026805
:1097600022F400620260BDE74EF6C930C0F6000088
:10977000432101F049FF4EF6C930C0F600004421F4
:1097800001F042FF2DE9F041002900F0DC8141F2B7
:109790000C08C4F20208D8F83420C2F30742022AA7
:1097A00019D8B1F906201D2A03DCB1F908201E2AB8
:1097B00011DBE8A004F0D0FCE9A004F01FFF4EF696
:1097C0003F404EF64141C0F60000C0F60001BDE842
:1097D000F04104F0C1BC4D6A42F20C02DCA4C4F2B8
:1097E00002024301002DD65818BF2C46257826F0DA
:1097F000406605F0030546EA8566677894F802C07E
:10980000E478D650D65807F0030726F0405646EACB
:109810000777D750D7580CF0010627F0804747EA62
:109820008677D750D75827F0004747EAC477D750F4
:10983000D7580E784D7866F30517D750D75865F38B
:10984000C307D750D7588E7866F38617D750D758A6
:10985000CE7827F0800706F0010647EAC617D750F2
:10986000D7580E7966F30D37D750D7584E7966F32F
:109870008F37D750D8F8343003F47F03B3F5003F67
:1098800042EA40130DD944F26432C2F20002126877
:1098900040F2000C9206CFF6F87C1CD44FF0000E7C
:1098A00037E0CD884FF6FF72954207D01F6805F06C
:1098B0001F0627F4F81747EA06471F600D899542EF
:1098C00000F0B3801A6805F01F0722F0787242EAB0
:1098D00047521A60A9E091F8282091F829E0C2B116
:1098E00091F82A20FF2A45D048F2E474C8F838409D
:1098F00002F01F04012505FA04F4D8F8005004EA28
:109900000C042C43C8F800401C6862F314441C602B
:109910002CE0CA88162A0CD848F2E474C8F83840FB
:1099200001249440D8F8005004EA0C0425EA040409
:1099300014E01D2A00F29280012505FA02F414F0C9
:109940002A5F00F08B8048F2E474C8F8384005FACA
:1099500002F4D8F8005004EA0C042C43C8F8004084
:109960001C6824F4F81444EA02421A604FF480326E
:10997000C8F83820BEF1000F1CD091F82B20FF2A28
:1099800053D048F2E477C8F8387002F01F07012678
:1099900006FA07F7D8F8006007EA0C073743C8F85B
:1099A00000701F6862F359574FF480321F60C8F887
:1099B00038203AE00A89162A18D848F2E477C8F81D
:1099C000387001279740D8F8006007EA0C0726EAAC
:1099D0000707C8F800701F6827F0787747EA4252F7
:1099E0001A604FF48032C8F838201EE01D2A41D892
:1099F000012505FA02F717F02A5F3BD048F2E47719
:109A0000C8F8387005FA02F7D8F8006007EA0C07C2
:109A10003743C8F800701F6827F0787747EA42524A
:109A20001A604FF48032C8F8382044F2B822C0EBF4
:109A3000C000C2F2000201F10C0702EB80008CCFE3
:109A40008E6900F1080C46618CE88C00D1E90712A0
:109A5000C0E9061201210171BDE8F08141F217044D
:109A6000141B082C26D848F2E474C8F8384002F0D9
:109A70001F0255E741F21707D71B082F28D848F2D5
:109A8000E477C8F8387002F01F0201279740D8F831
:109A9000006007EA0C0726EA0707C8F800701F688D
:109AA00027F0787747EA42521A604FF48032C8F8BC
:109AB0003820BAE744F21304141B0A2C27D848F2C2
:109AC000E474C8F8384002F01F020124944040E7D3
:109AD00044F21307D71B0A2F27D848F2E477C8F8B7
:109AE000387002F01F0201279740D8F8006007EA9B
:109AF0000C073743C8F800701F6827F0787747EAEB
:109B000042521A604FF48032C8F838208DE74FF681
:109B1000FF74A2423FF42EAF1C6802F01F0224F42F
:109B2000F81444EA02421A6024E74FF6FF77BA427B
:109B30003FF47BAF1F6802F01F0227F0787747EAF7
:109B400042521A6071E711A0832101F05DFD00BF50
:109B5000000000015B4540444D41204C4C5D20001D
:109B600054686520686172647761726520766572F9
:109B700073696F6E206E6F20737570706F727420D2
:109B80007468697320656E756D2100002E2E2F2E6E
:109B90002E2F2E2E2F447269766572732F544145F5
:109BA000333247353878785F4472697665722F535F
:109BB00072632F746165333267353878785F6C6C07
:109BC0005F646D612E63000070B541F25C05C4F204
:109BD00002052A684FF6FF73110C8902B3EB124F8E
:109BE00008BF4FF48021B1F5003F044610D0B1F515
:109BF000802F40F0D08043F20000C4F20200006CDD
:109C000000F070612020B1F1206F08BF402000E01B
:109C10002020A04240F2BF8000F080FAB8B14EF69A
:109C20007610C0F6000004F097FA4EF6D210C0F697
:109C3000000004F0E3FC4EF63F404EF64141C0F612
:109C40000000C0F6000104F087FA012070BD296809
:109C50004FF6FF72080C8002B2EB114F08BF4FF4B1
:109C60008020B0F5003F10D0B0F5802F40F09B80F1
:109C700043F20000C4F20200006C00F0706120208A
:109C8000B1F1206F08BF402000E02020A04240F248
:109C90008A8000F043FAC8B14EF67610C0F6000094
:109CA00004F05AFA4EF6D210C0F6000004F0A6FCFA
:109CB0004EF63F404EF64141C0F60000C0F60001AE
:109CC00004F04AFA002686F0010070BD55F81C0C1D
:109CD00043F2000500F47F00B0F5003FC4F2020536
:109CE0000ED8286C00F07060B0F1206F08D1286C9D
:109CF00000F0704000F1C040B0FA80F0400900E090
:109D00000020296A21F4401129622968B1F1FF3F3E
:109D10000CDC696A43F6AC7262F30F016962696A2E
:109D200048F2E47262F30F0169622968296A002827
:109D300004F03F006FF312010EBF0843084380F0A8
:109D4000200028622868012640F0020028600120D7
:109D500000F056FAA0B14EF67610C0F6000004F0FE
:109D6000FBF915A0214604F0F7F94EF63F404EF6F8
:109D70004141C0F60000C0F6000104F0EDF90026F4
:109D80002868002804D4286840F00040286028682B
:109D900086F0010070BD4EF6D720C0F600004FF4EB
:109DA0007C7101F031FC4EF6D720C0F6000040F285
:109DB000B33101F029FC00BF536563746F72204515
:109DC00072617365206572726F72206174205365D1
:109DD00063746F72206E756D626572202575212126
:109DE000210A00002DE9F04F81B041F24005C4F294
:109DF0000205EB6916461A0C4FF6FF779202B7EB95
:109E0000134F08BF4FF48022430740F0E3800C4615
:109E1000710740F0E780002C00F0EC8020F07F4AD2
:109E2000924580F0EF800AEB0601914200F2F28049
:109E30003043400702D04FF00008C7E000F06EF951
:109E4000C0B14EF67610C0F6000004F085F94EF66B
:109E5000D210C0F6000004F0D1FB4EF63F404EF6A3
:109E60004141C0F60000C0F6000104F075F94FF062
:109E70000008ABE0286843F2000900F47F00B0F569
:109E8000003FC4F2020910D8D9F8400000F0706019
:109E9000B0F1206F09D1D9F8400000F0704000F116
:109EA000C040B0FA80F0400900E00020D9F800106E
:109EB000B1F1FF3F11DCD9F8241043F6AC7262F324
:109EC0000F01C9F82410D9F8241048F2E47262F3A3
:109ED0000F01C9F82410D9F800104FF00008B8EBB2
:109EE000D60F67D04FF6FF7BF508C0F2070B26F0C0
:109EF00007084FF0000728B3E059E119C9F810002E
:109F000048680021C9F81400D9F820000AEB0706B8
:109F1000CFF6F871084006EA0B01084380F40030E0
:109F2000C9F82000D9F8000040F00100C9F800008D
:109F3000002000F065F940BB013D07F10807DBD1C7
:109F400038E000BFE059E119C9F810004868002165
:109F5000C9F81400D9F820000AEB0706CFF6F8710B
:109F6000084006EA0B010843C9F82000D9F80000B0
:109F700040F00100C9F80000002000F041F920B9CC
:109F8000013D07F10807DDD114E04EF67610C0F66A
:109F9000000004F0E1F823A0314604F0DDF84EF6AD
:109FA0003F404EF64141C0F60000C0F6000104F00B
:109FB000D3F8B846D9F80000002807D4D9F8000033
:109FC00040F00040C9F80000D9F80000404601B058
:109FD000BDE8F08F4EF6D720C0F6000040F26931A0
:109FE00001F012FB4EF6D720C0F6000040F26A31B5
:109FF00001F00AFB4EF6D720C0F6000040F26B31AC
:10A0000001F002FB4EF6D720C0F600004FF45B7162
:10A0100001F0FAFA4EF6D720C0F6000040F26D319A
:10A0200001F0F2FA50726F6772616D206572726FA3
:10A0300072206174206164647265737320307825C6
:10A040003038782121210A002DE9F04141F25C03EA
:10A05000C4F202031E684FF6FF75330C9B02B5EB8A
:10A06000164F08BF4FF4802300293FD020F07F40D7
:10A07000984243D286189E4248D85AB300F10068ED
:10A08000C2F1000CA2F1010E002000BF18F8004040
:10A090000D5CAC4218BFBDE8F081864517D008EBD7
:10A0A00000040D1866786F78BE4216D10CEB0006DE
:10A0B000B71C0CD0A778AB789F4211D1F31C06D007
:10A0C000E378EC78A3420ED104308242DED1104610
:10A0D000BDE8F0810020BDE8F0810130BDE8F081ED
:10A0E0000230BDE8F0810330BDE8F0814EF6D720A4
:10A0F000C0F6000040F2594101F086FA4EF6D72032
:10A10000C0F6000040F25A4101F07EFA4EF6D72028
:10A11000C0F6000040F25B4101F076FA80B581B0F4
:10A1200044F6382CC2F2000C0020DCF800E08DF878
:10A13000030041F24000C4F20200006800F47F0016
:10A14000B0F5003F43F20800C4F2020039D900BF65
:10A1500050F8083C50F8081CDB4323EA510150F842
:10A16000043C50F8042C994321EA52010268036828
:10A1700021EAD201DA4301EAD2718DF80310DCF84A
:10A180000010A1EB0E01B1F5967F33D89DF80310B6
:10A19000C907DDD00168490703D1016811F4E06FF8
:10A1A0002BD0072101604FF4E0610160012001B074
:10A1B00080BD00BFDCF80010A1EB0E01B1F5967F69
:10A1C00018D850F8081CC907F4D150F8081C8907A2
:10A1D000F0D450F8041CC907ECD150F8041C8907CE
:10A1E0005CBF01685FEA0171E4D40168490704D0EB
:10A1F0000721DAE7032001B080BD002001B080BD57
:10A2000010B541F2400C44F6382EC4F2020CC2F2F2
:10A21000000E43F20801DEF80020DCF80030C4F242
:10A2200002010C6803F47F03B3F5003F04F0070359
:10A2300005D94BB1072008604FF4E06001E02BB373
:10A2400007200860012010BD50B1013872E000BF46
:10A2500051F8080CC00700F0978008684007E9D162
:10A26000086810F4E06FE5D1DEF80000801AB0F560
:10A27000967F00F28B80DCF8000000F47F00B0F5E0
:10A28000003FE5D908680028E2D5E6E750B101387B
:10A2900021E000BF51F8080CC00700F07580086885
:10A2A0004007CDD1DEF80000801AB0F5967F00F2AD
:10A2B0006D80DCF8000000F47F00B0F5003FE9D9C4
:10A2C00008680028E6D5EAE751F8043C9B075BD50F
:10A2D0000B685B07B4D1DEF800309B1AB3F5967FAC
:10A2E00054D8DCF8003003F47F03B3F5003F02D903
:10A2F0000B68002BECD4042846D8DFE800F0080DEA
:10A3000003040400E0E70B681B07E1D43CE051F8CC
:10A31000083C9B07DCD437E051F8043CDB07D7D17D
:10A3200032E051F8043C9B072ED500BF0B685B0759
:10A330007FF480AF0B6813F4E06F7FF47BAFDEF83F
:10A3400000309B1AB3F5967F20D8DCF8003003F478
:10A350007F03B3F5003F02D90B68002BE6D4042835
:10A3600012D8DFE800F0080D03040400D9E70B68F9
:10A370001B07DBD408E051F8083C9B07D6D403E068
:10A3800051F8043CDB07D1D1002010BD032010BDE3
:10A390005FEA004C00F09480C10745F22001C4F24E
:10A3A00002012AD182072FD4420734D4020739D4BC
:10A3B000C2063ED4820643D4420648D402064DD497
:10A3C000C20552D4820557D442055CD4020561D43B
:10A3D000C20466D482046BD4400404D548680E22BB
:10A3E00062F31B604860BCF1000F58BF70474868BB
:10A3F0000E2262F31F70486070470B680E2262F3F2
:10A4000003030B608207CFD50A680E2363F307129C
:10A410000A604207CAD50A680E2363F30B220A605A
:10A420000207C5D50A680E2363F30F320A60C2061D
:10A43000C0D50A680E2363F313420A608206BBD5B7
:10A440000A680E2363F317520A604206B6D50A68FB
:10A450000E2363F31B620A600206B1D50A680E235D
:10A4600063F31F720A60C205ACD54A680E2363F31A
:10A4700003024A608205A7D54A680E2363F30712D8
:10A480004A604205A2D54A680E2363F30B224A6054
:10A4900002059DD54A680E2363F30F324A60C20459
:10A4A00098D54A680E2363F313424A60820493D519
:10A4B0004A680E2363F317524A60400493D58DE730
:10A4C0004EF68D30C0F60000E12101F09DF800004D
:10A4D0002DE9F04F81B00446A0F18040A0F5103086
:10A4E0004FEA3030062880F0D3808A46002900F0F9
:10A4F000D680DAF800300021B1EB134F40F0C18074
:10A5000099B2002900F0BD80052800F2A08004F176
:10A51000240C04F1200B4FF000094FF001084FF01C
:10A52000000E002608FA06F10B405BD09AF80410E2
:10A53000481E0F2860D26046082E38BF5846026871
:10A5400009F01C070F25BD40B940AA43294011431B
:10A5500001609AF808000028A06B14BF40EA0301CC
:10A5600020EA0301A1639AF807000028A06C14BF39
:10A5700018439843A064206B9AF80520032102F049
:10A58000030201FA0EF102FA0EF288431140084369
:10A59000206341F24000C4F20200006800F47F0032
:10A5A000B0F5003F1ED944F26430C2F200000068EA
:10A5B000000617D59AF80930DAF80010D807206C91
:10A5C0000CBF20EA010840EA0108C4F8408098075F
:10A5D000206C4FF001084FEA014154BF8843084303
:10A5E000206400BF0F2E32D0DAF8003001360EF1B1
:10A5F000020E09F1040995E761BB6046082E38BFD9
:10A600005846D0F8008009F01C010F2202FA01F12F
:10A6100028EA010101609AF806104FF001080029AC
:10A62000A9D0D4F81480032001F0030100FA0EF041
:10A6300001FA0EF128EA0008084040EA08006061CB
:10A64000A36120694FF001081843206193E701B02E
:10A65000BDE8F08F15A003F07FFD9AF8043017A035
:10A660002146324603F078FD4EF63F404EF641411A
:10A67000C0F60000C0F6000101B0BDE8F04F03F0E5
:10A680006BBD4EF68D30C0F60000482100F0BCFFD7
:10A690004EF68D30C0F60000462100F0B5FF4EF6B4
:10A6A0008D30C0F60000472100F0AEFF5B4540470B
:10A6B00050494F204C4C5D20000000004750494F4E
:10A6C0002D5B3078253038785D2050696E2D5B2504
:10A6D000645D20616C7465726E6174652066756E70
:10A6E0006374696F6E205B25645D20636F6E6669BD
:10A6F00067204572726F722121210A0070B500290E
:10A7000000F0D5804BF2001CC4F2030C0A690CEB7C
:10A7100000239A634A69DA63D3F870E00A7E62F331
:10A72000000EC3F870E0D3F870E04A7E62F3C30E07
:10A73000C3F870E0D3F870E08A7E62F3420EC3F88B
:10A7400070E0D3F870E00C7B4EF040024D7B002CA3
:10A7500008BF2EF040021A671A6F002D42F0200445
:10A7600008BF22F020041C670A6A4BF6047E1A64B4
:10A770004A6AC4F2030E5A641A6F91F8285065F3BE
:10A7800010421A671A6F91F8295065F3D3421A677D
:10A790001A6F91F82A5065F352421A67CA7E1D6FEC
:10A7A000002A45F4800408BF25F480041C670A7F52
:10A7B0001C6F002A44F4001508BF24F400151D671F
:10A7C0001A6FCC7A22F0605204F0070442EAC462A5
:10A7D0001A674C7A1D6F002C45F0804608BF25F0A3
:10A7E00080461E6703F170020B7A0124002B04FAE5
:10A7F00000F3DEF800400CBF24EA03032343CEF845
:10A8000000308B7A1668002B46F0007508BF26F0E2
:10A81000007515600CEB0020426F0E7842F00103CA
:10A820004D788C7891F803C0002E08BF22F0010308
:10A830004367426F002D42F0020308BF22F002037B
:10A840004367426F002C42F0040308BF22F0040368
:10A850004367426FBCF1000F42F0080308BF22F0CB
:10A86000080343670A79436F002A43F0100608BFC4
:10A8700023F0100646674A79436F002A43F020060A
:10A8800008BF23F0200646678A79436F002A43F009
:10A89000400608BF23F040064667C979426F002989
:10A8A00042F0800308BF22F08003436770BD4EF67C
:10A8B0001530C0F600004FF4CB7100F0A5FE00008B
:10A8C000B0B5002900F0338109286FD14BF20000A8
:10A8D000C4F20300C2688B68520A62F35F23C3604C
:10A8E0004FF6FF73C268C8F2000303F1FC4302EAAB
:10A8F000030CCB680022C0F2FF121A406244C2600F
:10A9000002680B7C63F30202026002684B7C63F313
:10A91000C30202604A790B788261CA884261026888
:10A9200022F0404242EA8372026091F803C0036859
:10A93000BCF1000F43F0100208BF23F010020260C8
:10A9400091F802C00368BCF1000F43F4806208BFB5
:10A9500023F48062026091F801C00368BCF1000F2B
:10A9600043F4006208BF23F40062026091F804C05F
:10A97000D0F8903FBCF1000F43F4803208BF23F4BD
:10A980008032C0F8902F0268CB7C22F0C00203F026
:10A99000030342EA831202608A7C0168002A14BF22
:10A9A00041F0200121F020010160B0BD082880F0B5
:10A9B000C5804BF2000CC4F2030C0CEB0023D3F85F
:10A9C0000CE18C684FEADE3262F3DF34C3F80C41ED
:10A9D000D3F80C21CC8964F31E42C3F80C21D3F8C0
:10A9E00000210C7C64F30202C3F80021D3F800219B
:10A9F0004C7C64F3C302C3F800214A7991F803E068
:10AA0000C3F81821CA88BEF1000FC3F81421D3F887
:10AA1000002142F0100408BF22F01004C3F80041E6
:10AA200091F802E0D3F80041BEF1000F44F48062D7
:10AA300008BF24F48062C3F8002191F801E0D3F844
:10AA40000041BEF1000F44F4006508BF24F4006526
:10AA5000C3F8005103F580720B794FF40035002BD9
:10AA600005FA00F3DCF8905F0CBF25EA03032B43E3
:10AA7000CCF8903FD1E906530CEB0020C0F85451BC
:10AA8000C0F85831106891F8203063F34920106005
:10AA90001068CB7C20F0C00003F0030340EA831071
:10AAA0008D7C10601068002D40F0200308BF20F05E
:10AAB00020031360106891F8253020F0704040EAC0
:10AAC00003701060106891F8263063F31140106035
:10AAD000106891F8273063F39340106091F82100DB
:10AAE0001368002843F4807508BF23F4807515604F
:10AAF00091F822001368002843F4801508BF23F45E
:10AB00008015156091F823001368002843F40015A0
:10AB100008BF23F40015156091F82410106800296F
:10AB200014BF40F4800020F480001060B0BD4EF6E9
:10AB30001530C0F60000F42100F066FD4EF6153029
:10AB4000C0F6000040F6B80100F05EFDB0B5002987
:10AB500000F0CD8009282BD14A884BF20000C4F2C6
:10AB60000300C2618A880262CA8842620A898262DC
:10AB7000026891F800C042F0007391F80AE0CC7AC4
:10AB8000BCF1000F08BF22F0007303600168BEF142
:10AB9000000F41F0006208BF21F00062026001680E
:10ABA000002C14BF41F0806121F080610160B0BDD4
:10ABB000082880F0A4804BF200034A88C4F2030303
:10ABC00003EB0020C0F81C218A88C0F82021CA8825
:10ABD000C0F824210A89C0F82821D0F800210C7877
:10ABE00042F0007391F80AC091F80BE00D7B002C45
:10ABF00008BF22F00073C0F80031D0F80021BCF18A
:10AC0000000F42F0006308BF22F00063C0F800317B
:10AC1000D0F80021BEF1000F42F0806308BF22F09F
:10AC20008063C0F80031D0F80421002D42F4803355
:10AC300008BF22F48033C0F804314A7BD0F80431D5
:10AC4000002A43F4003508BF23F40035C0F804514E
:10AC50008A7BD0F80431002A43F4802508BF23F40E
:10AC60008025C0F80451CA7BD0F80431002A43F48F
:10AC7000002508BF23F40025C0F804510A7CD0F851
:10AC80000431002A43F4801508BF23F48015C0F86E
:10AC900004514A7CD0F80431002A43F4001508BF5F
:10ACA00023F40015C0F804518A7CD0F80431002A3E
:10ACB00043F4800508BF23F48005C0F80451CA7C22
:10ACC000D0F80431002A43F4000508BF23F400053E
:10ACD000C0F804510A7DD0F8041100F58270002AF2
:10ACE00014BF41F0807121F080710160B0BD4EF65B
:10ACF0001530C0F600004FF4847100F085FC4EF66C
:10AD00001530C0F6000040F6221100F07DFC000076
:10AD10002DE9F04F85B041F26C01C4F2020151F807
:10AD20000C0C0022C4F20202009051F84CEC1068A6
:10AD300048F2E470C3F6AC70C2F8800048F2E470E8
:10AD400041F8280C48F63D2041F8280C41F6EC105B
:10AD500041F8280C51F80C0C032340F4005041F842
:10AD60000C0C51F80C0C4EF6FC5940F4805041F894
:10AD70000C0C51F84C0CCEF2000940F4807041F8F4
:10AD80004C0C51F84C0C41F2002C63F38E2041F82E
:10AD90004C0CD9F80000D9F8007041F2000347F0DC
:10ADA0008077CEF20003C9F8007000275F601C684E
:10ADB0009FEDBF0AC0F27A0C44F001041C6000BF92
:10ADC0005C680D68664615F5807F3CBF0D682E0AED
:10ADD00001EE106AB8EE411A21EE001ABCEEC11A5B
:10ADE00011EE105AAC42EBD348F2001448F2213570
:10ADF000C4F20304C0F2800544F8FC5C2B2544F83F
:10AE0000F85C002544F8E85C202544F8D85C11255E
:10AE100044F8C05C6FF0FF05665900F0807846F09A
:10AE20000100605154F8F00CC0055CBF54F8F00C00
:10AE30005FEAC05007D454F8F00CC00503D454F8AE
:10AE4000F00CC005EED56FF0FF00255845F0040565
:10AE50002550206840F40030206000BF2068800347
:10AE60005CBF20685FEA803005D42068800302D48C
:10AE700020688003F2D554F8AC0C2568122645F4FE
:10AE80000035256051F84C5C9FED8A0A66F38E25EB
:10AE900041F84C5C156845F400351560156825F0DF
:10AEA00000451560156825F440751560156845F076
:10AEB0000045156000255D601D6845F001051D60B9
:10AEC0005E680D68674615F5807F3CBF0D682F0AE8
:10AED00001EE107AB8EE411A21EE001ABCEEC11A4A
:10AEE00011EE105AAE42EBD354F8AC5C00EBD070CC
:10AEF000A5EB600ABAF1000F48BFCAF1000ACDF80D
:10AF000004A02568012645F4003525601568401029
:10AF100025F000451560156866F30925156015686C
:10AF200045F00045156000255D601D6845F0010590
:10AF30001D6000BF5E680D68674615F5807F3CBFE9
:10AF40000D682F0A01EE107AB8EE411A21EE001AB0
:10AF5000BCEEC11A11EE105AAE42EBD354F8AC5C01
:10AF60000226B5EB000B48BFCBF1000BCDF808B0C3
:10AF7000256845F400352560156825F00045156005
:10AF8000156866F309251560156845F000451560DC
:10AF900000255D601D6845F001051D605F680D6856
:10AFA000664615F5807F3CBF0D682E0A01EE106ADB
:10AFB000B8EE411A21EE001ABCEEC11A11EE105A79
:10AFC000AF42EBD354F8AC5C2F1A48BF7F420397D3
:10AFD000256845F400352560156825F000451560A5
:10AFE000156845F440751560156845F00045156015
:10AFF00000255D601D6845F001051D605E680D68F7
:10B0000015F5807F65463CBF0D682D0A01EE105A8C
:10B01000B8EE411A21EE001ABCEEC11A11EE105A18
:10B02000AE42EBD354F8AC6C351A48BF6D42049570
:10B030002068D34540F400302060106820F00040C4
:10B040001060106820F400301060186820F00100D3
:10B050001860D9F8000001AB40EA0800C9F8000008
:10B060004FF0000038BF012053F82060B74238BFCE
:10B07000022053F820309D426FF0FF03E75838BF9D
:10B08000032047F00107E75041F84CEC009B41F8E2
:10B090000C3C0123C2F880304FF4803241F8282C58
:10B0A0004FF4003241F8282C05B0BDE8F08F00BF06
:10B0B00051499D3AA69BC43AB0B549F6FF72C4F215
:10B0C0000102904216DC4DF6FF73C4F20003984271
:10B0D00026DD4EF20003C4F20003984238D048F255
:10B0E0000003C4F20103984232D049F20003C4F2D3
:10B0F00001032AE04AF6FF73C4F2020398421ADD04
:10B100004BF20003C4F20203984221D00023C4F2A0
:10B11000030398421CD041F20003C4F2030314E07D
:10B1200048F20003C4F20003984211D049F2000330
:10B13000C4F2000309E04AF20003C4F2010398429A
:10B1400006D04AF20003C4F20203984240F0E780BE
:10B15000002900F0DC80904218DC4DF6FF72C4F24A
:10B16000000290422ADD4EF20002C4F20002904238
:10B170003DD048F20002C4F20102904237D049F2B9
:10B180000002C4F20102904231D023E04AF6FF727D
:10B19000C4F2020290421EDD4BF20002C4F202022F
:10B1A000904224D041F20002C4F2030290421ED029
:10B1B0000022C4F20302904219D00BE048F20002D0
:10B1C000C4F20002904212D049F20002C4F200021E
:10B1D00090420CD0B0BD4AF20002C4F2010290428B
:10B1E00005D04AF20002C4F202029042F2D14EF2BD
:10B1F000100C41F24002C4F2000CC4F20202ACF1A5
:10B200001003126898423BD102F47F02B2F5003F6E
:10B2100036D9DCF820204FF6FF7E8B8822EA0E021A
:10B220001A4444F6382ECCF82020C2F2000EDEF884
:10B23000002000BFDCF80030DB0326D5DEF800304C
:10B240009B1A0A2BC6D8DCF80030DB031DD5DEF8CC
:10B2500000309B1A0A2BBDD8DCF80030DB0314D574
:10B26000DEF800309B1A0A2BB4D8DCF80030DB0380
:10B270000BD5DEF800309B1A0A2B88BFB0BDD9E78A
:10B280004A6802630A89826306E0DCF828200B8999
:10B2900063F30702CCF8282002684B7891F800C0CD
:10B2A00063F3C30291F802E08D7A026042686EF3A4
:10B2B0000202426002680B7B63F382020260CA7A78
:10B2C0000368002A23F0020408BF43F0020404606C
:10B2D0000268BCF1000F42F0800308BF22F0800337
:10B2E0000360C26A65F30302C2624A7B02640268B9
:10B2F0008B7B63F3461202600268CB7B63F304121C
:10B3000002600268097C61F309220260B0BD4EF65A
:10B310000440C0F600004FF4817100F075F94EF65C
:10B320000440C0F6000040F2011100F06DF9000089
:10B33000FEE70000704700007047000000F00CF8C6
:10B34000FCF72EFF7047000044F63820C2F20000E0
:10B35000016801310160704748F200004EF68851E3
:10B36000C0F60000CEF2000141F8800C41F230003E
:10B37000C4F2020048F2E4724261026822F0020262
:10B3800002604FF480324261086840F47000086047
:10B390007047000070B543F23804C4F2000454F85A
:10B3A000040C216801EA0005280444BF4FF4004062
:10B3B0002060680444BF4FF480402060A80444BF6C
:10B3C0004FF400502060E80410D54FF48050206006
:10B3D00044F63000C2F20000C1888288914205D351
:10B3E000816819B18168A4F138008847280541D5E2
:10B3F0004FF40060206054F8280C00073AD044F65F
:10B400003006C2F20006307F04282DD1B06988B31F
:10B41000306948B3F08AB18A884225D2206810F496
:10B42000E06F73D04EF69D10C0F6000002F094FE5F
:10B4300060A064A102F090FE4EF63F404EF64141FE
:10B44000C0F60000C0F6000102F086FE54F8040CBD
:10B4500020F0010044F8040C0020B0610120307796
:10B46000306B38B1804705E054F8380C40F00800E4
:10B4700044F8380C680544BF4FF480602060A8058C
:10B4800044BF4FF400702060E80544BF4FF4807063
:10B490002060E80644BF10202060280744BF082031
:10B4A0002060680744BF04202060A80709D544F63F
:10B4B0003000C2F20000816819B18168A4F138003F
:10B4C0008847E80709D044F63000C2F200008169DD
:10B4D00019B18169A4F13800884741F24000C4F2F3
:10B4E0000200006800F47F00B0F5403F38BF70BD37
:10B4F000680644BF40202060280644BF80202060AA
:10B50000E80344BF4FF48030206070BD6068C0F332
:10B51000C42054F8341CC9031FD554F8341C8903C3
:10B520001BD454F8341C01F00301032915D140B396
:10B53000F18AB28A914224D254F8141C32696FF312
:10B540005F2111803169013802313161F18A0206CF
:10B5500001F10101F182EBD113E090B1F18AB28ADD
:10B5600091420ED254F8141C3269013811703169BD
:10B57000020601F101013161F18A01F10101F1825B
:10B58000ECD154F8040C20F0010044F8040C002025
:10B59000B06101203077F08AB18A884234BF306BC5
:10B5A000706A00B1804754F8040C20F4006044F83D
:10B5B000040C5FE73C25733E206572726F72210AAE
:10B5C00000000000554152545F527854696D656F18
:10B5D00075745F4953520000FEE700007047000099
:10B5E000704700004EF60C50BFF34F8FCEF20000B4
:10B5F0000168042201F4E061C0F2FA5211430160D3
:10B60000BFF34F8F00BFFDE7A0B104460AA00D466F
:10B6100002F0A2FD0BA021462A4602F09DFD4EF647
:10B620003F404EF64141C0F60000C0F6000102F076
:10B6300093FD00BF00BFFDE75B45404150505D20DA
:10B6400000000000417373657274206661696C6567
:10B650006420696E202573206C696E652025640066
:10B66000B0B519B1012904D100226AE00022D0B29C
:10B67000B0BD01F0010CA1EB0C010022072300BFBB
:10B680000478D2B2624083EA420490F801E01506E1
:10B6900058BF540083EA4402250658BF620083EA7B
:10B6A0004204150658BF540083EA4402250658BFD9
:10B6B000620083EA4204150658BF540083EA44023C
:10B6C000250658BF620083EA4204150658BF54009D
:10B6D00083EA4402250658BF6200D2B282EA0E0213
:10B6E00083EA4205140658BF550083EA45022C063A
:10B6F00058BF6A0083EA4205140658BF550083EA22
:10B7000045022C0658BF6A0083EA4205140658BF5A
:10B71000550083EA45022C0658BF6A0083EA4205B9
:10B72000140658BF550083EA45022C06A1F1020118
:10B7300058BF6A000D0600F10200A1D1BCF1000F54
:10B740002BD00078D1B24140072080EA41020B069D
:10B7500058BF4A0080EA4201130658BF510080EAF0
:10B7600041020B0658BF4A0080EA4201130658BF47
:10B77000510080EA41020B0658BF4A0080EA4201AC
:10B78000130658BF510080EA41030A0658BF4B0018
:10B7900080EA4302180658BF5A00D0B2B0BD00007C
:10B7A00082B00021C5F2395142F2300001914FF6CA
:10B7B000AA71C4F2020000910168C9070FD10421E7
:10B7C0004160694640F8101C50F8081C082262F3DA
:10B7D0000B0140F8081C016841F00101016044F6CA
:10B7E0003820C2F2000001680268521A152A0BD2F2
:10B7F0000268521A142A07D80268521A142A03D867
:10B800000268521A152AEFD3FFF7ECFE70470000CA
:10B8100010B5002800F0B780016845F24302C4F675
:10B820004112914240F0AF808188012940F0AB8005
:10B83000C188502940F0A780D0E9121244F64D5338
:10B84000C4F24F335A4045F24543C4F654135940AD
:10B85000114340F09880C26845F2E501C1F6FF014E
:10B860008A424FF0000100F096804FF6FE73013AD5
:10B87000C1F6FF739A4200F28E8048F2203E4FF0EC
:10B88000FF314FF0000C4323CEF6B85EDBB25940D7
:10B8900001F001035B4203EA0E0383EA5103C1F3A3
:10B8A0004001494201EA0E0181EA5301C3F340031A
:10B8B0005B4203EA0E0383EA5103C1F340014942AC
:10B8C00001EA0E0181EA5301C3F340035B4203EA3C
:10B8D0000E0383EA5103C1F34001494201EA0E011C
:10B8E00081EA5301C1F34002C3F340035B4203EA20
:10B8F0000E03524283EA510100EB0C0302EA0E02EE
:10B900005C7882EA5101614001F00102524202EA90
:10B910000E0282EA5102C1F34001494201EA0E01DE
:10B9200081EA5201C2F34002524202EA0E0282EA66
:10B930005102C1F34001494201EA0E0181EA52017C
:10B94000C2F34002524202EA0E0282EA5102C1F3FD
:10B950004001494201EA0E0181EA5201C2F340026C
:10B96000524202EA0E0282EA5102C1F34001494208
:10B9700001EA0E01BCF13E0F81EA520105D09B782D
:10B980000CF1020C82E7002010BD006C084401306D
:10B99000B0FA80F04109084610BD00000000000028
:10B9A000B4B041F24001C4F20201C86A41F2002879
:10B9B00010F5807F38BFC86AC86AC0F27A08454669
:10B9C00010F5807F3CBFC86A050A40F2800B48F240
:10B9D000E470C4F2020BC3F6AC70CBF800005BF865
:10B9E000500C00F0030002280BD15BF8100C40F063
:10B9F00010004BF8100C5BF8500C20F003004BF8D3
:10BA0000500C4EF2246149F20059C0F60001C0F614
:10BA1000BA29002001F190028DF8800052F8903C84
:10BA2000AB4203D1002818BF07286CD052F8783CED
:10BA3000AB4208BF06285BD052F8603CAB4208BF5F
:10BA4000052857D052F8483CAB4208BF042853D0D1
:10BA500052F8303CAB4208BF03284FD052F8183C94
:10BA6000AB4208BF02284BD01368AB4208BF012885
:10BA700048D007301C2802F1A802CFD141F2400083
:10BA8000C4F20200C06A10F5807F0BD241F2400080
:10BA9000C4F20200C06A0021B1EB102F4FEA102857
:10BAA00002F00D834046FCF738FE9FED510B024635
:10BAB0000B4651EC100BFCF7D4FC04460F46FCF788
:10BAC00039FE0646FCF729FE02460B46204639465B
:10BAD000FCF74FFC9FED480B53EC102BFCF74FFC91
:10BAE000FCF728FE074601244FF4004A454615E0BE
:10BAF000013008E0023006E0033004E0043002E0E8
:10BB0000053000E0063000EB400001EBC000416969
:10BB1000047A4689878988031FFA80FA48F2E4701C
:10BB2000C3F6AC70CBF800005BF8240C022C20F0BC
:10BB300008004BF8240C5BF8340C20F001004BF8A3
:10BB4000340C5BF8480C20F00C004BF8480C5BF808
:10BB5000380C20F0F0004BF8380C5BF8240C40F067
:10BB600008004BF8240C5BF8340C40F001004BF853
:10BB7000340C5BF8140C20F008004BF8140C5BF844
:10BB8000140C40F008004BF8140C4FF001008DF835
:10BB900080005BF8801C21F000414BF8801C5BF8B2
:10BBA000101C41F010014BF8101C5BF8801C60F376
:10BBB00001014BF8801C45D0012C13D04EF691109A
:10BBC000C0F6000002F0C8FA0DA0214602F0C4FA47
:10BBD0004EF63F404EF64141C0F60000C0F600016F
:10BBE00002F0BAFA5BF8800C012120F400602EE02C
:10BBF000000000002A75A541000000000000F04090
:10BC0000504C4C30205072652D44697620436F6E45
:10BC10006669672D5B25645D204572726F722C200A
:10BC200073657420746F2064656661756C7420316F
:10BC3000206469766973696F6E210A00AA55AA5556
:10BC4000AA55AA555BF8800C022140F400604BF81D
:10BC5000800C5BF8800CB5FBF1F141F6003320F469
:10BC60008062C0F2B703994288BF40F480624BF80B
:10BC7000802C5BF87C0C6FF39F366FF31D4040EA1D
:10BC800006404BF87C0C5BF87C0C4FF6FF71884348
:10BC900038444BF87C0C5BF8800C20F4404040EAC0
:10BCA0000A004BF8800CFFF733F848F2E471C3F652
:10BCB000AC71CBF800109DF88010B9B15BF8141C82
:10BCC00021F008014BF8141C5BF8141C41F008012A
:10BCD0004BF8141C5BF8241C21F008014BF8241CC1
:10BCE0005BF8341C21F001014BF8341C5BF8801C1C
:10BCF00060F309214BF8801C5BF8800C40F0004099
:10BD00004BF8800C5BF8800C40000CD45BF8800C86
:10BD100040005CBF5BF8800C5FEA400003D45BF836
:10BD2000800C4000EED548F2E4770120C3F6AC77F2
:10BD3000CBF80000CBF800705BF8502C022161F3C7
:10BD400001024BF8502C5BF8502C052360F30B22BA
:10BD50004BF8502C5BF8502C60F30F324BF8502C02
:10BD60005BF8502C22F0FC024BF8502C5BF8502C66
:10BD700042F480324BF8502C5BF8502C42F40032E5
:10BD80004BF8502C5BF8502C42F480224BF8502C8E
:10BD90005BF8502C42F400224BF8502C44F2000285
:10BDA000C2F20002CBF80000C2F80090CBF800709D
:10BDB0005BF8482C60F383024BF8482C5BF8382C76
:10BDC00063F307124BF8382CCBF80000CBF8007067
:10BDD0005BF8482C60F387124BF8482C5BF8380C62
:10BDE00061F30F304BF8380C43F200080120C4F225
:10BDF0000208CBF80000D8F800104EF60C5A41F0BB
:10BE00001001C8F80010D8F80010CEF2000A41F076
:10BE10002001C8F80010DAF800104FF6FF021140B8
:10BE200040F20032C0F2FA521143CAF8001044F254
:10BE30000001C2F20001096844F6D352C1F2620265
:10BE4000A1FB02124FF0FF3101EB92130022B2EB83
:10BE5000136F21D14EF20017CEF2000747F8EC3CE9
:10BE6000F0238AF81730072347F8E82C47F8F03C0E
:10BE7000DAF80030C3F3022383F00707042F28BF4A
:10BE80000427033B38BF1346B9400F2222EA0101C1
:10BE9000994009018AF8171048F2E472C3F6AC72AF
:10BEA000CBF800205BF8281C44F2040441F00401A4
:10BEB0004BF8281C5BF8181CC2F2000441F0040186
:10BEC0004BF8181CCBF80000CBF800205BF8281CBE
:10BED00041F008014BF8281C5BF8181C41F00801E0
:10BEE0004BF8181CCBF80000CBF800205BF8281C9E
:10BEF00041F010014BF8281C5BF8181C41F01001B0
:10BF00004BF8181CCBF80000CBF800205BF8281C7D
:10BF100041F020014BF8281C5BF8181C41F020016F
:10BF20004BF8181CCBF80000CBF800205BF8281C5D
:10BF300041F040014BF8281C5BF8181C41F040010F
:10BF40004BF8181CCBF80000CBF800205BF8281C3D
:10BF500041F080014BF8281C5BF8181C41F080016F
:10BF60004BF8181CCBF80000CBF800205BF8281C1D
:10BF700041F001014BF8281C5BF8181C41F001014D
:10BF80004BF8181CCBF80000CBF800205BF8281CFD
:10BF9000602241F002014BF8281C5BF8181C41F0AC
:10BFA00002014BF8181C4FF20001CBF80000C0F65C
:10BFB00001012046FCF764FBAFF2803120460822E5
:10BFC000FCF7F8F844F6D81400250028C2F2000463
:10BFD000C4F2C82557D000270026C4F2DC27C4F2DB
:10BFE0007026C4E90876012784F828700027C4F277
:10BFF0004027C4E90B7700270021C4F2483746F2F6
:10C000006662C4E91111C4E9157545F2AA5700200A
:10C01000C4F266224FF07C56C5F2AA57C4F22C2017
:10C020000023E665C4E90077C4E9022104F11002A7
:10C03000C4F290130BC244F2B810E161C2F20000E6
:10C0400021466022FCF71CFB1F20FDF7BDFDD0B987
:10C050004EF20000C0F6010000F5805544F2B81120
:10C06000C2F2000128464FF48072FDF7BBFEB0F526
:10C07000807F08D144F2B811C2F2000128464FF483
:10C080008072FDF7E1FF4FF20001C0F6010120468A
:10C090006022FCF7F5FA44F2E83504F11007606C11
:10C0A000C2F20005D4E902C18CCF04F11C0EC5F820
:10C0B0003C0305F58C709EE84042C5E944C18CC044
:10C0C00094F82800C5E9496985F84801206BA16CFE
:10C0D00004F154078CCFC5F8D800C5F8A800C5F8FE
:10C0E000E41005F5617020AC4EF20001C5F82CE1BA
:10C0F0008CC0C0F6010120465022FCF7C1FA204650
:10C10000FFF786FB02AD4EF200010446C0F60301C4
:10C1100028465022FCF7B4FA2846FFF779FB44F290
:10C120008835002CC2F2000508BF00280BD040B1B2
:10C13000002C00F0D58022980499401A002840F382
:10C14000CF8020A9CDE048F2203745F2430905F120
:10C1500010004021CEF6B857C4F64119FCF7B7FAE3
:10C1600040F2010AC0F2500A01204AF65521C5E901
:10C17000009AC5E902016FF0604068610020FF216C
:10C18000052205F1200307C34FF0FF32432100BF12
:10C19000C9B2514001F0010252423A4082EA5102D2
:10C1A000C1F340014942394081EA5201C2F34002E1
:10C1B00052423A4082EA5102C1F3400149423940B9
:10C1C00081EA5201C2F3400252423A4082EA5102ED
:10C1D000C1F340014942394081EA5201C1F34003B1
:10C1E000C2F3400252423A405B4282EA51022918AD
:10C1F0003B404E7883EA5202724002F001035B42F8
:10C200003B4083EA5203C2F3400252423A4082EA80
:10C210005302C3F340035B423B4083EA5203C2F341
:10C22000400252423A4082EA5302C3F340035B4267
:10C230003B4083EA5203C2F3400252423A4082EA50
:10C240005302C3F340035B423B4083EA5203C2F311
:10C25000400252423A403E2882EA530202D0897894
:10C26000023095E7D043286444F64D5045F24541ED
:10C27000C4F24F30C4F65411C5E912104EF2000555
:10C2800020ACC0F60105CDE91A10204629465022FF
:10C29000FCF7F6F92046FFF7BBFA02AE4EF20001BA
:10C2A0000446C0F6030130465022FCF7E9F9304657
:10C2B000FFF7AEFA002C08BF002808D0C8B1D4B1EF
:10C2C000229E0498311A0029D8BF064615E04EF286
:10C2D000000444F28835C0F60104C2F2000524E0EF
:10C2E00002A944F28830C2F200005022FCF7C8F9DB
:10C2F000E9E0229E01E00498064620AC204629464B
:10C300005022FCF7BDF92046FFF782FA22992C460D
:10C31000B14208BF04F50034002808BF2C4644F29F
:10C320008835701CC2F20005A860C5E9009A4EF677
:10C330000C5A4FF0FF3200204321CEF2000AC5E92B
:10C34000122200BFC9B2514001F0010252423A40EC
:10C3500082EA5102C1F340014942394081EA520167
:10C36000C2F3400252423A4082EA5102C1F3400114
:10C370004942394081EA5201C2F3400252423A40F6
:10C3800082EA5102C1F340014942394081EA520137
:10C39000C1F34003C2F3400252423A405B4282EA98
:10C3A000510229183B404E7883EA5202724002F053
:10C3B00001035B423B4083EA5203C2F34002524214
:10C3C0003A4082EA5302C3F340035B423B4083EAB4
:10C3D0005203C2F3400252423A4082EA5302C3F38C
:10C3E00040035B423B4083EA5203C2F340025242A5
:10C3F0003A4082EA5302C3F340035B423B4083EA84
:10C400005203C2F3400252423A403E2882EA5302AB
:10C4100002D08978023095E7D043286441F2400089
:10C42000C4F20200C1694FF6FF72080C8002B2EB41
:10C43000114F08BF4FF48020B0F5003F09D0B0F590
:10C44000802F40D1D8F8400000F07060B0F1206F2C
:10C4500039D104F17840000BFDF7B6FB98BB44F2EC
:10C460008831C2F2000120464822FDF7BBFC482873
:10C4700029D144F28831C2F2000120464822FDF75A
:10C48000E3FD48281FD144F048051AA92846082290
:10C49000FDF7A8FC082816D11AA928460822FDF79E
:10C4A000D3FD08280FD120AD284621465022FCF7A5
:10C4B000E7F82846FFF7ACF928B144F28830C2F219
:10C4C000000020A911E7DAF8F00048F2000440F07B
:10C4D0008070CAF8F00041F20000CEF200004FF088
:10C4E000000AC0F804A00168C4F2030441F001018D
:10C4F00001604FF0807020904FF0010840F201156C
:10C5000020A92046CDE9228A8DF862A0CDE902AAB1
:10C51000CDE904AACDE91AAA2195FCF7E7FC15207C
:10C520008DF8650018A92046ADF860A0ADF86350FD
:10C53000FCF738FF4FF4807016AD16902046294660
:10C540008DF85C80FCF758FE40F20110C0F200103C
:10C55000029040F21800C2F201000490022002AEE4
:10C56000ADF81400204631468DF80C804FF00209DA
:10C57000FCF706FCF620C1F254601AAF1B9020466F
:10C580003946ADF868808DF86AA0FCF73DFB40F2B3
:10C5900001401690204629468DF85C80FCF72CFE61
:10C5A00040F20410C0F20010029040F20800C2F203
:10C5B00001000490204631468DF80C80ADF81490AF
:10C5C0000225FCF7DDFB4FF40170ADF868004FF079
:10C5D00000501B90204639468DF86AA04FF0005954
:10C5E000FCF712FB40F20010C0F20110CDF88200FF
:10C5F0004FF4807004F58066ADF88700304620A9BE
:10C600008DF886A08DF889A0FCF770FC40F201102F
:10C61000ADF8630015208DF86500304618A9ADF817
:10C6200060A0FCF7BFFE4FF4406016AF1690304696
:10C6300039468DF85C80FCF7DFFD40F20C10C0F24B
:10C640000010029040F21000C2F20100ADF8145048
:10C6500002AD0490304629468DF80C80FCF790FB23
:10C660004FF48670CDF86C900DF16809ADF8680054
:10C67000304649468DF86AA0FCF7C6FA40F2012020
:10C680001690304639468DF85C80FCF7B5FD40F2D7
:10C690000210C0F20010029040F20000C2F201004D
:10C6A00004900227304629468DF80C80ADF81470AE
:10C6B000FCF766FB4FF000501B9030464946ADF842
:10C6C000687002278DF86AA0FCF79EFA40F200100D
:10C6D000C0F2011004F50066CDF882004FF48075B9
:10C6E000304620A98DF886A0ADF887508DF889A036
:10C6F000FCF7FCFB15208DF86500304618A9ADF855
:10C7000060A0ADF863504FF48074FCF74BFE3046E8
:10C7100016A916948DF85C80FCF76EFD40F20110AE
:10C72000C0F20010029040F22000C2F2010004901A
:10C73000304602A98DF80C80ADF81470FCF720FB90
:10C740004FF000501B9030464946ADF868808DF898
:10C750006AA0FCF759FA4BF60871C4F203018F6224
:10C76000C1F82CA051F8040C68F3134041F8040CF4
:10C7700051F8080C20F4702041F8080C886D20F066
:10C780001F00886548F2E470C3F6AC70CBF8000077
:10C790005BF8240C40F400704BF8240C5BF8240C7C
:10C7A00040F480604BF8240C5BF8240C40F40060EB
:10C7B0004BF8240C5BF8240C40F480504BF8240C0C
:10C7C0005BF8240C40F400504BF8240C5BF8240C6C
:10C7D00040F480404BF8240C5BF8240C40F40040FB
:10C7E0004BF8240C5BF8240C40F480304BF8240CFC
:10C7F0005BF8340C40F010004BF8340C5BF8340C50
:10C8000040F020004BF8340C5BF8340C40F0400052
:10C810004BF8340C5BF8340C40F080004BF8340CCF
:10C820005BF8340C40F480704BF8340C5BF8340C3B
:10C8300040F400704BF8340C5BF8340C40F480602A
:10C840004BF8340C5BF8340C40F400604BF8340CBB
:10C850005BF8140C40F040004BF8140C4FF480507F
:10C86000CBF80080FDF794FD4FF40050FDF790FDEC
:10C870004FF48040FDF78CFD4FF40040FDF788FD3C
:10C880004EF200114FF00040CEF2000148604EF62B
:10C890000C50CEF2000000684EF21940CEF20000BB
:10C8A00080F826A044F28C70C2F2000080F800806C
:10C8B00044F29870C2F2000080F8008044F2DC700C
:10C8C000C2F2000042F2240544F2E4710560C2F2B3
:10C8D000000140F6224044F2E8720860C2F2000211
:10C8E00041F24401116044F2EC72C2F2000241F6DE
:10C8F0003441116044F2F072C2F2000244F2F47367
:10C900001560C2F200034FF416721A6044F2F87216
:10C91000C2F20002106044F2FC72C2F2000241F264
:10C920006A20106044F6000044F2907744F2947656
:10C93000C2F2000044F2E07920ACC2F20007C2F279
:10C9400000060160C2F2000920462C2187F8008011
:10C9500086F8008089F80080CDE902AACDE904AA12
:10C96000CDE906AACDE91AAACDE91CAACDF878A08E
:10C97000ADF87CA0FBF7ABFE40F20110ADF80E5015
:10C980000690202002AD0890092029468DF80DA0C0
:10C99000CDF810A0ADF809A08DF80BA0CDF824A01B
:10C9A000CDE90AAAFDF78CFF02202946FDF788FF92
:10C9B00003202946FDF784FF39784FF47A708DF80B
:10C9C0006880ADF86A00002918BF40F2044132784F
:10C9D00044F29873C2F20003ADF86C10002A18BF3D
:10C9E00040F609021B784BF20407C4F20307ADF8C6
:10C9F0006E20002B18BF41F21203ADF87030B86101
:10CA0000F9613A627B624BF20007C4F203073868AF
:10CA10001AAD40F00070386038689DF8722040F020
:10CA200000619DF87330002A08BF20F00061396072
:10CA30003868002B40F0806108BF20F080613960C9
:10CA400099F8000044F2E471C2F20001002818BF16
:10CA500032200968ADF86A00ADF86C1044F2E87055
:10CA600044F2EC71C2F20000C2F2000100680968F1
:10CA7000ADF86E00ADF870108DF868808DF8748098
:10CA80004BF6087802202946C4F20308FEF75EF848
:10CA900044F2F47044F2F871C2F20000C2F20001F4
:10CAA00000680968ADF86A00ADF86C1044F2FC70DB
:10CAB00044F60001C2F20000C2F2000100680968F9
:10CAC000ADF86E00ADF8701003202946FEF73EF871
:10CAD00040F60400259008200221289040F610001E
:10CAE00024918DF89A100221C0F2400029908DF80F
:10CAF000AA1003202146ADF898A0ADF8A8A0CDF863
:10CB000088A0FDF7FBFD02202146FDF7F7FD41F26D
:10CB10004001C4F202010868D8F82000012220F088
:10CB20004040C8F820000868D8F8181000F47F00CA
:10CB300062F30101B0F5003FC8F8181005D9D8F824
:10CB4000640020F00300C8F86400D8F8180005213C
:10CB500020F00400C8F81800D8F8200020F00F00DA
:10CB6000C8F82000D8F8180020F01800C8F81800FD
:10CB7000D8F8180040F02000C8F81800D8F8700065
:10CB800020F04040C8F87000D8F80C0040F00100D8
:10CB9000C8F80C00D8F80C0020F40040C8F80C00CD
:10CBA000D8F8680062F39340C8F86800D8F86800C5
:10CBB00020F40030C8F86800D8F8700061F3134022
:10CBC000C8F87000D8F880004BF2040120F47020FF
:10CBD000C8F88000D8F87800C4F2030120F40020DF
:10CBE000C8F87800D8F80C0040F02000C8F80C0015
:10CBF000D8F8680040F48030C8F86800D8F87800A9
:10CC000020F40030C8F87800D8F8780020F480309C
:10CC1000C8F87800D1F8700340F01000C1F8700334
:10CC2000D1F8700440F01000C1F8700444F63820C8
:10CC3000C2F200000168D8F8002042F00102C8F8F2
:10CC40000020D8F80020D2071BD00268521A652AAB
:10CC500017D2D8F80020D20713D00268521A642ADB
:10CC60000FD8D8F80020D2070BD00268521A642AD5
:10CC700007D8D8F80020D20703D00268521A642AD5
:10CC8000DFD90168D8F8002042F00802C8F8002077
:10CC9000D8F8002012071BD50268521A652A17D24D
:10CCA000D8F80020120713D50268521A642A0FD848
:10CCB000D8F8002012070BD50268521A642A07D848
:10CCC000D8F80020120703D50268521A642ADFD967
:10CCD0000168D8F8002042F01002C8F80020D8F807
:10CCE0000020D2061BD50268521A652A17D2D8F83E
:10CCF0000020D20613D50268521A642A0FD8D8F839
:10CD00000020D2060BD50268521A642A07D8D8F838
:10CD10000020D20603D50268521A642ADFD94FF0E8
:10CD200001090020C8F82890C8F82C0058F8040C15
:10CD30004BF2000A69F3134048F8040C58F8080C49
:10CD4000C4F2030A20F4702048F8080CD8F8580000
:10CD500044F2000520F01F00C8F85800D8F8000081
:10CD6000C4F2020540F00100C8F80000DAF8000043
:10CD7000002140F08060CAF80000D8F8600005F596
:10CD8000005440F00100C8F86000D8F8600020AFFF
:10CD900040F00800C8F860000120C0F200102190A7
:10CDA0004FF480408DF88810209020463946FDF7DA
:10CDB0008FFB4FF40040209028463946FDF788FB52
:10CDC0004FF4006005F5805A209050463946FDF733
:10CDD0007FFB4FF48066284639462096FDF778FBA6
:10CDE0004FF40070ADF8840020463946CDF88090AD
:10CDF000FDF76EFB50463946CDF88090FDF768FB95
:10CE00008020209028463946FDF762FB504639467F
:10CE10002096FDF75DFB10202090504639468DF896
:10CE20008590CDF804A0FDF753FB00208DF8850018
:10CE30004FF40050209020463946FDF749FB4FF44F
:10CE40000040209020463946FDF742FB41F2400564
:10CE500048F63D20C4F20205686041F6EC106860B7
:10CE6000286A4BF2000640F4805028624FF40030EC
:10CE7000686048F2E475C3F6AC75CBF800505BF817
:10CE8000240CC4F2030640F080004BF8240C5BF83D
:10CE9000140C20AC40F010004BF8140C49F20000C8
:10CEA000CBF80090C4F20300D0F8001121F001018A
:10CEB000C0F80011D0F8001121F00801C0F80011ED
:10CEC000D0F8001121F00401C0F80011D0F80011D1
:10CED00021F00201C0F80011CBF800505BF8241CCF
:10CEE00041F080014BF8241C5BF8141C41F0100148
:10CEF0004BF8141CCBF80090016821F0010101608F
:10CF0000016821F008010160016821F0040101605D
:10CF1000016821F00201016040F60E61C0F80411C1
:10CF200040F61B714160D0F8001141F00101C0F8DA
:10CF30000011016841F00101016040F2011000217F
:10CF4000ADF8800040F203108DF88910CDF8821002
:10CF50008DF88610ADF88700A6F570602146FCF7C5
:10CF60007BFBC8208DF883000320ADF88700A6F571
:10CF700060602146FCF770FB4FF20020CFF6FF7097
:10CF800031584EF60C5A41F001013150CBF80050A7
:10CF90005BF8280CCEF2000A40F480704BF8280CA5
:10CFA0005BF8180C042740F480704BF8180CCBF891
:10CFB0000090CBF800505BF8300C4FF0FF3340F09E
:10CFC00040004BF8300C5BF8200C022440F040008D
:10CFD0004BF8200CCBF80090CBF800505BF8300CED
:10CFE000002640F080004BF8300C5BF8200C5246D5
:10CFF00040F080004BF8200CCBF80090CBF80050AC
:10D000005BF8240C4FF0000C40F001004BF8240CAE
:10D010005BF8140C964640F001004BF8140CCBF86A
:10D020000090CBF800505BF8240C40F002004BF865
:10D03000240C5BF8140C40F002004BF8140CCBF8F5
:10D040000090DAF80000C0F3022080F00701042904
:10D0500028BF3946033803FA01F138BF304624EAC5
:10D06000010101FA00F04EF219410001CEF2000177
:10D070004870DAF800000C46C0F3022080F0070187
:10D080004FF0FF33042928BF3946033803FA01F172
:10D0900038BF304629EA010101FA00F000014EF2E2
:10D0A000001A20704FF00070CEF2000ACAF800009B
:10D0B0004FF08060CAF80000CBF800505BF8280CF5
:10D0C0004FF0FF3340F480704BF8280C5BF8180CDD
:10D0D000022640F480704BF8180CCBF80090CBF887
:10D0E00000505BF8300C40F040004BF8300C5BF81F
:10D0F000200C40F040004BF8200CCBF80090CBF80F
:10D1000000505BF8300C40F080004BF8300C5BF8BE
:10D11000200C40F080004BF8200CCBF80090CBF8AE
:10D1200000505BF8240C40F001004BF8240C5BF835
:10D13000140C40F001004BF8140CCBF80090CBF825
:10D1400000505BF8240C40F002004BF8240C5BF814
:10D15000140C40F002004BF8140CCBF8009010684F
:10D16000C0F3022080F00701042928BF39460338A4
:10D1700003FA01F138BF604626EA010101FA00F026
:10D180000001607010684FF00072C0F3022080F060
:10D190000701042928BF3946033803FA01F138BFD3
:10D1A000604629EA010101FA00F000012070CAF886
:10D1B00000204FF08063CAF80030CBF800505BF8D5
:10D1C000280C4FF0FF3440F480704BF8280C5BF8CB
:10D1D000180C40F480704BF8180CCBF80090CBF88A
:10D1E00000505BF8300C40F040004BF8300C5BF81E
:10D1F000200C40F040004BF8200CCBF80090CBF80E
:10D2000000505BF8300C40F080004BF8300C5BF8BD
:10D21000200C40F080004BF8200CCBF80090CBF8AD
:10D2200000505BF8240C40F001004BF8240C5BF834
:10D23000140C40F001004BF8140CCBF80090CBF824
:10D2400000505BF8240C40F002004BF8240C5BF813
:10D25000140C40F002004BF8140CCBF80090DEF8F0
:10D260000000C0F3022080F00701042928BF3946DE
:10D27000033804FA01F138BF604626EA010101FAD9
:10D2800000F04EF219460001CEF200067070DEF892
:10D290000000C0F3022080F00701042928BF3946AE
:10D2A000033804FA01F138BF604629EA010101FAA6
:10D2B00000F000013070CAF80020CAF800300021E8
:10D2C000632048F200062491CDE92219219008201C
:10D2D00020ACC4F20006ADF888008DF88B10304603
:10D2E0002146CDF88090FDF7E7FE40F2000AC4F237
:10D2F000030A50462146FDF7DFFE40F2E730219059
:10D3000049F20000C4F200002146FDF7D5FE706826
:10D3100002A940F001007060DAF8040040F001005A
:10D32000CAF804000320C0F20010039000208DF81A
:10D33000100044F20000C4F202000297FDF7C8F8A2
:10D34000CBF800505BF8280C4EF60C5340F480707C
:10D350004BF8280C5BF8180CCEF2000340F48070F8
:10D360004BF8180CCBF80090CBF800505BF8300C61
:10D370004FF0FF3640F040004BF8300C5BF8200CCB
:10D38000022240F040004BF8200CCBF80090CBF884
:10D3900000505BF8300C4AF2240440F080004BF857
:10D3A000300C5BF8200CC4F2020440F080004BF813
:10D3B000200CCBF80090CBF800505BF8240C40F028
:10D3C00001004BF8240C5BF8140C40F001004BF802
:10D3D000140CCBF80090CBF800505BF8240C00251F
:10D3E00040F002004BF8240C5BF8140C40F00200F3
:10D3F0004BF8140CCBF800901868C0F3022080F0B2
:10D400000701042928BF3946033806FA01F138BF5D
:10D41000284622EA010101FA00F04EF21942000109
:10D42000CEF2000250701868C0F3022080F00701AD
:10D43000042938BF0F46033806FA07F138BF2846DB
:10D4400029EA010101FA00F0000110704EF200100B
:10D45000CEF200004FF0007101604FF0806101607A
:10D46000002141F293102491CDE922112190ADF8D1
:10D4700088108DF88B10A4F1240020A9CDF880909D
:10D480000025FDF719FE41F24000C4F202000068D9
:10D4900054F8040C062169F3934044F8040C64200A
:10D4A000606354F8040C224661F3175044F8040CEE
:10D4B00054F8040C20F4403044F8040CA06820F424
:10D4C0008060A060206840F480702060206820F4B4
:10D4D00000702060206820F480602060206820F4C4
:10D4E0000060206054F8200C20F4805044F8200C98
:10D4F00054F8200C20F4005044F8200CA06820F0D0
:10D50000F000A06044F630040495CDE90255C2F263
:10D510000004207B18B9207F002800F0C1814EF65E
:10D520009D10C0F6000000F017FE43F20005C4F2A3
:10D5300000050FF6CC30294600F00EFE4EF63F40B7
:10D540004EF64141C0F60000C0F6000100F004FEB6
:10D550004EF60C5ACEF2000A28690C2161F307102E
:10D560002861286920AC20F00F002861286842F269
:10D570000C0640F04000286028682C2140F0200074
:10D5800028602046C4F20206FBF7A1F840F2021020
:10D59000C0F2010020900720CFF6FF700027CDF8E1
:10D5A000860000202146ADF88470FCF7EBF841F2CC
:10D5B000400105F12400C4F20201C1F8C00F306837
:10D5C000432120F04060306044F63610C2F2000083
:10D5D00046F8080C3068A94620F04050306056F8F4
:10D5E000040C44F2B82561F30B0046F8040CC2F2B7
:10D5F00000052878297900F00102114304BF40F0AA
:10D6000001002870706820AC40F001007060204676
:10D610002C21FBF75CF80120C0F2001020904FF69F
:10D62000FF70ADF886000620ADF888000120214685
:10D63000ADF88470FCF7A6F8287895F8201000F073
:10D640000202114304BF40F002002870306A042730
:10D6500020F04060306209F12000B061306A4FF084
:10D66000FF3220F040503062D9F83400022420F01C
:10D670000100C9F83400DAF80000D146C0F30220F6
:10D6800080F00701042928BF3946033802FA01F166
:10D690004FF0000A38BF504624EA010101FA00F0B9
:10D6A0004EF219410001CEF2000145F2000501F8E9
:10D6B000160C20A84021C4F20105CDE902AACDE94B
:10D6C00004AACDF818A0CDF81BA0FBF700F8202085
:10D6D000CDE9210A01208DF890004FF420202590FB
:10D6E000FF204FF430218DF88CA026908DF89CA05F
:10D6F0008DF8A040CDE9291003208DF8B0004AF63E
:10D7000055208DF8ACA0CDE92D0A8DF8BCA0CDE94F
:10D71000310A2C982F99309044F28830C2F20000E0
:10D72000C0688DF8C07044F2101733913190C2F286
:10D73000000797F8540097F85C10084397F86C10AE
:10D74000C0B2084397F87C1097F88C200843104328
:10D7500015D04EF68510C0F6000000F0FDFC0FF667
:10D76000C410294600F0F8FC4EF63F404EF6414109
:10D77000C0F60000C0F6000100F0EEFCFBE287F806
:10D78000544087F85C4087F86C4087F87C4087F805
:10D790008C40019E4FF480701AAC1A904F464FF0A7
:10D7A0000A0930462146CDF86DA08DF86C90FCF743
:10D7B0008FFE4FF400701A90304621468DF86C9021
:10D7C000FCF786FE48F2E470C3F6AC70CBF80000BC
:10D7D0005BF82C0C4FF0010940F020004BF82C0CAA
:10D7E0005BF8340C042240F480404BF8340C5BF8B6
:10D7F0001C0C4FF0FF3340F020004BF81C0CCBF812
:10D800000090386841F24004C0F3022080F0070124
:10D81000042928BF1146033803FA01F138BF5046E6
:10D8200022EA010101FA00F04EF219410001CEF2A4
:10D83000000101F80E0C2868C4F2020440F0100048
:10D840002860286A00F470302862206800F47F00A5
:10D85000B0F5003F40F27C8144F26430C2F2000037
:10D860000068800740F174816868022161F31750F5
:10D870006860686861F31B606860686861F31F70C6
:10D8800068602868C00600F1F1804EF68510C0F689
:10D89000000000F061FC4EF66420C0F60000F4E0E9
:10D8A00043F20005C4F2000528684FF0000920F09B
:10D8B000010028600220207320774FF4C060209080
:10D8C00044F20000082620A9C4F20200CDF8859099
:10D8D0008DF88460FCF7FCFD48F2E470C3F6AC7090
:10D8E000CBF800005BF8300C4EF2001140F008005D
:10D8F0004BF8300C5BF8200CCEF2000140F0080031
:10D900004BF8200C0120CBF800000E604EF60C5AAC
:10D91000CEF2000ADAF800100423C1F3022181F0EC
:10D920000702042A28BF1A46CF1E4FF0FF3101FA22
:10D9300002F223EA020238BF4F46BA404EF21943C0
:10D940001201CEF2000303F8162C2A684FF6FF737B
:10D9500042F010022A602A6842F008022A602A680F
:10D9600022F480622A602A6822F400722A606A68BF
:10D9700022F080026A602A6922F00F022A612A6975
:10D9800022F0F0022A612A6B9A432A632A6822F461
:10D9900080722A602A6822F080022A602A6822F4B3
:10D9A00000622A6041F24002C4F20202126802F4EC
:10D9B0007F02B2F5003F0AD944F26432C2F200029B
:10D9C0001268520303D52A6822F480422A606A68EA
:10D9D00004F1200C22F008026A606A6822F0040256
:10D9E0006A606A6842F003026A606A6822F4803200
:10D9F0006A6044F20002C2F2000212685BF8503C16
:10DA0000C3F303230133B2FBF3F24BF2C53302F548
:10DA10006142C9F2A213A2FB0323AA68C2EA23420D
:10DA2000AA602A6822F480522A60207320774BF281
:10DA3000E150C0F600004BF2DD52049EC0F6000239
:10DA4000DDE902378CE88D00FF2026636073607784
:10DA5000A963286840F004002860286840F00200AC
:10DA60002860286840F00100286075E52068C0F350
:10DA70000740022816D84EF68510C0F6000000F0C8
:10DA80006BFB4EF6FE10C0F6000000F0B7FD4EF640
:10DA90003F404EF64141C0F60000C0F6000100F0E4
:10DAA0005BFB13E0686A20F002006862686A20F09D
:10DAB00001006862A86A60F06040A862686A20F0AD
:10DAC00080006862686A20F0400068622868C006CA
:10DAD0000AD44EF68510C0F6000000F03DFB4EF66D
:10DAE0006420C0F600000EE02068C0F30740022862
:10DAF00016D84EF68510C0F6000000F02DFB4EF64D
:10DB0000A710C0F6000000F079FD4EF63F404EF63B
:10DB10004141C0F60000C0F6000100F01DFB13E01B
:10DB2000686A20F002006862686A20F0010068629A
:10DB3000A86A60F06040A862686A20F080006862AD
:10DB4000686A20F040006862286840F4004028605D
:10DB500068695F2161F3070068612869062161F344
:10DB60000500286128694EF6851A69F30C202861A2
:10DB700028694EF6282B69F31340286128684EF671
:10DB80003F474EF6414420F480200026C0F6000AAC
:10DB9000C0F6000BC0F60007C0F6000428600CE0D9
:10DBA000504600F0D9FA584600F028FD3846214684
:10DBB00000F0D2FA0136102E33D02868C006EFD517
:10DBC000686B20F00F0030436863686B40F0200002
:10DBD0006863A86B00F06040A863A86B20F0C040A9
:10DBE000A863686B20F020006863A86B00F06040B9
:10DBF000A86341F24000C4F20200006800F47F0014
:10DC0000B0F5003F07D9E86B69F30710E863E86BEC
:10DC100069F30300E863286B09FA06F18843286377
:10DC2000C8E74EF628294EF63F4A4EF6414B0027EC
:10DC3000C0F60009C0F6000AC0F6000B01260FE08E
:10DC400042F01001E963E96B66F30301E96300BF89
:10DC5000296B06FA00F0084328631037502F58D07C
:10DC60002868C0060ED44EF68510C0F6000000F0FD
:10DC700073FA484600F0C2FC5046594600F06CFA70
:10DC8000EBE700BF20AB696BD85D60F3030169630C
:10DC90006A6BD91942F020026A63AA6BD1E9013498
:10DCA000520F62F35F74AC63AA6B0C7B22F0C0422C
:10DCB00004F0030442EA4472AA636A6B22F0200271
:10DCC0006A63AA6B520F62F35F7341F24002AB6367
:10DCD000C4F20202126802F47F02B2F5003FB7D923
:10DCE00044F26432C2F2000212689207B0D54A7B55
:10DCF000EB6B002A23F0F002A2D08B7BC97B03F0F0
:10DD00000F0342EA0312EA63EA6B61F30302EA6378
:10DD10009EE728680C2220F0100028602968012066
:10DD200060F31F712960296862F31B61296041F269
:10DD30004001C4F20201096811F47E0F03D0296882
:10DD400021F40051296044F210174FF0FF31C2F264
:10DD50000007E96087F8540087F85C0087F86C00DA
:10DD600087F87C0087F88C0002A8C11C07F194009A
:10DD70001422FAF785FC44F67C14C2F2000440F247
:10DD8000000944F2E83648F2000A4AF2240B201D4A
:10DD90005821C4F2C829C2F20006C4F2030AC4F230
:10DDA000020BFAF794FC802020212560C4E90310BF
:10DDB0008820A06197F86C00012812D1042087F810
:10DDC0006C0048F61D30C0F60000386704F11C00F6
:10DDD000786604F11400B866A86840F08000A86076
:10DDE00016E04EF68510C0F6000000F0B5F94EF6CC
:10DDF000C400C0F60000294600F0AEF94EF63F40E0
:10DE00004EF64141C0F60000C0F6000100F0A4F952
:10DE100040F2001040F20451C0F20230C0F206712C
:10DE2000C6E9C501A86844F2001140F08000A8606E
:10DE3000C2F2000141F2820346F20B408122C0F29D
:10DE40001A73A1F80D0000204A70C1F80930C87398
:10DE500044F2D831C2F200014A7048F20B42C1F8D4
:10DE60000930A1F80D20C873832186F8D2128421CD
:10DE700086F8DA12852186F8E212862186F8F212F7
:10DE8000BE2186F8EA12872186F89A12882186F840
:10DE9000A212892186F8AA128A2186F8B2128B2151
:10DEA00086F8BA128C2186F892128D2186F8C21259
:10DEB0008E2186F8CA1244F26801C2F2000149F2CA
:10DEC000DA624FF62305C3F6197249F2DA634FF6A8
:10DED000C627C3F67F7501F1200CCBF61973CBF67C
:10DEE000FF778CE88C00CD62C1E90D00C1E90F001D
:10DEF0004FF0FF31C8F81410D6F8A8100022C6F869
:10DF0000B8100021C4F27A41C4F22012A6F8A6008B
:10DF100086F80E0186F88400C6F85401C6F8AC00F5
:10DF2000C6E96D12B6F8441186F85E02C6F87802AA
:10DF30000A0786F87C025CBF21F00801A6F84411AC
:10DF400021F002010122A6F8441144F2000186F8F2
:10DF50004821C6F85002C6F84402C4F2020108681B
:10DF60009FED791A40F40040086096ED7D0A41F279
:10DF7000921220EE010ABCEEC00A10EE101A88B20E
:10DF80009042A6F80C1102D941F2931002E0022847
:10DF900002D80220A6F80C01CBF834000020C4F20D
:10DFA000A000C6E98E900020C4F240100021C6F8FF
:10DFB00058030020C4F2C81186F86803C6E9DB01E3
:10DFC000012086F875020020C4F28810C6F8EC0023
:10DFD000DAF800004BF2000240F00400CAF800003A
:10DFE000DAF80004C4F2030240F00400CAF80004A6
:10DFF000DAF8000840F00400CAF800084FF20010F8
:10E00000CFF6FF70115841F00101115048F20001A4
:10E01000C4F20001C86840F40070C8600868800756
:10E0200003D4C86840F48070C860086840F00100FC
:10E0300008604BF20401C4F20301086840F4C81000
:10E04000086049F20001C4F20001C86840F40070A1
:10E05000C8600868800703D4C86840F48070C8604E
:10E06000086840F0010008600021C4F20301C8689C
:10E0700040F40070C8600868800703D4C86840F4A2
:10E080008070C860086840F0010008605BF8180CF8
:10E0900040F400704BF8180C5BF8240C800705D492
:10E0A0005BF8180C40F480704BF8180C5BF8240CEB
:10E0B00040F001004BF8240C62B600BFFEE74EF6BC
:10E0C0009110C0F6000000F047F84EF6FF00C0F6D1
:10E0D000000041464A4600F03FF84EF63F404EF6FB
:10E0E0004141C0F60000C0F6000100F035F848F2EA
:10E0F000E470C3F6AC70CBF80000FDF775BE00BF4E
:10E100005468697320554152545B30782530387813
:10E110005D2069736E2774206265696E6720757370
:10E1200065640A00546869732043414E5B3078256A
:10E130003038785D206973206265696E6720757379
:10E140006564210A00000000D4BC364340F2710C23
:10E15000C1F2000C604700000FB4054B10B503A9D5
:10E16000044A029800F018F810BC5DF814FB000097
:10E170000DB80008AC40002002E008C8121F08C11A
:10E18000002AFAD170477047002001E001C1121F38
:10E19000002AFBD1704700002DE9FF4F8DB00F46DC
:10E1A0000546002606E025280BD0DDE90F12904732
:10E1B0006D1C761C28780028F5D111B03046BDE8DA
:10E1C000F08F0024A246A1460122EC4900E004435E
:10E1D00015F8013F203B02FA03F00842F7D12878F6
:10E1E0002A2810D06FF02F022878A0F130010929D9
:10E1F00014D80AEB8A0102EB410144F0020400EB5F
:10E20000010A6D1CF0E701CF5FEA000A03D544F470
:10E210000054CAF1000A44F002046D1C28782E282C
:10E2200017D115F8010F44F004042A280ED06FF01E
:10E230002F022878A0F1300109290AD809EB8901B9
:10E2400002EB410100EB01096D1CF2E757F8049B5A
:10E250006D1C28786C280FD006DC4C2817D0682855
:10E260000DD06A2814D104E0742810D07A280FD178
:10E270000DE044F400140AE044F4801401E044F496
:10E2800040146978814202D104F580146D1C6D1C24
:10E290002A786E2A1FD00CDC632A31D004DC002AD5
:10E2A0008BD0582A11D1A3E0642A68D0692A0CD1F6
:10E2B00065E0732A2ED004DC6F2A73D0702A04D153
:10E2C0009BE0752A6FD0782A6ED01046DDE90F12D8
:10E2D0009047761C50E1C4F30250022806D0032870
:10E2E00009D0042801CF09D0066045E101CFF1171C
:10E2F000C0E9006140E101CF06803DE106703BE1ED
:10E3000017F8040B8DF8000000208DF80100EB4693
:10E31000012003E057F804BB4FF0FF3061074FF0D6
:10E32000000102D40DE008F10101884649450FDAE9
:10E330008045F8DB1BF808100029F4D108E008F14B
:10E34000010188468142FADB1BF808100029F6D14A
:10E35000DDE90F23AAEB08008146214600F036F9DB
:10E36000304400EB080604E0DDE90F121BF8010B56
:10E370009047B8F10108F7D221464846F7E00A2154
:10E38000C4F302534FF0000B0891022B04D001CFCD
:10E39000C117032B09D00AE0FF1D27F00707F7E894
:10E3A000020108E032E01FE020E000B2C117042BB8
:10E3B00001D140B2C117031E71F1000307DA4FF01B
:10E3C000000CD0EB0C006CEB01012D2302E02305C7
:10E3D00004D52B238DF82430012303E0E30701D07B
:10E3E0002023F7E7984658E00A2110E010210EE0BC
:10E3F00010204FF0000B08900CE010214FF0000BA4
:10E4000044F004044FF00809089103E008214FF09C
:10E41000000B0891C4F30253022B04D001CF00215A
:10E42000032B06D006E0FF1D27F00707F7E80201DF
:10E4300003E080B2042B00D1C0B24FF000082307E4
:10E440002BD5702A07D0DDF820C08CF0100C5CEAC8
:10E450000B0C05D00EE040238DF82430012308E09A
:10E4600050EA010306D030238DF824308DF82520A2
:10E4700002239846DDF820C08CF0080C5CEA0B0CF7
:10E480000BD150EA010301D1630706D530238DF883
:10E4900024304FF00108A9F10109582A04D038A20C
:10E4A0000B9208AA0A920BE03AA2F9E75B46089A97
:10E4B000F9F78DFE0B9B9B5C0A9A521E0A92137011
:10E4C00050EA0102F2D10A98ADEB000000F1200BF6
:10E4D000600702D524F4803401E04FF00109D945EA
:10E4E00002DDA9EB0B0000E0002000EB0B01414432
:10E4F0000890AAEB010AE00306D4DDE90F232146C8
:10E50000504600F063F806444FF0000908E009A9FE
:10E5100011F80900DDE90F12904709F10109761C95
:10E52000C145F4DBE0030CD5DDE90F23214650465D
:10E5300000F04CF8064404E0DDE90F12302090476B
:10E54000761C0899481E08900029F5DC08E00A9816
:10E550000A990078491C0A91DDE90F129047761C50
:10E56000BBF10001ABF1010BF1DC21465046DDE9C6
:10E570000F2300F019F806446D1C1BE60928010062
:10E580003031323334353637383961626364656629
:10E5900000000000303132333435363738394142EB
:10E5A00043444546000000002DE9F04104460025A3
:10E5B0001E461746880404D405E039462020B0479B
:10E5C0006D1C641EF9D52846BDE8F0812DE9F041A7
:10E5D000044600251E469046C80301D5302700E0BA
:10E5E0002027880404D505E041463846B0476D1C15
:10E5F000641EF9D52846BDE8F081000010B5044638
:10E6000001E0AFF3008014F8010B04490028F8D1B1
:10E61000BDE810400A20FDF7F9B80000AC4000202A
:10E620000000000000127A00002A75150100160093
:10E6300000800000030000000200000000127A00C9
:10E640000057A6160100170000C0000003000000DC
:10E650000200000000127A000084D71701001900A0
:10E6600000000000030000000200000000127A0019
:10E6700000B1081901001A0000400000030000006A
:10E680000200000000127A0000DE391A01001B00AF
:10E6900000800000030000000200000000127A0069
:10E6A000000B6B1B01001C0000C0000003000000F9
:10E6B0000200000000127A0000389C1C01001E00BD
:10E6C000000000000300000002000000001BB70073
:10E6D000002A751501000F00000000000300000073
:10E6E00002000000001BB7000057A61601000F0033
:10E6F00055D500000300000002000000001BB70019
:10E700000084D71701001000AAAA0000030000002F
:10E7100002000000001BB70000B108190100110041
:10E72000008000000300000002000000001BB70092
:10E7300000DE391A010012005555000003000000E8
:10E7400002000000001BB700000B6B1B0100130050
:10E75000AA2A00000300000002000000001BB7000E
:10E7600000389C1C010014000000000003000000A1
:10E770000200000000127A0000E1F5050100060029
:10E7800000400000000000000200000000127A00BB
:10E7900080778E060100060000E000000000000007
:10E7A0000200000000127A00000E27070100070097
:10E7B00000800000000000000200000000127A004B
:10E7C00080A4BF0701000800002000000000000036
:10E7D0000200000000127A00003B58080100080007
:10E7E00000C00000000000000200000000127A00DB
:10E7F00080D1F00801000900006000000000000066
:10E800000200000000127A000068890901000A0075
:10E8100000000000000000000200000000127A006A
:10E8200080FE210A01000A0000A000000000000094
:10E830000200000000127A000095BA0A01000B00E5
:10E8400000400000000000000200000000127A00FA
:10E85000802B530B01000B0000E0000000000000C3
:10E860000200000000127A0000C2EB0B01000C0055
:10E8700000800000000000000200000000127A008A
:10E880008058840C01000D000020000001000000F1
:10E890000200000000127A0000EF1C0D01000D00C4
:10E8A00000C00000010000000200000000127A0019
:10E8B0008085B50D01000E00006000000100000021
:10E8C00002000000546869732043414E5B30782594
:10E8D0003038785D2052782069736E277420696E15
:10E8E0002052454144592073746174652C20636142
:10E8F0006E2774207374617274205278210A004468
:10E900006F6E2774206D6174636820706C6C305F6B
:10E91000696E5F667265712D5B25755D20746F2071
:10E9200067656E657261746520706C6C305F6F75C1
:10E93000745F667265712D5B25755D2C20706C654A
:10E94000617365206164642074686520636F6E661E
:10E95000696720746F207263755F706C6C5F6366AB
:10E9600067206172726179210A005B45404144432E
:10E97000204C4C5D20005B454045464C41534820AF
:10E980004C4C5D20005B454043414E204C4C5D208B
:10E99000005B4540524355204C4C5D20005B454098
:10E9A000554152545D2000546865206368697020A9
:10E9B0006E6F7420737570706F727420676C6F6205
:10E9C000616C2066696C74657220636F6E6669673E
:10E9D00021005761697420666F7220427573792037
:10E9E0007374617465206572726F72206265666F00
:10E9F0007265206F7065726174696F6E2100546872
:10EA0000652063686970206E6F7420737570706F15
:10EA1000727420676C6F62616C2066696C746572D9
:10EA20002072657365742100416363657074616E63
:10EA300063652066696C74657220726567697374BA
:10EA400065722063616E20636F6E66696720696E10
:10EA500020726573657420737461747573206F6EB2
:10EA60006C792100476C6F62616C2066696C74651B
:10EA7000722072656769737465722063616E2063CA
:10EA80006F6E66696720696E2072657365742073A6
:10EA90007461747573206F6E6C7921002E2E2F2E89
:10EAA0002E2F2E2E2F447269766572732F54414596
:10EAB000333247353878785F4472697665722F5300
:10EAC00072632F746165333267353878785F6C6CA8
:10EAD0005F6164632E63002E2E2F2E2E2F2E2E2F7D
:10EAE000447269766572732F544145333247353825
:10EAF00078785F4472697665722F5372632F746100
:10EB000065333267353878785F6C6C5F65666C6149
:10EB100073682E63002E2E2F2E2E2F2E2E2F447232
:10EB200069766572732F54414533324735387878AA
:10EB30005F4472697665722F5372632F7461653317
:10EB40003267353878785F6C6C5F687270776D2EDD
:10EB500063002E2E2F2E2E2F2E2E2F4472697665B7
:10EB600072732F544145333247353878785F447299
:10EB7000697665722F5372632F746165333267351E
:10EB80003878785F6C6C5F63616E2E63002E2E2F79
:10EB90002E2E2F2E2E2F447269766572732F5441BC
:10EBA00045333247353878785F4472697665722F1D
:10EBB0005372632F746165333267353878785F6CD0
:10EBC0006C5F6770696F2E63002E2E2F2E2E2F2EF6
:10EBD0002E2F447269766572732F54414533324744
:10EBE000353878785F4472697665722F5372632F77
:10EBF000746165333267353878785F6C6C5F636D4C
:10EC0000702E63002E2E2F2E2E2F2E2E2F44726943
:10EC1000766572732F544145333247353878785FC3
:10EC20004472697665722F5372632F746165333253
:10EC300067353878785F6C6C5F746D722E63002571
:10EC40007300000088EC0008000000104C2B00004E
:10EC500078E10008D8170108004000206800000093
:10EC600078E100084018010800000120240000009D
:10EC700078E100084018010868400020D40900002D
:10EC800088E10008000000004BF61C70C4F203008D
:10EC900050F8081C50F80C2C1140890658BF7047DA
:10ECA0000168032241F0C00101604FF0FF310160B3
:10ECB00044F2E831C2F20001B1F8443181F80E218A
:10ECC00043F00402D1F89430A1F844210122C1F8A4
:10ECD000A4205A1CC1F89420002281F898204AF2FE
:10ECE0000021C4F203010A6822F001020A60202117
:10ECF00040F80C1C704700BF2DE9F04184B001388A
:10ED0000432800F2AA84DFE810F044007600A8044B
:10ED1000B100B700A804A804A804A804A804A80483
:10ED2000A804A804A804C100EC0028015C01970114
:10ED30009D01A804A804A804A804A804A804A80481
:10ED4000A804A804A804A804A804A804AD01D2013A
:10ED5000F701A804A804A8046802B502A804A8043E
:10ED6000A804A804A804A8040203350368039B03AD
:10ED7000CE0307043A046D04A804A804A804A80458
:10ED8000A804A804AB04F40447050F065206910535
:10ED9000B30545F20000C4F20100016841F0100122
:10EDA000016000BF00BF00BF00BF00BF00BF00BFC9
:10EDB00000BF00BF00BF00BF00BF00BF00BF00BF5B
:10EDC00000BF00BF00BF00BF00BF016821F01001FD
:10EDD000016044F2E830C2F20000D0F8600344F26F
:10EDE000001120F0604001906FF047000290C2F2E5
:10EDF000000100F0D6BD45F20000C4F20100026837
:10EE0000B1F5302F42F01002026000BF00BF00BF1A
:10EE100000BF00BF00BF00BF00BF00BF00BF00BFFA
:10EE200000BF00BF00BF00BF00BF00BF00BF00BFEA
:10EE300000BF026822F01002026044F2E830C2F221
:10EE40000000D0F8600320F0604001906FF04700B0
:10EE5000029007BF44F2D830C2F2000044F2001022
:10EE6000C2F2000000F1080100F09BBD44F2E8305E
:10EE7000C2F20000002104E044F2E830C2F20000D7
:10EE8000012180F8751204B0BDE8F08144F67C10D1
:10EE9000C2F200008168C9B200EBC102127E12F01A
:10EEA0000C0F00F0DA8300EB8111497F0F2940F04D
:10EEB000D4838168C9B200EB8110C08B00EE100AC8
:10EEC00044F6D810B8EE400AC2F2000080ED080AFD
:10EED00044F2E830C2F2000080ED4A0A04B0BDE816
:10EEE000F08144F67C10C2F200008168C9B200EBE8
:10EEF000C102926902F00F02052AC0F0AE8300EB56
:10EF00008110417F102940F0A883847FC57F90F84D
:10EF1000206010208DF8040001A803218DF8054021
:10EF20008DF8065002F028FCC0B2864240F095836E
:10EF300044EA052000EE100A44F6D810B8EE400A64
:10EF4000C2F2000080ED090A44F2E830C2F200008B
:10EF500080ED4B0A04B0BDE8F08144F6D81145F2CB
:10EF6000AA50C2F20001C5F2AA50C1E9000044F261
:10EF7000B810C2F20000602202F003FC1F2002F071
:10EF800005FC002840F069834FF20004C0F601043C
:10EF900044F2B811C2F2000120464FF4807202F030
:10EFA000FAFBB0F5807F40F0588344F2B811C2F20A
:10EFB000000120464FF4807204B0BDE8F04102F039
:10EFC000EFBB44F6D814C2F200044FF20001C0F6C1
:10EFD00001012046602202F0E8FB44F2E830616C57
:10EFE000C2F20000D4E902E2D4E90437D4E90665AC
:10EFF000C0F83C1394F82810D4E908C8C0E944E2EA
:10F00000C0E94637C0E9486580F84811216BA26C19
:10F01000D4E91537E66DC0F828C1C0F82C81C0F8D6
:10F02000D810C0F8A810C0F8E420C0E9E137C0F853
:10F030008C6304B0BDE8F08144F6D810C2F2000041
:10F04000012104E044F6D810C2F20000002180F84B
:10F05000281044F2E830C2F2000080F8481104B0F1
:10F06000BDE8F08144F67C10C2F200008168C9B2AC
:10F0700000EBC102127E12F00C0F00F0EE8200EBEA
:10F080008111497F222940F0E8828168C9B200EBF2
:10F090008110C08B00EE100A44F2E830B8EE400A4E
:10F0A000C2F2000080ED330A04B0BDE8F08144F6FE
:10F0B0007C10C2F200008168C9B200EBC102127E6E
:10F0C00012F00C0F00F0C98200EB8111497F232957
:10F0D00040F0C3828168C9B200EB8110C08B00EEA2
:10F0E000100A44F2E830B8EE400AC2F2000080EDA7
:10F0F000340A04B0BDE8F08144F67C10C2F200008E
:10F10000816844F2E83400EB8110C2F20004807F91
:10F1100094ED330A94ED341A84F8D400BDEEC00A9D
:10F1200010EE100ABDEEC10A010A10EE102A130AF1
:10F1300024278DF805008DF80610002501A8092167
:10F140008DF80470ADF807508DF809208DF80A305D
:10F15000ADF80B5002F010FB94F8D410C2B29142FB
:10F1600084F8D50040F0748494ED330A9FEDE71ADB
:10F17000B7EE002A20EE010AB4EE420AF1EE10FAD0
:10F1800040F36B8494ED343A23EE011AB4EE421A44
:10F19000F1EE10FA40F3618494ED2A2A44F6D81077
:10F1A00022EE012A82EE002A30EE410A9FEDD81AA3
:10F1B000C2F2000080ED120A84ED390A32EE011A23
:10F1C00080ED0C2A80ED111A84ED362A84ED2A2A6E
:10F1D00084EDCF1A04B0BDE8F08144F67C10C2F291
:10F1E00000008168C9B200EBC102926902F00F020F
:10F1F000072AC0F0328200EB8110417F282940F0BD
:10F200002C8290F81E80C57F90F8206090F82170C5
:10F2100090F8224028208DF8040001A805218DF8DF
:10F2200005808DF806508DF807608DF8087002F0A3
:10F23000A3FAC0B2844240F0108248EA052040EAB6
:10F24000064040EA076000EE100A9FEDB21AB8EEE1
:10F25000400A44F6D81020EE010AC2F2000080ED08
:10F26000150A44F2E830C2F2000080EDE10A04B071
:10F27000BDE8F08144F67C10C2F200008168C9B29A
:10F2800000EBC102926902F00F02072AC0F0E5818B
:10F2900000EB8110417F292940F0DF8190F81E802A
:10F2A000C57F90F8206090F8217090F822402920C6
:10F2B0008DF8040001A805218DF805808DF8065011
:10F2C0008DF807608DF8087002F056FAC0B28442DB
:10F2D00040F0C38148EA052040EA064040EA076062
:10F2E00000EE100A9FED8B1AB8EE400A44F6D810D3
:10F2F00020EE010AC2F2000080ED160A44F2E83066
:10F30000C2F2000080EDE20A04B0BDE8F08145F2EF
:10F310000000C4F20100016841F01001016000BF6B
:10F3200000BF00BF00BF00BF00BF00BF00BF00BFE5
:10F3300000BF00BF00BF00BF00BF00BF00BF00BFD5
:10F3400000BF00BF00BF016821F01001016044F65A
:10F350007C10C2F20000816800EB8110007F44F253
:10F36000E831C2F2000181F89902D1F8600301F29C
:10F37000992110E345F20000C4F20100016841F058
:10F380001001016000BF00BF00BF00BF00BF00BF91
:10F3900000BF00BF00BF00BF00BF00BF00BF00BF75
:10F3A00000BF00BF00BF00BF00BF00BF016821F069
:10F3B0001001016044F67C10C2F20000816800EB8D
:10F3C0008110007F44F2E831C2F2000181F8A1020D
:10F3D000D1F8600301F2A121DDE245F20000C4F2A0
:10F3E0000100016841F01001016000BF00BF00BFD3
:10F3F00000BF00BF00BF00BF00BF00BF00BF00BF15
:10F4000000BF00BF00BF00BF00BF00BF00BF00BF04
:10F4100000BF016821F01001016044F67C10C2F2C7
:10F420000000816800EB8110007F44F2E831C2F2F5
:10F43000000181F8A902D1F8600301F2A921AAE232
:10F4400045F20000C4F20100016841F010010160C2
:10F4500000BF00BF00BF00BF00BF00BF00BF00BFB4
:10F4600000BF00BF00BF00BF00BF00BF00BF00BFA4
:10F4700000BF00BF00BF00BF016821F010010160A4
:10F4800044F67C10C2F20000816800EB8110007F1E
:10F4900044F2E831C2F2000181F8B102D1F8600310
:10F4A00001F2B12177E245F20000C4F201000168E7
:10F4B00041F01001016000BF00BF00BF00BF00BFEE
:10F4C00000BF00BF00BF00BF00BF00BF00BF00BF44
:10F4D00000BF00BF00BF00BF00BF00BF00BF01688A
:10F4E00021F01001016044F67C10C2F20000816836
:10F4F00000EB8110007F44F2E831C2F2000181F894
:10F50000B902D1F8600301F2B92144E26F12833AE3
:10F51000000040C20AD7233C45F20000C4F20100BB
:10F52000016841F01001016000BF00BF00BF00BFD3
:10F5300000BF00BF00BF00BF00BF00BF00BF00BFD3
:10F5400000BF00BF00BF00BF00BF00BF00BF00BFC3
:10F55000016821F01001016044F67C10C2F2000045
:10F56000816800EB8110007F44F2E831C2F20001B3
:10F5700081F89102D1F8600301F291210BE245F28A
:10F580000000C4F20100016841F01001016000BFF9
:10F5900000BF00BF00BF00BF00BF00BF00BF00BF73
:10F5A00000BF00BF00BF00BF00BF00BF00BF00BF63
:10F5B00000BF00BF00BF016821F01001016044F6E8
:10F5C0007C10C2F20000816800EB8110007F44F2E1
:10F5D000E831C2F2000181F8C102D1F8600301F202
:10F5E000C121D8E145F20000C4F20100016841F0F8
:10F5F0001001016000BF00BF00BF00BF00BF00BF1F
:10F6000000BF00BF00BF00BF00BF00BF00BF00BF02
:10F6100000BF00BF00BF00BF00BF00BF016821F0F6
:10F620001001016044F67C10C2F20000816800EB1A
:10F630008110007F44F2E831C2F2000181F8C90272
:10F64000D1F8600301F2C92120F0604001906FF011
:10F650004700029001A802F0ADF804B0BDE8F081C7
:10F6600045F20000C4F20100016844F2E83241F0C2
:10F670001001016000BF00BF00BF00BF00BF00BF9E
:10F6800000BF00BF00BF00BF00BF00BF00BF00BF82
:10F6900000BF00BF00BF00BF00BF00BF0168C2F2D3
:10F6A000000221F01001016044F67C10C2F200005B
:10F6B000816892ED4A0A00EB8110007F92ED4B1AAF
:10F6C00082F8E902BDEEC00A10EE100ABDEEC10AD2
:10F6D00010EE103A070A82F8EB02180A82F8EE02DE
:10F6E000D2F8600302F2E92182F8EC7282F8ED327E
:10F6F00051E145F20000C4F20100016844F2E83231
:10F7000041F01001016000BF00BF00BF00BF00BF9B
:10F7100000BF00BF00BF00BF00BF00BF00BF00BFF1
:10F7200000BF00BF00BF00BF00BF00BF00BF016837
:10F73000C2F2000221F01001016044F67C10C2F216
:10F740000000816892ED460A00EB81109FEDC61A19
:10F75000007F92ED442A20EE010A82F8D102BDEE2C
:10F76000C00A10EE100A22EE010ABDEEC00A10EE29
:10F77000103A1F0A82F8D3324CF60873A2F8D53239
:10F78000030A82F8D832D2F8603302F2D12182F82B
:10F79000D47282F8D70246E045F20000C4F20100BC
:10F7A000016844F2E83241F01001016000BF00BF7F
:10F7B00000BF00BF00BF00BF00BF00BF00BF00BF51
:10F7C00000BF00BF00BF00BF00BF00BF00BF00BF41
:10F7D00000BF00BF0168C2F2000221F01001016009
:10F7E00044F67C10C2F20000816892ED480A00EBFA
:10F7F0008110007FB2EE041A20EE010A82F8D902CD
:10F80000BDEEC00A10EE100AAA23A2F8DB32030AEA
:10F8100082F8DE32D2F8603302F2D92182F8DD02BA
:10F82000A020A2F8DF0223F06040B6E044F67C108E
:10F83000C2F200008168C9B200EBC102926902F015
:10F840000F02072AFFF409AF00EB8110417F432923
:10F850007FF403AFD0F81E0043218DF80410CDF8DB
:10F86000050001A8052101F087FF04B0BDE8F08183
:10F8700045F20000C4F20100016844F2E83241F0B0
:10F880001001016000BF00BF00BF00BF00BF00BF8C
:10F8900000BF00BF00BF00BF00BF00BF00BF00BF70
:10F8A00000BF00BF00BF00BF00BF00BF0168C2F2C1
:10F8B000000221F01001016044F67C10C2F2000049
:10F8C000816892ED2A0A00EB81109FED672A007F84
:10F8D00092ED2B1A20EE020A82F8F10292ED363AEE
:10F8E000BDEEC00A10EE100A21EE020ABDEEC00AFB
:10F8F00010EE103A23EE020ABDEEC00A10EE107AA6
:10F90000060A82F8F302380A82F8F602180A82F828
:10F91000F802D2F8600302F2F12182F8F46282F870
:10F92000F57282F8F73236E045F20000C4F20100C9
:10F93000016841F01001016000BF00BF00BF00BFBF
:10F9400000BF00BF00BF00BF00BF00BF00BF00BFBF
:10F9500000BF00BF00BF00BF00BF00BF00BF00BFAF
:10F96000016821F01001016044F67C10C2F2000031
:10F97000816800EB8110007F44F2E831C2F200019F
:10F9800081F8E102BE20C0F2E600C1F8E302D1F83E
:10F99000600301F2E12120F0604001906FF0470028
:10F9A000029001A801F006FF04B0BDE8F08144F622
:10F9B0007C10C2F200008168C9B200EBC1029269FA
:10F9C00002F00F02072AFFF448AE00EB8110417FDE
:10F9D00042297FF442AE90F81E80C57F90F82060E7
:10F9E00090F8217090F8224042208DF8040001A880
:10F9F00005218DF805808DF806508DF807608DF88B
:10FA0000087001F0B9FEC0B284427FF426AE48EA25
:10FA1000052040EA064040EA076000EE100A9FED2C
:10FA2000131AB8EE400A44F6D81020EE012AC2F2AA
:10FA3000000080ED172A44F2E830C2F2000020EE08
:10FA4000410A80ED852A80ED870A04B0BDE8F08187
:10FA5000C4E9335504B0BDE8F0810020C4E93300A7
:10FA600004B0BDE8F08100BF00007A440AD7233C0F
:10FA700044F2E830C2F20000D0F85C31B0F8441132
:10FA8000032B0DD311F008020AD1D0F89C2021F0ED
:10FA900002010132A0F84411C0F89C20002302E0CA
:10FAA000D0F89C2001330029C0F85C3118BF7047A2
:10FAB000052A64D800214AF20022C0F8A410C4F23A
:10FAC000030213689FED2E1A43F0010313604BF6F7
:10FAD0001C72C4F203024FF0FF331360D0F8A82069
:10FAE0000023C0F8B8200022C4F27A42C4F22013E6
:10FAF00080F80E1180F88410C0F85411C0F8AC10D2
:10FB0000C0E96D23B0F8442180F85E12C0F8781285
:10FB1000130780F87C125CBF22F00802A0F8442191
:10FB20000123C0F8501222F00202C0F8441244F23D
:10FB3000000180F84831A0F84421C4F202010A68AB
:10FB400041F2921342F400420A6090ED7D0A20EEE9
:10FB5000010ABCEEC00A10EE102A91B29942A0F838
:10FB60000C2102D941F2931102E0022902D80221AC
:10FB7000A0F80C114AF25800C4F20200016070476C
:10FB8000D4BC364300BF00BF2DE9F04F81B02DED4E
:10FB9000068B48F21000C4F2000050F8041C8905DE
:10FBA00044BF01685FEA815104D4BDEC068B01B00B
:10FBB000BDE8F08F4FF4007144F2E8390160C2F201
:10FBC000000999F8300338B941F20400CEF2000080
:10FBD00000210160C9F81C1340F22000C2F20100AC
:10FBE000B0F9000040F2180200EE100A40F20800DE
:10FBF000C2F20100B8EEC01AB0F90000C2F2010270
:10FC000000EE100A89ED141A9FEDE62AB8EEC00A3C
:10FC100099F8180099F83C10B2F9002020EE020A79
:10FC2000013002EE102A09EB8102013100F00300DD
:10FC300001F0030189ED020A89F81800B8EEC22A22
:10FC400089F83C1040F210019FEDD73AC2F2010151
:10FC50009FEDD64AB1F9001022EE032A82ED082A60
:10FC600032EE049A02EE101A89ED079AB8EEC22A13
:10FC700022EE032A99ED1A3A32EE042AB6EE084A29
:10FC800023EE043A32EE032A9FEDC93A89ED1A2A8F
:10FC900022EE032A9FEDC73A99ED1B5A32EE032A52
:10FCA000B5EE402A25EE043A9FEDC3AAF1EE10FA14
:10FCB00033EE093AB5EE004AB8BFB0EE4A2A89EDF4
:10FCC0001B3A23EE043A012889ED7D3A89ED7E2A1C
:10FCD00020D000284DD199ED112AB6EE0E3A22EE31
:10FCE000032A9FEDB63A32EE011A21EE032A89ED7E
:10FCF000102A9FEDB32A9FEDB33A89ED111A21EE38
:10FD0000021A31EE031ABDEEC11A11EE100A89F87B
:10FD1000480099E040F20000C2F20100B0F9000092
:10FD20009FEDA92A01EE100AB8EEC11A99ED163A14
:10FD30009FEDA64A21EE021A23EE042A9FEDA43A73
:10FD400031EE021A21EE032A89ED152A9FEDA12A30
:10FD50009FEDA13A21EE022A32EE032A9FED9F3A4F
:10FD600089ED161A22EE011A31EE031A89EDCE1A28
:10FD70006AE0032868D199F86803002864D1D9F8AB
:10FD8000640301300628C9F864035DD346F2040019
:10FD9000C4F20200006899F85C1360F3000145F2B8
:10FDA000000089F85C13C4F20200406860F341016E
:10FDB00044F2000089F85C13C4F202004068C009F4
:10FDC00060F382014FF0FF3050FA81F0062889F885
:10FDD0005C1309D8DFE800F0040B10151A1F24008B
:10FDE0000120C0F20A001FE04FF420201CE0012097
:10FDF000C0F20A00013017E00120C0F20A00023010
:10FE000012E00120C0F20A0003300DE00120C0F230
:10FE10000A00043008E00120C0F20A00053003E0C7
:10FE20000120C0F20A000630C9F86003012089F8F9
:10FE300068034EF20010CEF200004FF40061016042
:10FE400099ED020A99ED079A9FED651A9FED652AD3
:10FE500020EE010A99F9485030EE028ABFEE000AFE
:10FE600089ED018A89ED3D9A89ED2C8A39EE000AE7
:10FE7000002D48BFB0EE409AB5EE409A99F9700255
:10FE8000F1EE10FAB8BFB0EE4A9A002889ED3C9A1C
:10FE900006D4013018EE102A89F8700200F06EBF07
:10FEA00018EE100A01F08BFC9FED4F0BD9F8306172
:10FEB00053EC102B01F088FC002818BF701C0B2895
:10FEC000C9F8300105D3B9F8440140F00100A9F8A0
:10FED000440199F80EE1BEF1020F26D199ED460AD0
:10FEE000D9F85401B4EE408A0130F1EE10FA4FF027
:10FEF0000003C9F85401D9F83411B8BF4B1C642869
:10FF00004FF0000298BF1346652BC9F834310AD36D
:10FF1000B9F844114FF0030E41F0020189F80EE1E7
:10FF2000A9F8441101E04FF0020EB9F844114A0754
:10FF300018D4B3EE020AB4EE409AF1EE10FA2DDDB9
:10FF4000B3EE030AB4EE409AF1EE10FA68DDD9F888
:10FF500090200132022AC9F8902024BF0122C9F85A
:10FF6000942060E0D9F8382147F641630132C0F2AD
:10FF700005039A42C9F83821C0F08780D9F8A0203B
:10FF80000132C9F8A02009D2D9F89C2021F004013F
:10FF90000132A9F844110021C9E927210021C9F83B
:10FFA000381172E0B647F13B0000683BF6288CC080
:10FFB0003BDF9F3E764F1EBF000000000000803DEB
:10FFC00017BCE8BA33B318439A99B93900007E3F99
:10FFD0000000003C448B70BA3333233F000050C212
:10FFE00068918D3FB81E053ECDCCCCCCCCCC4C40DE
:10FFF000004856460000C842000048426F12833A4B
:020000040801F1
:10000000CDCCCC3D3D8DB03ECB3D0DBD00009643EB
:1000100000002042000048430000AA430000A04224
:100020000022C9F89020D9F838315A1C013BC52B61
:10003000C9F8382110D899F86872012389F89830E6
:10004000002F89F8843019BF42F22403C9F85432D2
:100050000023C9F8403202E0002389F898300B2AC7
:1000600013D341F00401A9F8441149F20401C4F288
:10007000030140F63E320A604FF08341C9F8EC10AC
:100080000021C9F83811C9F8901000EE105AB8EEE6
:10009000C00A99ED4A1AB4EE401AF1EE10FA0DDAE0
:1000A000BEF1020F0FD1D9F83C11652908D3B9F878
:1000B000441141F00801A9F8441104E0002100E0D6
:1000C0000131C9F83C11B9F844110A0719D599ED65
:1000D0004B1A0022B4EE401AF1EE10FA0FDD99F837
:1000E000483163B1D9F84021652A07D321F00801CE
:1000F0000022A9F84411C9F83C2100E00132C9F8F6
:10010000402146F20402C4F202021268120416D41C
:1001100099F873220132D3B20B2B89F873221AD3C8
:10012000AEF101030022012BA9F8722213D8B9F80D
:10013000A42011430FD1012189F874120BE099F822
:1001400071120131CAB2332A89F8711224BF4FF4F7
:100150008071A9F8711245F2000CC4F2020CDCF8AF
:100160000420D20603D4002289F890220EE0D9F8A8
:100170008C2241F2893301329A42C9F88C2205D38C
:10018000012289F890220022C9F88C22AEF10102E6
:100190004BF61C78012AC4F2030833D899ED611A92
:1001A0001FED6D0A99ED732AB2EE043AB4EE401ACF
:1001B00031EE034AF1EE10FAB0EE401AB4EE402AE6
:1001C000B8BFB0EE441AF1EE10FAB0EE404A89ED35
:1001D000611A32EE035AB8BFB0EE454ABEF1010FC4
:1001E00089ED734A49D100220023C4F2C822C4F227
:1001F00048231FED802A1FED805AC9F8FC21C9F859
:10020000003242E0002500260C204FF098414FF0CC
:100210004C430022C4F2C825C4F2A00689F8740138
:10022000C9F86021C9E95E21C9E96032C9E96222E1
:10023000C9E96D5689F8BC0144F26800C2F20000B9
:10024000C9F8A821C9E97021C0E90D22C0E90F222F
:10025000322042F22401C9E97232C9E9742289F8D4
:100260008420C9F84022C9E9951089F86822BEF1B6
:10027000030F40F2628300F062BCD9E9E12302EE91
:10028000102A05EE103AC9E97F2399ED7D6A99EDB0
:100290007E7AD9ED820A37EE466A25EE065A89ED56
:1002A0007C6A22EE062A30EE855AB1EE046A4FF0DF
:1002B0007C52B4EE465AC9F814224FF03F42F1EE98
:1002C00010FAC9F81C2289ED8B2A89ED825A06DCC6
:1002D000B9EE046AB4EE465AF1EE10FA03DAB0EE63
:1002E000465A89ED826A1FEDBB6A35EE022A22EE7C
:1002F000062AB6EE005AB4EE452AF1EE10FA89ED60
:10030000862A06DCBEEE005AB4EE452AF1EE10FA5B
:1003100003DAB0EE452A89ED865A99ED2B6A89ED0C
:10032000422A32EE062A32EE482AB0EEC25ABEF116
:10033000010F89ED582A89ED305A19D0BEF1020F0C
:1003400028D11FEDD16AB4EE465AF1EE10FA35DD30
:10035000B0EE086AB4EE465AF1EE10FA2CDA1FED50
:10036000D76A1FEDD77A25EE065A35EE07AA25E0A3
:10037000B0EE005AB4EE456AF1EE10FA0FDA002240
:100380000023C4F29632C4F220231FEDE05A1FED81
:10039000E03A0CE099ED5B5A99ED5C3A23E00022DB
:1003A0000023C4F24832C4F220131FEDE65AC9F804
:1003B0006C21C9F8703116E0B7EE00AA1FEDEA5AB9
:1003C0001FEDEA6A2AEE055A35EE065A2AEE033A7E
:1003D000B1EE046A33EE063A002289ED5B5A89EDEC
:1003E0005C3AC9F84822D9ED650A23EE023A99ED44
:1003F0005E6A99ED5F7A23EE203AD9ED601A33EE0A
:10040000063AB4EE473A25EE025AF1EE10FA4FF0F2
:100410000003B4EE613A4FF0000789ED675AC8BF98
:100420000123F1EE10FAB8BF0127B4EE473AB8BF86
:10043000B0EE613AF1EE10FAC8BFB0EE473A33EED3
:10044000056A3B43B4EE416A002283F00107F1EEF6
:1004500010FA89F8987189ED5E3A02DD01270026CD
:1004600015E099ED631A0027B4EE416AF1EE10FA37
:100470004FF00006B4EE416AB8BF0127A8BF0126BD
:10048000F1EE10FAB8BFB0EE416AB0EE461AB5EE22
:10049000405A89F89961F1EE10FA4FF00006B5EE76
:1004A000403AB8BF0126F1EE10FA4FF00005B5EE64
:1004B000405AB8BF0125F1EE10FA4FF00001B5EE39
:1004C000403AA8BF0121F1EE10FAA8BF01229FED2A
:1004D000E53A114346EA0502B7EE005A1140B0EE84
:1004E000436AB0EE457A89F89A1118BFB0EE456AB2
:1004F000002B18BFB0EE467A002F18BFB0EE437A3B
:1005000099ED3B6A89ED657A99ED6D7AD9ED6E0AC0
:1005100076EE492A27EE226A20EEA27AD9ED770AF2
:1005200089ED621A27EE207AD9ED701AC9ED6A2A90
:1005300089ED796ABDEEC77AB8EEC77A31EE877A6F
:10054000FDEEC71AB8EEE17AD9ED710AF4EE470A6A
:10055000F1EE10FA06DBD9ED720AF4EE470AF1EE7D
:1005600010FA05DDBDEEE07A17EE102A002302E056
:1005700011EE902A012307EE102A89F8E031B8EE37
:10058000C77A89ED707A36EE077AB4EE447AF1EEE6
:1005900010FA4FF0000702DD0126002515E099ED65
:1005A000754A0026B4EE447AF1EE10FA4FF00005D9
:1005B000B4EE447AB8BF0126A8BF0125F1EE10FAC7
:1005C000B8BFB0EE447AB0EE474AB5EE406AF1EEFD
:1005D00010FA4FF0000189F8E151BDEEC44AB8BFEE
:1005E0000121002A4FF000054FF0000048BF01250F
:1005F000F1EE10FAA8BF0120B2F1FF3FC8BF0127FA
:100600003843294300EA010289F8E22116B19FED3F
:10061000955A05E023B992F0010018BF9FED915A59
:1006200089ED775AB3EE015AB4EE459AB8EEC44A52
:10063000F1EE10FA89ED744A08DAD9F88820C92A4F
:100640000AD3012089F88103002009E00020C9F8BD
:10065000880089F8810305E0002089F88103501C97
:10066000C9F88800B4EE441AF1EE10FA0ADD44F23B
:100670006800C2F200000021C0E90D11C0E90F11AD
:10068000012286E0B4EE441AF1EE10FA80F2858081
:1006900044F26800C2F2000090ED095AD0ED100A51
:1006A00090ED084A90ED0A6A90ED0B7A20EE855A9B
:1006B000D0ED0D0AD0ED0E1A24EE024A20EE866A25
:1006C00021EE877AC16B80ED0F2AB0EE002A37EE5B
:1006D000066A35EE044AB4EE429A34EE464AF1EE2A
:1006E00010FA80ED0C4A0164C0ED0E0A80ED0D4A4F
:1006F00013DDB9F874230B2A22D3D9F8502242F221
:100700001170824220D399EDDB2A9FED575A0022C7
:1007100032EE052A89EDDB2A17E0B6EE002AB4EEA8
:10072000429AF1EE10FA26DAB9F87623652A1FD339
:100730000020C9F86C03A9F87403C9F850021AE044
:10074000501CA9F8740305E001320020C9F85022BA
:10075000A9F8760399EDDB2AB7EE005AB4EE452AE4
:10076000F1EE10FAC4BF4FF07E50C9F86C0302E0FE
:10077000501CA9F8760399EDDB2A002224EE022A08
:1007800032EE014AB5EE404AF1EE10FAB8BFB0EED3
:10079000434A89ED904A89F88420B0EE001AB4EEFD
:1007A000419AF1EE10FA13DAB6EE001AB4EE419A5D
:1007B000F1EE10FA1BDAD9F86422C92A39BF501CAD
:1007C000C9F86402002089F85E0209F518720CE08D
:1007D000D9F86022C92A03D3012089F85E0202E019
:1007E000501CC9F8600209F519720020106099EDDB
:1007F000901AB5EE401AF1EE10FABEBF0020C9F80B
:100800004002B0EE431ABEF1010F1DD199F88400E9
:10081000D0B9B4EE401AF1EE10FA1ADC9FED130ACB
:10082000B4EE401AF1EE10FA4DDDBCEEC10A4FF6FF
:10083000104110EE100ABCEEC10ACFF6FF7189ED2F
:10084000950A01EB50023CE0B4EE401AF1EE10FACA
:1008500016DD43F29250C9F85402052341F2D962E1
:100860004DE000BF00000000CDCCCC3D000016469E
:1008700000900046295CA844DCFDA83E00C01B4453
:100880001FED050AB4EE401AF1EE10FA40F31081A4
:10089000BCEEC10A10EE100A42F22401884288BF61
:1008A000014643F29250814228BF01464FF6104064
:1008B000CFF6FF7000EB5102C9F85412642A98BFBA
:1008C000642204231BE01FED150A4FF41650B4EE0A
:1008D000401AF1EE10FAC9F8540240F3FF801FED00
:1008E0001A0A1FED1A2A21EE000A30EE020ABDEEA6
:1008F000C00A10EE102A642AD8BF64220323C9F864
:100900005822052289F86832A9F85C22BEF1000F4E
:1009100019D0BEF1030F00F0128158F8040C40F01A
:10092000300048F8040C012089F8A600501EA9F8F0
:100930005C02BEF1030F00F20281DFE81EF004004A
:1009400050007A000001D9F8780242F21171884211
:1009500005D3012089F87C020020002205E099F8E7
:100960007C12421CB1FA81F040090028C9F87822B3
:1009700040F0348199F87202002800F02F8199F834
:100980009002002800F02A81B9F84401002840F0C4
:10099000258199F87502002800F0208144F20000BA
:1009A00089ED2B8AC4F20200016841F00041016028
:1009B000DCF8000040F40060CCF80000DCF8040033
:1009C000400540F10B81012089F80E0158F8041C04
:1009D00041F0300148F8041C89F8A600F5E099F8C8
:1009E00072020121002889F890125DD099F87502F1
:1009F000002859D0B9F84401002855D199ED2A1A98
:100A000099ED2B0AB4EE410AF1EE10FA80F2CE8095
:100A1000B0EE001A0FF23040B4EE410AF1EE10FAD7
:100A2000B8BF043090ED001A31EE000A89ED2B0AB0
:100A3000CBE099F87202B8B399F89002A0B3B9F874
:100A4000440188BB99F8750270B3D9F840030130AE
:100A50003328C9F8400312D30021C4F28811C9F821
:100A6000EC1049F20401C4F2030140F61B72332872
:100A70000A601EBF0020C9F89C00C9F8400399ED28
:100A80007D0A9FEDF01A41F2921220EE010ABCEEAF
:100A9000C00A10EE101A88B29042A9F80C1140F268
:100AA000818041F2931092E0032089F80E0195E0D5
:100AB0009FEDE20A42F2240040F2363121EE000AB4
:100AC000C9F85402C9F85812BDEEC00A10EE102A37
:100AD0000020A9F8442389F8680210E09FEDD80AA5
:100AE00040F22C40C9F85802002021EE000A89F893
:100AF0006802BDEEC00A10EE102AA9F8442399F846
:100B00004633062B06D30F2A28BF0F22A9F85C22F2
:100B1000002002E0B9F85C22581C002A89F846033C
:100B20007FF4F4AE00204FF0FF31A9F85C02C8F862
:100B30000010A9F8A600BEF1030F7FF6FEAE4FF03D
:100B4000FF30C8F800000020A9F8A600D8F800106F
:100B500041F0C001C8F8001044F20001C4F20201E3
:100B60000A6842F400420A60DCF8001048F2A06211
:100B700041F00061CCF80010D9F85811C0F2010220
:100B800001319142C9F8581103D9C9F85801FEF74B
:100B90006FFF99F8740208B30020C9F85801FEF7F6
:100BA00067FF1BE0022814D8022010E0D9F8800269
:100BB00089ED2B1A01300B28C9F8800205D30220D9
:100BC00089F80E010020C9F880024FF40960A9F8E5
:100BD0000C014AF25801C4F20201086044F2E073C9
:100BE000D9E99521C2F2000301201870322044F2A5
:100BF000E47700EB520644F2E87044F2F474C2F277
:100C00000007C2F20000C2F200044FF4907544F2F3
:100C1000DC7B3960066001EB520644F2EC7144F271
:100C2000F07E256042F6AB1544F2F87C44F2FC7A83
:100C3000C2F2000B5308C2F20001C2F2000EAA4237
:100C4000C2F2000CC2F2000ACBF800200E60CEF80F
:100C5000002010D341F2B305CCF80050464603F50E
:100C600090781D44A2F22242CAF80080B046954214
:100C700088BF154609E0A3F22245CCF8005003F5E1
:100C80009073A2F22245CAF8003044F60003C2F283
:100C900000034BF600721D60C4F2030215684BF2AC
:100CA000140645F00D05156000BF00BF00BF00BF72
:100CB00000BF00BFDBF80050C4F2030635603F6898
:100CC000F7600068306109687161C6F8005344F24A
:100CD000E075C2F200052D78002D18BF3225C6F848
:100CE0000853C6F80C73C6F81003C6F81413DEF8E0
:100CF00000004FF22051C6F800042068CFF6FF71C3
:100D0000C6F80804DCF800005050DAF800004FF292
:100D10002451CFF6FF71505018684FF22851CFF68A
:100D2000FF71505000BF00BF00BF00BF00BF00BF39
:100D3000106820F00D00106000BF00BF00BF00BFB2
:100D400000BF00BF99F85E0268B199F8680200F030
:100D5000FE00042807D158F8040C40F0C00048F801
:100D6000040C012006E0D8F8000040F0C000C8F8EC
:100D700000000020D9F8B02089F8A700B9F80C319C
:100D800044F60401C2F2000100EE103A0A60B8EE27
:100D9000400AD9F808E1D9E97D37D9E97F65D9F862
:100DA0001442D9E9E10242F2140CC4F2020C81EDC2
:100DB000010AC1E90273C1E904E4C1E90665C1E9B8
:100DC0000802DCF80000400713D5DCF8000040F012
:100DD0000400CCF8000043F22000C4F200004CF8FC
:100DE000141C4CF8100C2C204CF80C0C01204CF866
:100DF000040C99F8300300287EF4D7AE41F20400C9
:100E0000CEF2000000689FED121AC9F82003D9F84D
:100E10002003D9F81C13401A00EE100AB8EE400A5D
:100E200089EDC90A99EDC90A012020EE010A89ED70
:100E3000C90A89F83003FEF7B8BE00BF327D953C81
:100E4000F268FE3BD4BC36436F12033B0AD7A33B88
:100E50000BD7A33B2DE9F04FBFB049F21000C4F20D
:100E6000000050F8041C890544BF01685FEA815105
:100E700002D43FB0BDE8F08F4FF40071016044F23E
:100E8000E830C2F2000090F8301341F2040C00295F
:100E9000CEF2000C1EBF0022CCF80020C0F81C23AC
:100EA00090F88420B0F84C3102F0010740F6FF7250
:100EB000934390F80E2190F868623B4402F00307D8
:100EC00043EAC70306F0030743EA470390F8A67016
:100ED00090F8A76007F00707B0F8445106F0030642
:100EE00043EA471343EA861305F01F0790ED2A1AD9
:100EF00043EAC713A0F84C3190ED2C2A90ED320A4A
:100F000090ED3F4ABDEEC13A13EE103A80F85031F1
:100F1000BDEEC23A13EE103A80F85131BDEEC43A3C
:100F200013EE103A80F8523144F20013C2F200037B
:100F30009F7890F8756290ED423A05F00F0507F042
:100F4000E00746EA450633EE000A3743B5EE400AAD
:100F50009FED3E5A9F709FED3E3AF1EE10FAB8BFFA
:100F6000B0EE430A20EE050ABDEEC00A10EE107A7C
:100F7000B2EE040A3E0A24EE004A1E71A3F8037082
:100F8000BDEEC44A14EE107A3E0A9E715F7190F86D
:100F90004870D0F86C62DF71731C41F28837BB4235
:100FA00088BF002390F85073D0F85463C0F86C32B7
:100FB0007B1C0136002F80F85033C0F8546308BF03
:100FC000022A2AD0082F4DD0022F00F02A83012FA9
:100FD00040F0208390ED3E3A90ED3C1AB6EE0E4A7A
:100FE00023EE043A9FED1B4A90ED310A33EE011ACD
:100FF00021EE043A80ED3E1AB6EE0F1A20EE010AF9
:101000009FED151A30EE020A20EE011A80ED3F3AEC
:1010100080ED310A80ED321A5AE390EDCF0A9FED50
:101020000F2A44F6D81230EE022A9FED0D0AC2F2C2
:101030000002B4EE402AF1EE10FA82ED042A80EDAF
:10104000462A80F2FD8280ED460A02E300007A44DF
:10105000000000000000803D0000003D00002C4228
:101060000000024244F63412C2F200021388013337
:101070009FB2B7F57A7F1380C0F02A8342F2300323
:101080000027C4F20203178053F81C2C520740F1CA
:101090001F83042243F81C2C44F63612C2F20002CD
:1010A0001378552B40F014835378022B40F01083B3
:1010B00093783E2B40F00C8392F84230AA2B40F0FC
:1010C00007835179D3783C91917992F804E03D916E
:1010D000D17BD6790A91117C177A0B91517C557A84
:1010E0001291917C92F80A800F91D17C92F80B902A
:1010F0000E91117D92F80CA00D91517D92F80DB0DA
:101100000C91917D947B1491D17DCDE908E31391ED
:10111000117E83EA0E031091517EDDF82CE03B91A5
:10112000917ECDF808B03A91D17E07943991117F24
:1011300006953891517F05963791917FCDF81080B3
:101140003691D17F0397359192F82010CDF804A005
:10115000349192F82110CDF80090339192F822103A
:10116000329192F82310319192F82410309192F834
:1011700025102F9192F826102E9192F827102D917C
:1011800092F828102C9192F829102B9192F82A109D
:101190002A9192F82B10299192F82C10289192F80C
:1011A0002D10279192F82E10269192F82F1025914C
:1011B00092F83010249192F83110239192F8321065
:1011C000229192F83310219192F83410209192F8E4
:1011D00035101F9192F836101E9192F837101D911C
:1011E00092F838101C9192F839101B9192F83A102D
:1011F0001A9192F83B10199192F83C10189192F8BC
:101200003D10179192F83E10169192F83F101591EB
:1012100092F840103E9192F841103D9A11913C99FC
:101220004B40534073407B406B4083EA080383EAA2
:10123000090383EA0A030A9983EA0B0363408B4696
:101240004B4012990F9C83EA0E030E9D4B40DDE943
:101250000C8663406B407340149F83EA0803BA46D0
:101260007B40139F109A7B40B946174653403B9AE8
:1012700053403A9A5340399A5340389A5340379AD8
:101280005340369A5340359A5340349A5340339AD8
:101290005340329A5340319A5340309A53402F9AD8
:1012A00053402E9A53402D9A53402C9A53402B9AD8
:1012B00053402A9A5340299A5340289A5340279AD8
:1012C0005340269A5340259A5340249A5340239AD8
:1012D0005340229A5340219A5340209A53401F9AD8
:1012E00053401E9A53401D9A53401C9A53401B9AD8
:1012F00053401A9A5340199A5340189A5340179AD8
:101300005340169A5340159A53403E9A5340119AAF
:1013100083F03C039A4240F0DB8144F29C72C2F2BB
:10132000000291733B99099B91753A991370D1759D
:101330003999089B117638995370517637993C9BAF
:10134000917636999370D17635993D9B1177349982
:10135000D37051773399059B917732991371D17777
:101360003199039B82F820103099537182F8211033
:101370002F99069B82F822102E99937182F82310E0
:101380002D99049B82F824102C99D37182F8251092
:101390002B99009B82F826102A99137282F8271045
:1013A0002999019B82F828102899537282F82910F4
:1013B0002799029B82F82A102699937282F82B10A3
:1013C0002599079B82F82C102499D37282F82D104E
:1013D0002399D2F81E3082F82E102299577582F880
:1013E0002F1021993E9F82F83010209901EE103A7B
:1013F00082F831101F9921EE001A82F832101E99DE
:1014000082F80CB082F833101D9982F80DE082F852
:1014100034101C99D47382F835101B99157482F816
:1014200036101A99567482F83710199982F812807A
:1014300082F83810189982F813A082F83910179999
:1014400082F8149082F83A10169982F83D7082F86A
:101450003B10159982F83C10BDEEC12AD2F822301B
:1014600012EE107A01EE103A21EE001ABDEEC13AEA
:10147000D2F81A303E0A01EE103A21EE001ABDEE03
:10148000C11AD2F8163004EE103A24EE004ABDEE2E
:10149000C44AD2F8263005EE103A25EE005ABDEEC9
:1014A000C55AD2F82A3006EE103A26EE006ABDEE92
:1014B000C66AD2F82E3007EE103A27EE007ABDEE5B
:1014C000C77AD2F8323000EE903A60EE800AFDEE34
:1014D000E00AD2ED001AD2ED012AD2ED023A61EE15
:1014E000801A63EE803A62EE802AD2ED034AFDEE66
:1014F000E11AFDEEE33AFDEEE22AD2ED045A64EE83
:10150000804A65EE805AFDEEE55AFDEEE44AD2EDE2
:101510000E6A938A26EE800ABDEEC00A80F89C62AD
:1015200013EE106AA0F89B72370A80F89E7215EECF
:10153000107A80F89D623E0A80F8AC6216EE106A5E
:1015400080F8AB72370A80F8AE7214EE107A80F829
:10155000AD623E0A80F8A66280F8B46211EE106AAD
:1015600080F8A57280F8B372370A80F8A47280F808
:10157000B67217EE107A80F8A36280F8B5623E0A60
:1015800080F8BC6210EE906A80F8BB72370A80F86F
:10159000BE7211EE907A80F8BD623E0A80F89462C5
:1015A00012EE906A80F89372370A80F8967213EE02
:1015B000907A80F895623E0A80F8986215EE906AFB
:1015C00080F89772370A80F8C47214EE907A80F827
:1015D000C3623E0A80F8C5721F0A80F8C87292F88A
:1015E000367080F8C73292F8373080F8CB7210EE40
:1015F000107A928F80F8CC323B0A80F8CE32130AF0
:1016000080F8D03290F8503380F8C66280F8CD72FE
:1016100080F8CF22DAB20A2A04BF002280F85023D1
:1016200056E046F20002C4F2020253689B0435D42D
:10163000136843F480431360002280F8002347E0DE
:101640009FED4B0AB4EE402AF1EE10FAC8BF80EDD0
:10165000460A90ED134AB7EE002AB5EE404AB0EEC6
:10166000440AF1EE10FAC8BFB0EE430A30EE022A87
:10167000B5EE402AF1EE10FAB5EE404ABFEE003A60
:10168000B8BFB0EE430AF1EE10FA1BDCB5EE402A0B
:10169000F1EE10FAB8BF80ED130A15E0D0F8FC3275
:1016A00041F289370133BB42C0F8FC3210D31368D2
:1016B00043F080431360012280F800230022C0F829
:1016C000FC2205E080ED130A31EE400A80ED2B0A82
:1016D000D0F8542342F210739A4227D144F2847313
:1016E000C2F2000341F2AA171F800027C4F2C337D9
:1016F00042F23002C3F8027045F24C57C4F20202C3
:10170000DF801768FF070ED10427576042F8103CAE
:1017100052F8083C082767F30B0342F8083C1368AB
:1017200043F0010313600022C0F8542390F83023E3
:10173000002A3FF49EABDCF800109FED0E1AC0F8B3
:101740002013D0F82013D0F81C23891A00EE101AA9
:10175000B8EE400A80EDCA0A90EDCA0A002120EED8
:10176000010A80EDCA0A80F830133FB0BDE8F08F5F
:10177000000040420BD7A33B4BF2616CC0F6000C5B
:10178000604748F2816CC0F6000C604749F6C93CDE
:10179000C0F6000C604749F6E55CC0F6000C6047F7
:1017A0004AF2490CC0F6000C604748F2816CC0F662
:1017B000000C604749F2954CC0F6000C604748F2B7
:1017C000737CC0F6000C604748F2E56CC0F6000C74
:1017D000604700000000000000127A0000000000D6
:1017E00000000000000000000000000000000000F9
:1017F00000000000000000000000000000000000E9
:1018000000000000000000000000000000000000D8
:1018100000000000000000000000000000000000C8
:1018200000000000000000000000000000000000B8
:1018300000000000000000000000000000000000A8
:101840000000000000000000000000000000000098
:101850000000000000000000000000000000000088
:041860000000000084
:04000005080081A1CD
:00000001FF
