:020000040800F2
:1000000000000120433900083F39000801070008BB
:100010003D390008DD040008893A000800000000AE
:100020000000000000000000000000004B39000844
:10003000A506000800000000413900084D390008FD
:10004000030700080B07000817070008513A0008CB
:100050005D3A0008653A0008713A00087B3A0008EA
:10006000A9060008A9060008A9060008A9060008B4
:10007000A9060008A9060008A9060008A9060008A4
:10008000A9060008A9060008A906000851060008EC
:100090005F0600086D0600087B0600088906000858
:1000A00097060008113A00081D3A0008A539000813
:1000B000E1390008ED390008F9390008053A00086F
:1000C000293A0008473A00083D3A0008333A000848
:1000D000B1390008D5390008C9390008BD39000810
:1000E000A9060008A9060008AB060008B706000824
:1000F000C3060008CF060008DB060008E706000874
:10010000A9060008A9060008A9060008A906000813
:10011000A9060008A9060008A9060008A906000803
:10012000A9060008A9060008A9060008A9060008F3
:10013000A9060008A9060008A9060008F306000899
:10014000A9060008A9060008A9060008A9060008D3
:10015000D1040008A9060008A9060008A90600089D
:10016000A9060008A9060008A9060008A9060008B3
:10017000A9060008A9060008A9060008A9060008A3
:10018000A9060008A9060008A9060008A906000893
:10019000A9060008A9060008A9060008A906000883
:1001A00000F002F800F03CF80AA090E8000C82444D
:1001B0008344AAF10107DA4501D100F031F8AFF22A
:1001C000090EBAE80F0013F0010F18BFFB1A43F035
:1001D000010318476C5700008C570000103A24BFE9
:1001E00078C878C1FAD8520724BF30C830C144BF9C
:1001F00004680C60704700000023002400250026DE
:10020000103A28BF78C1FBD8520728BF30C148BF79
:100210000B6070471FB504F02FFF1FBD10B510BD58
:10022000DFF80CD0FFF7F6FF03F0B2FE00F047F95D
:100230000000012003B4FFF7F1FF03BC03F026FC2C
:10024000032A40F2308010F0030C00F0158011F802
:10025000013BBCF1020F624498BF11F801CB00F8DA
:10026000013B38BF11F8013BA2F1040298BF00F82E
:1002700001CB38BF00F8013B11F0030300F0B08060
:10028000083AC0F0088051F8043B083A51F804CB12
:10029000A0E80810F5E7121D5CBF51F8043B40F8D8
:1002A000043BAFF30080D20724BF11F8013B11F8E3
:1002B00001CB48BF11F8012B24BF00F8013B00F827
:1002C00001CB48BF00F8012B7047431A28BF9A4260
:1002D0007FF6B6AF10441144032A40F2268010F096
:1002E000030F1EBF11F8013D521E00F8013D10F032
:1002F000030F7FF4F6AF11F0030300F0B680083A65
:10030000C0F00B8051F8043D083A51F804CD40F894
:10031000043D40F804CDFFF7F3BF121D5CBF51F858
:10032000043D40F8043DAFF30080D20724BF11F82C
:10033000013D11F801CD48BF11F8012C24BF00F890
:10034000013D00F801CD48BF00F8012C70474FF087
:1003500000020429C0F0128010F0030C00F01B8092
:10036000CCF1040CBCF1020F18BF00F8012BA8BFA0
:1003700020F8022BA1EB0C0100F00DB85FEAC17C64
:1003800024BF00F8012B00F8012B48BF00F8012B17
:1003900070474FF0000200B5134694469646203948
:1003A00022BFA0E80C50A0E80C50B1F12001BFF42E
:1003B000F7AF090728BFA0E80C5048BF0CC05DF894
:1003C00004EB890028BF40F8042B08BF704748BFE2
:1003D00020F8022B11F0804F18BF00F8012B704756
:1003E00010B5203AC0F00B80B1E81850A0E81850C2
:1003F000B1E81850A0E81850203ABFF4F5AF5FEA12
:10040000027C24BFB1E81850A0E8185044BF18C9B6
:1004100018C0BDE810405FEA827C24BF51F8043B5D
:1004200040F8043B08BF7047D20728BF31F8023BB1
:1004300048BF11F8012B28BF20F8023B48BF00F845
:10044000012B7047431A28BF9A427FF6C9AF104468
:10045000114410F0030F1EBF11F8013D521E00F8A9
:10046000013D10F0030F7FF4F6AF103AC0F00A80A0
:1004700010B531E9185020E91850103ABFF4F9AF1F
:10048000BDE81040530724BF31E9081020E90810E7
:1004900044BF51F8043D40F8043D12F0030F08BF7B
:1004A0007047D20728BF31F8023D48BF11F8012C30
:1004B00028BF20F8023D48BF00F8012C704710B556
:1004C0000446AFF300802046BDE81040FFF7B2BEFF
:1004D00048F20040C4F2030000F07DB9FEE7B0B579
:1004E000044644F20000C4F201000D46211A00F552
:1004F000805018BF0121201A18BF012001424FF07F
:10050000050057D1002D55D02068C0065CBF0120E2
:10051000B0BD606B297861F303006063606B40F0ED
:1005200020006063A06BA968400F60F35F71A16356
:10053000A06B297B20F0C04001F0030140EA41702C
:10054000A063606B20F020006063A06B6968400FBF
:1005500060F35F7141F24000A163C4F202000068E1
:1005600000F47F00B0F5003F1CD9022001F026FB0B
:10057000C0B1687BE16B002821F0F0000AD0A97BB4
:10058000EA7B01F00F0140EA0110E063E06B62F3E7
:10059000030006E040F01000E063E06B012161F32E
:1005A0000300E06328780121226B01FA00F0104378
:1005B00020630020B0BD10B544F20002C4F2010275
:1005C000831A02F5805218BF0123821A18BF012234
:1005D00013424FF0050239D1C1B30268D20601D4EB
:1005E000012233E041F24002C4F20202126802F436
:1005F0007F02B2F5403F01D2042227E0426A8B78A5
:1006000091F800E063F3410291F801C0CC784262B6
:10061000426ABEF1000F64F300024262826A4968D6
:100620004FEA527262F35F718162416A41F0800267
:1006300008BF21F080024262416A0022BCF1000F33
:100640000CBF21F0400141F040014162104610BD55
:1006500042F20000C4F20200002100F0B7BB42F2F7
:100660000000C4F20200012100F0B0BB42F2000021
:10067000C4F20200022100F0A9BB42F20000C4F261
:100680000200032100F0A2BB42F20000C4F202000B
:10069000042100F09BBB42F20000C4F202000521DD
:1006A00000F094BB70470000FEE744F20000C4F283
:1006B000020000F005BF45F20000C4F2020000F0A5
:1006C000FFBE46F20000C4F2020000F0F9BE47F29D
:1006D0000000C4F2020000F0F3BE48F20000C4F2D1
:1006E000020000F0EDBE49F20000C4F2020000F08A
:1006F000E7BE4BF20000C4F2030001F020B8000096
:10070000FEE74FF0804001F087B841F20000C4F2EC
:10071000000001F081B842F20000C4F2000001F0D4
:100720007BB810B5044600F029F800B110BD4CF2BA
:100730000000C4F2000043F6AC710160C16864F3CC
:100740000201C16000210160BDE8104000F016B850
:1007500010B5044600F026F800B110BD4CF20000C0
:10076000C4F2000043F6AC710160A1B281600021C7
:100770000160BDE8104000F015B80000B0B500F011
:10078000CFFF4CF210050446C4F200052868C007EC
:1007900006D000F0C5FF001B6528F7D30320B0BDCD
:1007A0000020B0BDB0B500F0BBFF4CF21005044610
:1007B000C4F200052868800706D500F0B1FF001BD1
:1007C0006528F7D30320B0BD0020B0BD7047704747
:1007D000704770477047B0B50446A0F18040A0F55F
:1007E00060304FEAB020032888BFB0BD606921693E
:1007F00001EA0005A80505D54FF4007020612046E8
:1008000000F047F8E80505D54FF4807020612046D8
:1008100000F03EF8280604D5802020612046FFF72E
:10082000D7FF680604D5402020612046FFF7CFFFA0
:10083000A80604D5202020612046FFF7C7FFE80660
:1008400004D510202061204600F01FF8280704D5A9
:10085000082020612046FFF7BDFF680704D504206B
:1008600020612046FFF7B5FFA80704D502202061CC
:10087000204600F00CF8E80700D1B0BD0121204669
:100880002161BDE8B04000F001B870477047704783
:100890007047704745F2000340F48052C4F20103F0
:1008A0009A4201D10F2901D90020704784B040F24B
:1008B0000012C0F20232009240F20452C0F20672FC
:1008C000019240F60842C1F21042029242F218022E
:1008D000C4F2300203926A46515C02680846082955
:1008E00028BF0820520348BF084604B070470000E4
:1008F0002DE9F0470C4644F20001C4F2010105461F
:10090000401A01F5805218BF0120AB1A18BF01230D
:1009100018424FF0050026D12CB3A068002800F043
:10092000F48040F20C004FF0000A9542C2F2000041
:1009300008BF00F1540A8D4208BF8246BAF1000F89
:1009400013D09AF800009AF8081008439AF8181083
:10095000C0B208439AF828109AF838200843104388
:100960004FF0020004D0BDE8F0870120BDE8F08719
:100970008AF800008AF808008AF818008AF8280027
:100980008AF83800A06B45F29469C0F6000941F27C
:100990004008002818BF81462846C4F2020800F02B
:1009A0003BF9286845F2000740F010002860286AEB
:1009B000C4F2010700F470302862D8F8000000F497
:1009C0007F00B0F5003F4DD9022001F0F7F8002874
:1009D00048D0686899F8032099F8011062F317501D
:1009E00099F802306860686803F00F0220F07060C8
:1009F00040EA02606860686820F0704040EA017078
:100A000045F48051B94268601DD12868C0061AD5E6
:100A1000D8F8000000F47F00B0F5403F13D3686AB7
:100A200020F002006862686A20F001006862A86A2B
:100A300060F06040A862686A20F080006862686ABE
:100A400020F04000686209F104012846FFF7B3FD79
:100A500099F80010286800290CBF20F4004040F4E9
:100A6000004028606969227B637BD4F804C0D018F9
:100A70000330A668BCFBF0F0090AB0FBF6F00138C1
:100A800061F31F206861286962F305002861286905
:100A900063F30C2028612869A17B61F3134028616E
:100AA00020782968A0B341F4802028606078296804
:100AB000002841F4003208BF21F400322A60216985
:100AC00019B36869227D637DD6180336BCFBF6F640
:100AD00094F816C0B6FBF1F14FF47F4606EB012106
:100AE000090A61F30F20686128690CF0030162F3C1
:100AF00017502861286963F34F302861286920F076
:100B0000C00040EA8110286105E00520BDE8F087BB
:100B100021F480202860002045F48051012200BF8C
:100B2000B9422FD12B68DB062CD56B6B23F00F035A
:100B300003436B636B6B43F020036B63AB6B03F09E
:100B40006043AB63AB6B23F0C043AB636B6B23F0D1
:100B500020036B63AB6B03F06043AB63D8F80030EA
:100B600003F47F03B3F5003F07D9EB6B62F3071380
:100B7000EB63EB6B62F30303EB632B6B02FA00F6A0
:100B8000B3432B6301301028CAD194F8200068B118
:100B900000270026E069C1192846FFF7A0FC94F859
:100BA00020000136864207F11007F3D3286820F0B1
:100BB000100028602868E17D20F0704040EA017054
:100BC000627E2860286802F00F0120F0706040EA21
:100BD00001602860D8F8000010F47E0F04D0286867
:100BE000217E61F34D3028604FF0FF30E860012036
:100BF0008AF800008AF808008AF818008AF82800A5
:100C00008AF8380004F124078FCF0AF1400C8CE8F1
:100C10008F000020BDE8F08780B584B045F2000267
:100C20000021C4F20102039101910A219042029134
:100C300011D044F20001C4F20101884219D11820F8
:100C4000019045F20000C4F2020001A900F05CFC32
:100C500001F091F80DE04FF44070019045F2000072
:100C60008DF80810C4F2020001A900F04DFC01F05B
:100C700099F804B080BDF0B581B0154645F2000288
:100C8000044640F48050C4F2010290421AD144F26A
:100C90000000C4F2010000F5805240F20C0300276E
:100CA0009442C2F2000308BF03F15407844208BF14
:100CB0001F462FB1387E012806D1E068000605D412
:100CC000012024E0052022E0042020E004203876E2
:100CD0000020F86180203D617961E06081B1206C85
:100CE0000860606C48605DB100F00F01204604F1BF
:100CF0004806FFF7CFFD024628463146FFF7A0FA27
:100D0000206840F48010206001203876002001B077
:100D1000F0BD0000F0B581B0154644F20002C4F207
:100D200001020446801A02F5805318BF0120E71A19
:100D300018BF012738424FF0050045D1002943D0A4
:100D400040F20C0000269C42C2F2000008BF00F1F5
:100D50005406944208BF06469EB33078012832D12B
:100D6000206880052DD4032000273070776020682C
:100D700020F4805020600868C4F888004868C4F8EF
:100D80008C00B5B1486800F00F012046FFF782FDE6
:100D90000330B7EB900F0CD08008002155F82120CC
:100DA00001F00F03013104EB83038842C3F8902064
:100DB000F4D1206840F400702060012030700020E1
:100DC00002E0012000E0042001B0F0BD2DE9F04177
:100DD00042F20002C4F2020290425AD10C460529A6
:100DE00057D802EB44152E4656F80C0F55F8141F31
:100DF00040F2B80800F008078807C2F200080ED5D4
:100E00001FB9306820F40070306002202860C4EB05
:100E1000C40008EB8000C16909B18069884728686F
:100E2000400718D55FB9306820F4806030603068C2
:100E300020F480703060306820F40070306004204E
:100E40002860C4EBC40008EB8000C1680122027175
:100E500009B1806888472868C00708BFBDE8F081ED
:100E60003068012220F480603060306820F48070A7
:100E70003060306820F400703060C4EBC4002A6039
:100E800008EB80004169027119B10069BDE8F041C9
:100E90000847BDE8F08100002DE9F04143F200046D
:100EA000C4F20204A04203D000273846BDE8F08116
:100EB00041F24007C4F202070E46F9691546080CD4
:100EC0004FF6FF728002B2EB114F08BF4FF4802043
:100ED000B0F5003F0BD0B0F5802FE5D1206C00F0CD
:100EE00070612020B1F1206F08BF402000E0202079
:100EF000B042D9D9711901398142D5D220464FF477
:100F0000967100F081F90028CED1386800F47F0096
:100F1000B0F5003F0FD8206C00F07060B0F1206F8A
:100F200009D1206C00F0704000F1C040B0FA80F0B0
:100F30004FEA501801E04FF00008206A20F44010FA
:100F400020622068B0F1FF3F0CDC606A43F6AC71B0
:100F500061F30F006062606A48F2E47161F30F00B0
:100F6000606220680027DDB1206AF119B8F1000F36
:100F700018BF81F020016FF3120001F03F01084417
:100F800020622068012140F00200206020464FF4DA
:100F9000967200F0A5F918B90137BD42E4D12F4689
:100FA000206800283FF581AF206840F000402060B5
:100FB00020687AE7B0B543F20004C4F20204A0420C
:100FC00001D00520B0BD41F25C00C4F202000D4624
:100FD00001684FF6FF72080C8002B2EB114F08BF98
:100FE0004FF48020B0F5003F0BD0B0F5802FE8D152
:100FF000206C00F070612020B1F1206F08BF40200C
:1010000000E02020A842DCD920464FF4967100F081
:10101000FBF808B10120B0BD204629460122FFF7A8
:101020003BFF013818BF0120B0BD00002DE9F0479B
:1010300043F20004C4F20204A04211D141F240057F
:10104000C4F202059246EA691F46100C4FF6FF7380
:101050008002B3EB124F08BF4FF480204A0703D041
:1010600000263046BDE8F08721F07F4808EB0701F5
:1010700081424FF00006F4D8BAF1000FF1D017F01A
:101080000701EED18045ECD220464FF4967100F076
:10109000BBF80028E4D1286800F47F00B0F5003FD9
:1010A0000FD8206C00F07060B0F1206F09D1206C77
:1010B00000F0704000F1C040B0FA80F04FEA5019E3
:1010C00001E04FF000092068B0F1FF3F0CDC606ADE
:1010D00043F6AC7161F30F006062606A48F2E4713C
:1010E00061F30F00606220680026B6EBD70F25D0B1
:1010F000FD0827F0070700265AF806000AEB06014C
:101100002061486808EB06016061206AB9F1000FB0
:1011100018BF81F4003161F31200206220680021C1
:1011200040F00100206020464FF4967200F0D8F89D
:1011300020B9013D06F10806DED13E4620680028B0
:101140008FD4206840F000402060206889E743F297
:101150000001C4F20201884221D141F25C00C4F2D4
:10116000020002684FF6FF73100C8002B3EB124FBF
:1011700008BF4FF48020B0F5003F04BF4FF480500B
:101180007047B0F5802F0AD1086C00F070614FF401
:101190000050B1F1206F08BF4FF48050704700201D
:1011A00070470000B0B543F2000EC4F2020E844650
:1011B000704521F07F4101D000240DE041F25C0038
:1011C000C4F2020000684FF6FF75040CA402B5EBF0
:1011D000104F08BF4FF48024C818A0424FF0000001
:1011E00010D8F4450ED16AB1A1420BD253B101F12E
:1011F000006100200D5C145CA54203D101308342E4
:10120000F8D11846B0BD0000F0B581B043F2000738
:101210000C460646C4F2020700F082FA054600209A
:10122000BE428DF8030001D005204FE041F240009E
:10123000C4F202000068661C00F47F00B0F5003FB5
:101240002CD900BF38683968C04320EA510079685A
:101250007A68884320EA5200B968BA6820EAD10067
:10126000D14300EAD1708DF8030026B100F058FA9E
:10127000401BA04229D89DF80300C007E2D0B868FF
:10128000400703D1B86810F4E06F26D00720B8609B
:101290004FF4E060B860012018E000BF3868C00774
:1012A0000CD13868800709D47868C00706D17868FF
:1012B00080075CBFB8685FEA007009D5002EEDD0EA
:1012C00000F02EFA401BA042E8D9032001B0F0BD87
:1012D000B868400701D00720DCE70020F6E70000EF
:1012E0002DE9F04381B043F2000714460D4606464F
:1012F000C4F2020700F014FABE4201D0052019E042
:1013000041F24008C4F202080646D8F80000B96865
:1013100000F47F00B0F5003F01F0070005D960B18F
:101320000720B8604FF4E06002E0002838D00720C2
:10133000B860012001B0BDE8F08304F1010900BFED
:10134000B86810F4E06FEBD1B9F1000F04D000F0F1
:10135000E7F9801BA04253D8D8F8000000F47F00C2
:10136000B0F5003F02D9B868002815D4052D45D83E
:10137000DFE805F007090B0F0303B86800070BD47B
:101380003CE0386802E0386804E07868C00703D1C0
:1013900034E07868800731D5B8684007D0D0BFE71F
:1013A00004F10109B9F1000F04D000F0B9F9801B74
:1013B000A04225D8D8F8000000F47F00B0F5003F27
:1013C00002D9B868002815D4052D17D8DFE805F034
:1013D00007090B0F0303B86800070BD40EE0386849
:1013E00002E0386804E07868C00703D106E0786856
:1013F000800703D5B8684007D4D098E7002099E764
:10140000032097E7A0F18042A2F510324FEA323272
:10141000052A44D80022B2EB114F4FF005023FD10C
:101420008BB2EBB32DE9F04300224FF001084FF0EF
:101430000F0C4FF0030E0024002500BF08FA05F63C
:101440000E4022D02427082D38BF202750F80790BF
:1014500004F01C030CFA03F343EA0903C351836C41
:101460000EFA02F7B3438364836BB3438363036B66
:10147000BB4303630369B34303614369BB434361F4
:101480008661036843EA0643036001350434102D86
:1014900002F10202D2D10022BDE8F04300E00522B1
:1014A0001046704747F20002C4F2020290420CBF9D
:1014B0008029704702F58050022100F0FCB800003E
:1014C0002DE9F0410446A0F18040A0F510304FEA2C
:1014D0003030052888BFBDE8F0812569A66900275E
:1014E0004FF0010808FA07F188B2284218BF10EA45
:1014F000060003D02046A161FFF7D4FF0137102F6B
:10150000F0D1BDE8F08100002DE9F04F81B0054633
:1015100000294FF0050000F0CB8041F2400CC4F2EE
:10152000020C0C46A5EB0C01A1F53F52A1F57F5131
:10153000B2FA82F2B1FA81F152094909114346F235
:101540000002C4F20202AB1A02F58052B3FA83F72A
:10155000AA1A7F09B2FA82F2394352091143A3F55C
:101560000052B2FA82F252091143A3F54052B2FA84
:1015700082F25209114300F09B8021680020B0EBF9
:10158000114F4FF0050040F093808AB2002A00F01E
:101590008F8005F1240A05F1200E4FF000094FF06D
:1015A000000B4FF0000800BF012000FA08F00840CF
:1015B0004ED021794A1E0F2A55D25246B8F1080F53
:1015C00038BF724613680BF01C070F26BE40B940A7
:1015D000B343314019431160217A0029A96B14BF2C
:1015E00001438143A963E1790029A96C14BF084331
:1015F00021EA0000A864286B6279032102F003024B
:1016000001FA09F102FA09F28843114008432863FC
:10161000DCF8000000F47F00B0F5003F18D980200E
:101620006646774600F0CAFABE46B44680B1607A94
:101630002168C2072A6C0CBF8A430A4380072A64C8
:101640004FEA0140296C54BF21EA00000843286496
:10165000B8F10F0F29D0216808F101080BF1040B34
:1016600009F10209A0E711BB5146B8F1080F38BFD4
:1016700071460A680BF01C030F2606FA03F39A431F
:101680000A60A1790029B6D06A69032301F0030139
:1016900003FA09F301FA09F19A4319401143696108
:1016A000A861296908432861A5E7002000E001201E
:1016B00001B0BDE8F08FA0F18042A2F510324FEAF0
:1016C0003232052A11D80022B2EB114F0DD18AB265
:1016D000002A08BF704783680B4203D0026842EAC1
:1016E000014101E00168114301607047A0F18043AE
:1016F000A3F510334FEA3333052B10D80023B3EB97
:10170000114F0CD18BB2002B08BF7047012A02D1B8
:101710000168194302E0026842EA01410160704732
:1017200040F60000C2F20000006870477047704742
:101730007047704770477047704770477047B0B543
:101740004BF20004C4F20304A04218BFB0BD4BF634
:101750001470C4F203000068D4F8101F01EA0005F9
:10176000A80705D50220C4F8100F2046FFF7DFFFB9
:10177000680705D50420C4F8100F2046FFF7D8FFEE
:10178000280705D50820C4F8100F2046FFF7D1FF21
:10179000E80605D51020C4F8100F2046FFF7CAFF51
:1017A000A80605D52020C4F8100F2046FFF7C3FF78
:1017B000680605D54020C4F8100F2046FFF7BCFF8F
:1017C000280605D58020C4F8100F2046FFF7B5FF86
:1017D000E80506D54FF48070C4F8100F2046FFF7D7
:1017E000ADFFE80705D00120C4F8100F204600F037
:1017F0000CF8280400D4B0BD4FF400412046C4F8D2
:10180000101FBDE8B040FFF791BF704770477047A9
:10181000704770477047704770B540F284160446B1
:10182000B0F1804FC2F200060FD042F20000C4F2C5
:101830000000844208D041F20000C4F2000084425B
:1018400040F0DB80383600E07036206B616B01EAD7
:101850000005E80707D0F06910B1F1692046884714
:10186000204600F0D0F8A80707D5F06810B1F1685D
:1018700020468847204600F0D0F8680704D50420A9
:101880006063204600F0C1F8280704D50820606393
:10189000204600F0BCF8E80604D51020606320461E
:1018A00000F0BCF8680604D5402060632046FFF7CE
:1018B000ADFF280604D5802060632046FFF7A7FF10
:1018C000E80505D54FF480706063204600F09AF873
:1018D000A80505D54FF400706063204600F099F824
:1018E000680505D54FF480606063204600F090F8ED
:1018F000280505D54FF4006060632046FFF78AFF96
:10190000E80417D54FF480506063708931898842AC
:1019100004D3F06810B1F16820468847708B318B92
:10192000884204D3F06910B1F16920468847204607
:10193000FFF771FFA80405D54FF4005060632046FF
:10194000FFF767FF680405D54FF4804060632046C9
:1019500000F05AF8280405D54FF400406063204693
:1019600000F04CF8E80305D54FF480306063204662
:1019700000F046F8A80305D54FF400306063204618
:1019800000F049F8680305D54FF4802060632046D5
:1019900000F03CF8280305D54FF400206063204692
:1019A00000F038F8E80205D54FF480106063204657
:1019B00000F027F8A80205D54FF400106063204618
:1019C00000F02AF8680202D5204600F018F841F22B
:1019D0004000C4F20200006800F47F00B0F5403F10
:1019E00038BF70BD15F4000007D04FF40001204649
:1019F0006163BDE87040FFF70BBF70BD7047704773
:101A0000704770477047704770477047704770471E
:101A10007047704770477047704770477047B0B560
:101A20004CF20004C4F20004A0421CBF0520B0BD6B
:101A30004DF6DD5020604FF6FF70FEF789FE00B1D5
:101A4000B0BD00200025FEF76CFE0028F8D143F65B
:101A5000AC702060606820F002006060606820F078
:101A600001006060042025602061204600F033F80A
:101A70000020B0BDB0B54CF20004C4F20004A04296
:101A80004FF0050008D10D4631B1204600F024F892
:101A90002868FEF75DFE00B1B0BD6879FEF741FE33
:101AA0000028F9D143F6AC7020602979606841B113
:101AB00040F00100606004202061606840F0020096
:101AC00005E020F001006060606820F002006060C6
:101AD00000202060B0BD7047704710B54CF2000484
:101AE000C4F20004A0421CBF052010BDFEF75AFE40
:101AF00000B110BDFEF742FE0028FAD14AF6AA2036
:101B00002060002010BD01464CF20000C4F200002D
:101B100081421CBF052070474CF6CC410160FFF7A5
:101B2000DCBF40F2040040F60001C2F20000C2F245
:101B3000000100780A6810440860704710B543F24D
:101B40000000C4F20200016841F010010160016868
:101B500041F020010160032000F0BAF80F2000F0EE
:101B600005F8044600F035F8204610BDB0B540F247
:101B70000405C2F20005297861B1044600F058FC62
:101B800029784FF47A72B2FBF1F1B0FBF1F000F07A
:101B9000F5FE10B104252846B0BD0F2C0CD84FF02F
:101BA000FF3021460022002500F060F840F20800D6
:101BB000C2F200000460EEE70125ECE740F2641198
:101BC000C2F2000109680140081AB0FA80F0400929
:101BD000704780B500F048F900F059F900F06AF953
:101BE00000F07BF900F08CF900F09DF92A2000F05C
:101BF0002BF82B2000F028F82C2000F025F82D20C1
:101C000000F022F82E2000F01FF82F2000F01CF822
:101C100000F004F9BDE8804000F013B9002812D4A8
:101C2000C1B200F01F00012202FA00F04EF2801251
:101C3000CEF2000242EAD10121F003010860BFF3B5
:101C40004F8FBFF36F8F704700280ED4C1B200F0E2
:101C50001F00012202FA00F04EF20012CEF2000242
:101C600042EAD10121F003010860704742EA010312
:101C70000F2B88BF704710B54EF60C5CCEF2000CEF
:101C8000DCF80030C3F3022E8EF00704042C28BFCA
:101C90000424BEF103034FF0FF3E0EFA04F438BFF4
:101CA0000023A14399400EFA03F39A43114300F035
:101CB0000F02043A624409010C3200F16043B0F1B2
:101CC000FF3FC8BF03F564421170BDE81040704784
:101CD000C11E042988BF70474EF60C51CEF2000198
:101CE0000A684FF6FF031A4060F30A2242F0806050
:101CF00040F0FD70086070474A1E0F2A84BF05201F
:101D00007047382248F2E473C4F20202C3F6AC739F
:101D10009364136800F0030023F00C0343EA80008F
:101D20001060F023106903EB0111090961F307103A
:101D30001061012090640020704740F200003021C3
:101D4000C2F20000C4F2020100680968C1F3032175
:101D50000131B0FBF1F0704740F200003021C2F2D7
:101D60000000C4F2020100680968C1F303310131C7
:101D7000B0FBF1F070474C2048F2E471C4F202006D
:101D8000C3F6AC714163816841F010018160016864
:101D900041F400510160816941F01001816101212C
:101DA000416370474C2048F2E471C4F20200C3F66C
:101DB000AC714163816841F020018160016841F4A8
:101DC00080410160816941F020018161012141630D
:101DD00070474A1E92B20F2A84BF052070473822EE
:101DE00048F2E473C4F20202C3F6AC73936413685E
:101DF00000F0030023F0C00343EA80104FF2000319
:101E00001060CFF6FF73106903EB0131090B61F32A
:101E10000F3010610120906400207047582048F274
:101E2000E471C4F20200C3F6AC718162016841F052
:101E300001010160016941F001010161012181623B
:101E40007047582048F2E471C4F20200C3F6AC7146
:101E50008162016841F002010160016941F0020103
:101E60000161012181627047582048F2E471C4F297
:101E70000200C3F6AC718162016841F004010160A7
:101E8000016941F00401016101218162704758201C
:101E900048F2E471C4F20200C3F6AC7181620168D9
:101EA00041F008010160016941F00801016101216F
:101EB00081627047582048F2E471C4F20200C3F610
:101EC000AC718162016841F010010160016941F06B
:101ED00010010161012181627047582048F2E471CC
:101EE000C4F20200C3F6AC718162016841F02001C6
:101EF0000160016941F020010161012181627047A7
:101F0000582048F2E471C4F20200C3F6AC71816259
:101F1000016841F040010160016941F04001016147
:101F2000012181627047582048F2E471C4F2020036
:101F3000C3F6AC718162016841F080010160016902
:101F400041F0800101610121816270472DE9F04F6C
:101F500085B041F22001C4F202010A6C0020C4F2F3
:101F600002000092D1F800E0026848F2E472C3F681
:101F7000AC72C0F8802048F2E4724A6248F63D2212
:101F80004A6241F6EC124A620A6C032342F40052A0
:101F90000A640A6C4EF6FC5942F480520A640A68DC
:101FA000CEF2000942F480720A600A6841F2002C05
:101FB00063F38E220A60D9F80020D9F8007041F24C
:101FC000000347F08077CEF20003C9F800700027C5
:101FD0005F601C689FED690A9FED691AC0F27A0C78
:101FE00044F001041C6000BF5C68CD6C664615F5CA
:101FF000807F3CBFCD6C2E0A02EE106AB8EE422AFA
:1020000082EE002A22EE012ABCEEC22A12EE105AFB
:10201000AC42E9D348F2000448F22135C4F203048B
:10202000C0F2800565602B25A5600025A5612025EF
:10203000A56211252564256802F0807845F001022B
:10204000226000BF2269D205FCD5226842F004025A
:102050002260D4F8002142F40032C4F8002100BF0D
:10206000D4F800219203FBD5626DD4F800511226FA
:1020700045F40035C4F800510D6802EBD27266F3E6
:102080008E250D6005689FED3F1A45F4003505600B
:1020900005684FEA620B25F00045056006684FF0C1
:1020A000000A01AF002200BF26F4407545EA022570
:1020B0000560056845F000450560C3F804A01D688B
:1020C00045F001051D6000BF5E68CD6C15F5807F91
:1020D00065463CBFCD6C2D0A02EE105AB8EE422A7E
:1020E00082EE002A22EE012ABCEEC22A12EE105A1B
:1020F000AE42E9D3656DB5EB0B0648BF764247F8B3
:102100002260D4F80051013245F40035C4F8005182
:102110000568042A25F0004505600668C4D126F448
:10212000003202601A6822F001021A60D9F8002019
:10213000002342EA0802C9F800200022D5B257F86D
:10214000236057F82550AE4238BF1A460133042B9E
:10215000F4D1236843F001032360C1F800E0009B41
:102160000B640123C0F880304FF480304FF400330B
:102170004862D0B24B6205B0BDE8F08F00247449CC
:10218000000096440080BB443820C4F20200416A3B
:1021900021F008014162416921F0010141610168BA
:1021A00021F00C010160016921F0F0010161416A37
:1021B00041F008014162416941F001014161416B17
:1021C00021F008014163416B41F008014163704710
:1021D0002DE9F04F81B00025C4F202050C46002124
:1021E000A8424FF005008DF8031040F01081002C3C
:1021F00000F00D81666845F2A0610020C0F6000184
:102200000A58B24205D10A185368A768B7EB530FB2
:1022100013D01830B0F5287FF2D1207801281BD1D7
:1022200041F26C00C4F20200016811F5807F10D306
:1022300041F20026C0F27A060DE0506992F808B02B
:10224000B2F80AA0B2F80C8080034FEA530987B2B3
:102250002EE00068060A6660002E5BD0D4F8089075
:10226000484602F00EFD804630460F4602F009FD5A
:1022700002460B464046394602F07CFB074688463C
:1022800002F0D0FC824602F0FCFC02460B463846C7
:10229000414602F007FE9FED640B53EC102B02F059
:1022A00003FD02F0BFFC80464FF0010B4FF40047E6
:1022B00048F2E4704CF20021C3F6AC70C0F6EB318A
:1022C00089458146C5F880000CD12078012806D0C8
:1022D00040B941F20020C0F27A00864202D10E4697
:1022E000002003E00E46FFF74FFF01208DF80300AA
:1022F000286820F000402860207803280CD00128AE
:102300000ED038B9296F41F001012967296821F001
:1023100003010DE001207AE0296841F0030107E0A4
:10232000296F012241F010012967296862F3010138
:10233000B646BBF1020F296007D02968BC4621F4DC
:1023400000610122BBF1010F04E02968BC4641F4A1
:10235000006102222960D4E901132E68B1FBF2F278
:1023600041F6003726F48064C0F2B707BA4288BF4E
:1023700046F480642C606A686FF39F3A6FF31D42E5
:1023800042EA0A426A606A684FF6FF77BA434244FB
:102390006A602A68734522F4404242EA0C022A60CD
:1023A0000FD1012836D060B941F20020C0F27A0086
:1023B000814206D141F26C00C4F202004068800FF5
:1023C00003E0FFF7C3FDC5F880909DF8031079B1D5
:1023D000E96E21F00801E966E96E41F00801E9665D
:1023E000E96D21F00801E965E96C21F00101E9647A
:1023F000296860F309212960286840F000402860BE
:1024000028684000FCD50120C5F88000002001B0FC
:10241000BDE8F08F41F26C00C4F20200006800F0E9
:102420000300D2E700BF00BF000000000000F04042
:1024300040F20000C2F20000006870472DE9F0434E
:1024400083B03025C4F202050C460146A5F13000E8
:1024500081424FF0050140F0C680002C00F0C3809F
:10246000D4F804C0BCF1000F13D02278032A2ED870
:10247000DFE802F002111C0A41F26C01C4F2020111
:102480000B6813F5807F19D341F2002CC0F27A0C4F
:102490001BE00521A7E041F26C01C4F20201CB6808
:1024A00013F1011F0ED94FF4FA4C0EE06378012BA3
:1024B00000F09D80002B00F0A28008E009684FEA40
:1024C000112C02E0C9684FEA114CC4F804C0A3897A
:1024D00048F2E4799F1EBFB20F2F24BF0223A381CD
:1024E000E689C3F6AC79B71EBFB20F2F24BF022610
:1024F000E681278A4FF00108791E89B2402924BF5E
:1025000001272782032AC5F850900BD8DFE802F094
:10251000020C1134286C40F010002864286820F068
:10252000030030E001215CE02868012161F3010033
:1025300029E0296801F00301022907D1296C41F043
:1025400010012964296821F0030129606178A268DB
:102550008DF800106946CDE9012CFFF739FE0146E0
:10256000C5F85090E8BB2868022161F3010028609B
:10257000A389E689278A07E0286C40F001002864D7
:10258000286840F0030028604FF47061286801EB70
:102590000321090A61F30B204FF200012860CFF6F6
:1025A000FF71286801EB0631090B61F30F302860D9
:1025B000FC21286801EB8701890861F38700286006
:1025C0002868002140F480302860286840F40030FA
:1025D0002860286840F480202860286840F40020A3
:1025E0002860C5F85080084603B0BDE8F08341F28A
:1025F0006C03C4F202031F6817F5807F04D341F215
:102600000023C0F27A0301E01B681B0AA3605EE7A7
:10261000542048F2E471C4F20200C3F6AC71C16206
:10262000016821F400610160016921F40061016128
:102630000121C1627047542048F2E471C4F20200E3
:10264000C3F6AC71C162016841F4006101600169C7
:1026500041F4006101610121C16270475C2048F2D0
:10266000E471C4F20200C3F6AC714162016821F06A
:1026700002010160016921F0020101610121416251
:1026800070475C2048F2E471C4F20200C3F6AC71FA
:102690004162016841F002010160016941F00201FB
:1026A0000161012141627047542048F2E471C4F293
:1026B0000200C3F6AC71C162016821F4805101606F
:1026C000016921F4805101610121C16270475420E8
:1026D00048F2E471C4F20200C3F6AC71C162016851
:1026E00041F480510160016941F48051016101218F
:1026F000C1627047542048F2E471C4F20200C3F68C
:10270000AC71C162016821F400510160016921F4DA
:10271000005101610121C1627047542048F2E47107
:10272000C4F20200C3F6AC71C162016841F4005109
:102730000160016941F4005101610121C1627047EA
:10274000582048F2E471C4F20200C3F6AC71816211
:10275000016821F480710160016921F480710161D7
:10276000012181627047582048F2E471C4F20200EE
:10277000C3F6AC718162016841F480710160016946
:1027800041F480710161012181627047582048F253
:10279000E471C4F20200C3F6AC718162016821F4F5
:1027A00000710160016921F4007101610121816200
:1027B0007047582048F2E471C4F20200C3F6AC71CD
:1027C0008162016841F400710160016941F40071A6
:1027D0000161012181627047502048F2E471C4F226
:1027E0000200C3F6AC710163016821F04001016091
:1027F000016921F04001016101210163704750200E
:1028000048F2E471C4F20200C3F6AC7101630168DE
:1028100041F040010160016941F040010161012185
:1028200001637047502048F2E471C4F20200C3F61D
:10283000AC710163016821F080010160016921F040
:1028400080010161012101637047502048F2E47169
:10285000C4F20200C3F6AC710163016841F080016B
:102860000160016941F0800101610121016370474C
:102870005C2048F2E471C4F20200C3F6AC7141621C
:10288000016821F001010160016921F0010101618C
:102890000121416270475C2048F2E471C4F20200F9
:1028A000C3F6AC714162016841F001010160016948
:1028B00041F001010161012141627047502048F25D
:1028C000E471C4F20200C3F6AC710163016841F027
:1028D00008010160016941F0080101610121016302
:1028E0007047502048F2E471C4F20200C3F6AC71A4
:1028F0000163016841F010010160016941F01001BC
:102900000161012101637047502048F2E471C4F273
:102910000200C3F6AC710163016841F0200101605F
:10292000016941F0200101610121016370475420D8
:1029300048F2E471C4F20200C3F6AC71C1620168EE
:1029400041F001010160016941F0010101610121D2
:10295000C1627047542048F2E471C4F20200C3F629
:10296000AC71C162016841F002010160016941F08E
:10297000020101610121C16270477047411E0020C0
:10298000B0EB116F1CBF012070474EF21002CEF267
:10299000000251604EF62351CEF20001F0230B707D
:1029A0000721906011607047FFF7E7BFF0B581B075
:1029B000044600294FF0050000F0B2800D4648F2B1
:1029C0000001C4F2000101F58053621AE31AB2FA61
:1029D00082F2B3FA83F352095B091A4348F2000307
:1029E000C4F20103E71AB7FA87F77F093A4303F500
:1029F0008057E71B03F50053B7FA87F7E31A7F09FF
:102A0000B3FA83F33A435B091A434AF20003C4F270
:102A10000203E71A03F58053B7FA87F6E31A76093B
:102A2000B3FA83F332435B091A43A7F5C043B3FA01
:102A300083F35B091A43A7F5E043B3FA83F35B0919
:102A400001F5C0411A43631AB3FA83F35B091A43D1
:102A5000D20765D041F24000C4F2020000688C4207
:102A60001CD100F47F00B0F5003F17D94EF21007DB
:102A7000C4F20007386A4FF6FF71AA8888431044F1
:102A80003862FEF74DFE06463868C0030BD5FEF7E8
:102A900047FE801B0A28F7D9032041E068682063BD
:102AA0002889A06304E0B86A298961F30700B86245
:102AB00020686A78297862F3C300AB78AF7A206027
:102AC000606863F30200606020682A7B62F3820022
:102AD0002060E87A2268002822F0020308BF42F052
:102AE000020323602068002940F0800208BF20F024
:102AF00080022260E06A67F30300E062687B206482
:102B00002068A97B61F3461020602068E97B61F3AF
:102B1000041020602068297C61F3092020600020D7
:102B200001B0F0BD7047704770B541F20001044636
:102B300040F48050C4F20301884223D1E068256943
:102B400000F400662E4205D04FF40060206120465C
:102B5000FFF7E8FF46B115F4005005D04FF40050E0
:102B600020612046FFF7DFFF002E08BF70BD15F47F
:102B7000805007D04FF4805120462161BDE870405D
:102B800000F058BB70BDB0B541F20001044640F4FE
:102B90008050C4F20301884218BFB0BDE0682169CB
:102BA00001EA0005280604D580202061204600F0B7
:102BB0003BF8680604D540202061204600F033F839
:102BC000A80604D520202061204600F02BF8E80656
:102BD00004D510202061204600F023F8280704D5F2
:102BE00008202061204600F01BF8680704D5042067
:102BF0002061204600F013F8A80704D502202061C8
:102C0000204600F00BF8E80700D1B0BD01212046B6
:102C10002161BDE8B040AFF3008070477047704756
:102C20007047704770477047704749F6FF72C4F2AB
:102C3000010290424EF200024FF00501C4F2000280
:102C400012DC4DF6FF73C4F20003984222DD90427D
:102C500037D048F20003C4F20103984231D049F260
:102C60000003C4F201032AE04AF6FF73C4F2020330
:102C700098421ADD4BF20003C4F20203984220D0BE
:102C800041F20003C4F2030398421AD00023C4F2B5
:102C9000030314E048F20003C4F20003984210D08A
:102CA00049F20003C4F2000309E04AF20003C4F24F
:102CB0000103984205D04AF20003C4F2020398428D
:102CC00038D180B5416A904221F001014162416AE8
:102CD00021F010014162416A21F480714162416A30
:102CE00021F480514162416A21F002014162416A4E
:102CF00021F020014162416A21F400714162416A80
:102D000021F40051416241F24001C4F202010B681A
:102D1000016807D103F47F02B2F5003F02D9C90769
:102D200003D0016821F00101016000F01DF90021CC
:102D3000BDE8804008467047F0B581B0044649F6CA
:102D4000FF70C4F20100844216DC4DF6FF70C4F23D
:102D50000000844226DD4EF20000C4F200008442EE
:102D600037D048F20000C4F20100844231D049F269
:102D70000000C4F201002AE04AF6FF70C4F202002B
:102D800084421ADD4BF20000C4F20200844220D0DB
:102D900041F20000C4F2030084421AD00020C4F2C1
:102DA000030014E048F20000C4F20000844210D096
:102DB00049F20000C4F2000009E04AF20000C4F247
:102DC0000100844205D04AF20000C4F202008442AD
:102DD0006CD1E768266906EA0705A80505D54FF412
:102DE00000702061204600F0C5F9E80505D54FF4D4
:102DF00080702061204600F055FA680505D54FF433
:102E000080602061204600F02AFA280507F4006758
:102E100005D54FF4006020612046FFF783FE47B1DF
:102E200016F4005005D04FF4005020612046FFF703
:102E30007AFE47B116F4805005D04FF480502061DF
:102E4000204600F0F7F9280604D5802020612046AE
:102E5000FFF7EAFE680604D5402020612046FFF710
:102E6000E2FEA80604D5202020612046FFF7DAFE06
:102E7000E80604D5102020612046FFF7D2FE28077F
:102E800004D5082020612046FFF7CAFE680704D554
:102E9000042020612046FFF7C2FEA80704D50220C7
:102EA00020612046FFF7BAFEE80701D101B0F0BD6E
:102EB00001212046216101B0BDE8F040FFF7ADBE21
:102EC00049F6FF71C4F2010188424FF0050116DC9A
:102ED0004DF6FF72C4F20002904226DD4EF200026F
:102EE000C4F20002904237D048F20002C4F201025C
:102EF000904231D049F20002C4F201022AE04AF6BF
:102F0000FF72C4F2020290421ADD4BF20002C4F2D8
:102F10000202904220D041F20002C4F20302904229
:102F20001AD00022C4F2030214E048F20002C4F2F4
:102F30000002904210D049F20002C4F2000209E0FF
:102F40004AF20002C4F20102904205D04AF20002A5
:102F5000C4F20202904205D180B500F088F8002149
:102F6000BDE880400846704780B549F6FF71C4F25D
:102F70000101884224DD4AF6FF71C4F20201884251
:102F800034DD4BF20001C4F2020188424ED0002130
:102F9000C4F2030188424DD041F20001C4F20301A2
:102FA000884218BF80BDFFF759FB2420FEF736FE8C
:102FB0002520FEF733FE2620FEF730FE272051E0C5
:102FC00047F6FF71C4F2010188421FDC48F200019C
:102FD000C4F2000188423AD049F20001C4F2000173
:102FE000884243D1FFF71EFC1A203BE04AF2000161
:102FF000C4F2010188422ED04AF20001C4F202015B
:10300000884233D1FFF79CFB1E202BE048F20001E1
:10301000C4F20101884222D049F20001C4F2010148
:10302000884223D1FFF740FB1C201BE0FFF7AEFBDB
:103030001F2017E0FFF71CFC2020FEF7EFFD2120EA
:10304000FEF7ECFD2220FEF7E9FD23200AE0FFF762
:10305000C3FB192006E0FFF74DFB1D2002E0FFF740
:10306000D7FA1B20BDE88040FEF7D8BD80BD80B5F3
:1030700049F6FF71C4F20101884224DD4AF6FF716E
:10308000C4F20201884234DD4BF20001C4F20201B5
:1030900088424ED00021C4F2030188424DD041F253
:1030A0000001C4F20301884218BF80BDFFF7E9FAAE
:1030B0002420FEF7C9FD2520FEF7C6FD2620FEF7D9
:1030C000C3FD272051E047F6FF71C4F20101884299
:1030D0001FDC48F20001C4F2000188423AD049F2F4
:1030E0000001C4F20001884243D1FFF7AEFB1A2071
:1030F0003BE04AF20001C4F2010188422ED04AF2BC
:103100000001C4F20201884233D1FFF72CFB1E20DC
:103110002BE048F20001C4F20101884222D049F2BA
:103120000001C4F20101884223D1FFF7D0FA1C202C
:103130001BE0FFF73EFB1F2017E0FFF7ACFB202052
:10314000FEF782FD2120FEF77FFD2220FEF77CFDA9
:1031500023200AE0FFF753FB192006E0FFF7DDFA12
:103160001D2002E0FFF767FA1B20BDE88040FEF754
:103170006BBD80BD01F0B7BA49F6FF71C4F2010121
:1031800088424FF0050116DC4DF6FF72C4F20002D2
:10319000904226DD4EF20002C4F20002904237D087
:1031A00048F20002C4F20102904231D049F200021A
:1031B000C4F201022AE04AF6FF72C4F2020290420F
:1031C0001ADD4BF20002C4F20202904220D041F21A
:1031D0000002C4F2030290421AD00022C4F2030299
:1031E00014E048F20002C4F20002904210D049F20A
:1031F0000002C4F2000209E04AF20002C4F2010235
:10320000904205D04AF20002C4F2020290420FD16D
:10321000C16841F40071C1600168890703D4C168C5
:1032200041F48071C160016841F001010160002139
:1032300008467047704741F2000240F48051C4F2E2
:103240000302914218BF7047C168026911404905E5
:1032500004D54FF48061016100F001B870477047F8
:10326000B0B541F20001044640F48050C4F20301BD
:10327000884218BFB0BDE068216901EA0005A805D1
:1032800005D54FF4007020612046FFF773FFE80575
:1032900000D4B0BD4FF4807120462161BDE8B0403C
:1032A000AFF30080704770477047F0B581B044F6C7
:1032B000FF77C4F2000740F2FC650446B842C2F250
:1032C000000513DD45F20000C4F20000844219D06D
:1032D0000020C4F20100844216D041F20000C4F282
:1032E0000100844240F0EA80D0350EE043F2000055
:1032F000C4F20000844208D0B4F1402F40F0DE80D8
:10330000343502E0683500E09C35606BA16B01EA62
:103310000006300405D54FF40040A063204600F0BD
:1033200001FB700405D54FF48040A063204600F0F7
:1033300004FBB00405D54FF40050A063204600F014
:10334000F8FAF0040ED54FF48050A063E888A988FD
:10335000884204D3A86810B1A9682046884720464F
:1033600000F0E8FA30054ED54FF40060A063206904
:10337000000745D040F2FC60BC42C2F2000012DD02
:1033800045F20001C4F200018C4217D00021C4F2C2
:1033900001018C4214D041F20001C4F201018C42BF
:1033A0002ED1D0300DE043F20001C4F200018C4276
:1033B00007D0B4F1402F23D1343002E0683000E070
:1033C0009C30017F042917D18169C9B1016999B184
:1033D000C18A828A91420FD2A16B11F4E06F78D03A
:1033E000616B21F00101616300218161012101779D
:1033F000006B28B1804703E0206840F0080020609F
:10340000204600F095FA700505D54FF48060A06362
:10341000204600F088FAB00505D54FF40070A0638F
:103420002046FFF741FFF00505D54FF48070A063FB
:10343000204600F076FAF00604D51020A06320465E
:1034400000F07AFA300704D50820A063204600F087
:103450006DFA700704D50420A063204600F065FAD9
:10346000B00707D5A86810B1A9682046884720464C
:1034700000F061FAF00707D0A86910B1A9692046E9
:103480008847204600F050FA41F24000C4F20200A2
:10349000006800F47F00B0F5403F0FD3700604D5FC
:1034A0004020A063204600F042FA300604D5802078
:1034B000A063204600F034FAF00301D401B0F0BD5F
:1034C0004FF480312046A16301B0BDE8F040FFF722
:1034D000EABEE16BC1F3C4216268D2031CD5626805
:1034E000920319D4626802F00302032A14D131B3A3
:1034F000C28A838A9A4222D2626A03696FF35F2288
:103500001A800269013902320261C28A0B0602F195
:103510000102C282ECD112E089B1C28A838A9A4246
:103520000DD2626A036901391A7002690B0602F151
:1035300001020261C28A02F10102C282EDD1616B15
:1035400021F0010161630021816101210177C18ABC
:10355000828A914234BF006B406A00B18047606B41
:1035600020F4006060634BE72DE9F04381B004462E
:1035700000294FF0050000F04B8143F20009C4F22E
:1035800000090D46A4EB0901A4F14023B1FA81F230
:10359000B3FA83F352095B091A43A1F50053B3FA56
:1035A00083F35B091A43A1F55043B3FA83F3A1F502
:1035B00060415B09B1FA81F11A434909114300F0F6
:1035C00027812868F8B144F6FF7840F2FC66C4F21F
:1035D0000008C2F2000644454FF0010015DD45F237
:1035E0000001C4F200018C4217D00021C4F2010195
:1035F0008C4214D041F20001C4F201018C4240F02F
:103600000781D0360CE0052002E14C4508D0B4F12A
:10361000402F40F0FD80343602E0683600E09C36F2
:10362000307B08B10220F3E0307F00284FF0020029
:1036300040F0EE80216878A721F00101216030730D
:103640003077A868002818BF0746204600F0EAF83F
:10365000206840F010002060206840F008002060E2
:103660002068F9783A7961F38A207B7997F806C067
:103670002060206803F0010162F349202060606847
:1036800020F0800040EAC11060602069F9790139BA
:1036900061F30300206120690CF00F0120F0F000BD
:1036A00040EA01102061206B4FF6FF713A89884390
:1036B0001044206338782168002841F4807208BFE4
:1036C00021F480722260B8782168002841F08002DD
:1036D00008BF21F08002226078782168002841F438
:1036E000006241F2400008BF21F400622260C4F28F
:1036F0000200006800F47F00B0F5003F09D94FF4E4
:103700008020FEF75BFA20B12068B97A61F38E3031
:103710002060E8796168FF280AD041F00801616003
:10372000616800F0010021F0100141EA001001E0A1
:1037300021F0080060606068AA79697962F382000C
:103740002B7B6060606861F301006060606873B14A
:1037500040F4803060606068A97B6A7B61F351400F
:103760006060E06A20F0FF001044E06202E020F4B4
:103770008030606044454FF0010011DD41F20001EE
:10378000C4F201018C4213D00021C4F201018C4229
:103790000ED045F20001C4F200018C4205D00FE0CA
:1037A0004C4502D0B4F1402F0AD1FEF7C6FA01E031
:1037B000FEF7D2FA296800EB5100B0FBF1F080B2BD
:1037C000A1684FF6FF7291430844A06020682979F0
:1037D00005F1100761F30C30206001203073307761
:1037E0008FCF06F1200C8CE88F00FF20707370776C
:1037F0004FF0FF30A063206840F004002060206894
:1038000040F002002060206840F0010020600020AD
:1038100001B0BDE8F08300BF00000000000000011F
:103820000000000080B584B044F6FF72C4F20002CC
:1038300000219042CDF8091022DD45F20001C4F2CA
:103840000001884234D00021C4F20101884241D0F5
:1038500041F20001C4F2010188425FD10C200190C5
:1038600006208DF8080044F20000C4F2020000F5C2
:10387000405001A9FDF748FEFFF76CF807203BE038
:1038800043F20001C4F20001884238D0B0F1402F69
:1038900044D10C20019008208DF8080044F200006B
:1038A000C4F2020001A9FDF72FFEFFF71AF835E078
:1038B0000320019008208DF8080044F20000C4F2B3
:1038C000020000F5405001A9FDF71EFEFFF71CF8AD
:1038D000052011E04FF44060019008208DF80800A9
:1038E00044F20000C4F2020000F5005001A9FDF707
:1038F0000BFEFFF71CF80620FEF7A6F90EE04FF4CA
:10390000C060019008208DF8080044F20000C4F265
:10391000020001A9FDF7F8FDFEF7D0FF04B080BD5D
:1039200070477047704770477047704770477047DF
:10393000704770477047704770477047FEE77047A1
:10394000704700F011F8FCF72BFC704780B5FEF7CC
:10395000E8F8BDE88040FFF727B820B140F2000149
:10396000C2F200010860704740F200004EF60851B4
:10397000C0F60000CEF20001086041F23000C4F24F
:10398000020048F2E4724261026822F00202026020
:103990004FF480324261D1F8800040F47000C1F8E9
:1039A0008000704748F20000C4F20100FFF7C4B97C
:1039B00041F20000C4F20300FFF7B6B841F2000084
:1039C000C4F20300FFF7DFB841F20000C4F20300C5
:1039D000FFF731BC41F20000C4F20300FFF740BC26
:1039E00049F20000C4F20100FFF7A6B94AF2000054
:1039F000C4F20100FFF7A0B94AF20000C4F20200CD
:103A0000FFF79AB94BF20000C4F20200FFF794B935
:103A100048F20000C4F20000FFF78EB949F200003E
:103A2000C4F20000FFF788B90020C4F20300FFF7DA
:103A30007BB80020C4F20300FFF7A5B80020C4F251
:103A40000300FFF7F8BB0020C4F20300FFF708BC37
:103A500043F20000C4F20000FFF727BC4FF0402003
:103A6000FFF723BC45F20000C4F20000FFF71DBCC5
:103A70000020C4F20100FFF718BC41F20000C4F2BC
:103A80000100FFF712BC0000FEE70000FEE770B582
:103A900094B005AE0D46044630463C21FCF779FC57
:103AA0000020CDE90300CDE90104ADF8140040F693
:103AB0000060C0F22770CDE906054FF48370ADF8C1
:103AC000200001200C218DF822008DF82B008DF8AC
:103AD0002D1001A98DF8340045F200000C91C4F2BC
:103AE00001003146FCF704FF40F2B400C2F20000CE
:103AF000046014B070BD80B582B00020CDE9000034
:103B000040F2794245F20000C2F20002C4F2010024
:103B10006946FDF7B0F880B940F24020C2F20000DB
:103B2000036853B1DDE9000101F00F0240F2794171
:103B300020F06040C2F20001984702B080BD80B51D
:103B400082B0024640F2B400C2F20000006820F0E9
:103B50006040009041F0800000F08F00019045F23D
:103B60000000C4F201006946FDF7D4F802B080BD40
:103B700040F24021C2F200010860704745F20000A7
:103B8000C4F201000068C0F34020704780B5FFF721
:103B90007EFF44F2D540C0F60000BDE88040FFF74C
:103BA000E7BF0000F0B581B0C9B10C46054600265C
:103BB000002000BF06F10801271AA14238BF0827DC
:103BC000A819F9B2FFF7BBFFFFF7D8FF10B100F05B
:103BD00071F9F9E716FA87F086B2A642EAD301B086
:103BE000F0BD000010B58AB1038845F2920CC0F612
:103BF000000C00BF11F801EB9CB28EEA14243CF8D3
:103C00001440013A84EA03230380F3D110BD00007D
:103C100080B58AB1D0F800E045F2942CC0F6000CD3
:103C200011F8013B013A83EA1E635CF8233083EA12
:103C30000E2EC0F800E0F3D180BD0000F0B583B0D7
:103C4000002502950299814216D2044644F61F6669
:103C500044F6206701950198B04205D801980130DB
:103C600001900198B842F9D300F024F9029801308C
:103C700002900298A042EDD303B0F0BD2DE9F04FC1
:103C800081B043F20009C4F20209064600F178450A
:103C9000484693468846FDF75AFAB5FBF0F482464B
:103CA00004FB105090B106EB0B006FF0006108446C
:103CB000B0FBFAF0C5B200BF0134E1B28D420DD3C2
:103CC0004846FDF777F90028F6D005E0E1B248460E
:103CD000FDF770F90028E6D0002027E0BBF1000FC7
:103CE00023D0002406F17840B0FBFAF108EB04057C
:103CF00001FB0AF1081A0AEB0007BB4538BF5F4613
:103D0000484631462A463B46FDF790F9B842E3D192
:103D1000484631462A463B46FDF744FAB842DBD1D5
:103D20003E44BBEB070B3C44DCD1012001B0BDE8B5
:103D3000F08F70B584B00446012000FA01F500262A
:103D4000204629460396CDE90166FDF75BFB01207D
:103D5000C0F20010029001A9204601958DF80C6078
:103D6000FDF7D2FB04B070BD10B582B047F2000180
:103D70000020C0F6000101900A68B2F5603F0AD841
:103D80004C6801F5805101A8FFF742FF0198001B24
:103D9000B0FA80F0400902B010BD40F22C20C2F20F
:103DA00000000021017040F2CC50C2F2000001601E
:103DB000704740F25120C2F20000007870470000C6
:103DC000B0B504460088042831D8DFE800F003319C
:103DD000121C2200FFF7C8FFA0B340F2CC50C2F281
:103DE00000000021016040F22C20C2F200000170AE
:103DF000B0BDE588D4F8021004F10A002A46FCF7A9
:103E000064FA2581B0BDD4F80200E28804F10A0109
:103E100006E0E28847F2000004F10A01C0F6000063
:103E2000FFF72CFF08B90020E08000202081B0BD02
:103E3000A17A40F22C20C2F2000001220029027077
:103E400018BFB0BD4FF0FF302080B0BD10B540F2BC
:103E50002C20C2F20000007858BB40F2CC50C2F2D5
:103E60000000016844F6206201319142016020D3D4
:103E700000210160FFF79DFFD8B9FFF775FFC0B1C2
:103E800049F20004C4F2000404F54050FDF7C7FDF8
:103E90002046FEF7CAFEEFF3108072B648F200002B
:103EA000C0F60000D0E9000180F30888BDE81040AA
:103EB000084710BD4CF20000C4F20000FDF70DBE33
:103EC00010B582B00021CDE9001141F24001C4F2E9
:103ED00002010A687C2102F47F02C4F20201B2F5F9
:103EE000003F48F2E47294BF0B688B68C3F6AC7273
:103EF000DB060BD54A608B68102464F305038B60E6
:103F00000B6864F305030B6001234B604A600A6889
:103F10004CF2000442F4006222F03F020A600122E7
:103F20004A604FF44071C4F20004ADF804100090F0
:103F300069462046FDF79EFD2046FDF7E4FD02B0F0
:103F400010BD10B546F20004C4F2020420460D2153
:103F5000FFF7EFFE20464FF400510022BDE810406D
:103F6000FDF7C4BB40F23022C2F20002106841F2F9
:103F7000883101308842106038BF704746F2000037
:103F80000023C4F202004FF400511360FDF793BB0D
:103F900086B04FF48171ADF8041049F2005141F23E
:103FA0006C00C0F6BA21C4F202000291016811F55A
:103FB000807F04D341F20020C0F27A0001E0006863
:103FC000000A03904FF0021004900120ADF8140095
:103FD0000020C4F2020001A9FEF730FA50B902989D
:103FE000FFF7BBFC01200621FDF786FE012003211F
:103FF000FDF7EFFEFDF7A2FD1420FFF71FFE00F016
:1040000061FB00BF00F048F8FFF720FF00F069FBFC
:10401000FFF771FDF6E780B540F25120C2F20000D3
:104020000021017040F26030C2F20000018040F2D5
:104030006230C2F20000017040F26430C2F200004F
:10404000018040F24C20C2F20000016040F250209A
:10405000C2F200000170022000F0F5F84FF47A700F
:1040600000F0D4F944F2F740C0F6000000F0C2F9C5
:1040700043F6A530C0F6000000F0C2F94EF6480144
:10408000C0F201014AF65520FFF780FD4FF4E13000
:10409000BDE8804000F065BB2DE9F04F81B000F035
:1040A000BBF90DF1010000F092FB40F25125002810
:1040B000C2F200054FD040F2643840F2623640F25E
:1040C000522940F26037C2F200084FF0000BC2F2F2
:1040D0000006C2F200094FF0010AC2F200070DF11A
:1040E000010400BF2878012830D130789DF80120E4
:1040F000A8F800B090B13B88022803F10101398093
:1041000009F8032013D0012820D188B202281DD33A
:1041100099F80100412815D1022011E0012A15D19A
:1041200089F800A0A7F800A086F800A00EE088B2E9
:104130000D280BD3B9F80A100E31814206D803209E
:10414000307003E0A7F800B086F800B0204600F019
:104150003EFB0028C6D100F04EFB287801286FD125
:1041600040F26236C2F20006317840F26038002038
:104170000329C2F20008ADF8020028D1B8F8000007
:1041800040F25224C2F200040238275A82B20DF1E2
:1041900002002146FFF726FDBDF80200874212D13A
:1041A000A078012807D1E07828B940F25020C2F267
:1041B000000001210170B8F8001040F25220C2F254
:1041C0000000FFF7EFFC0020A8F80000307040F27C
:1041D0006430C2F20000018841F2883301318AB2B2
:1041E0009A42018004D300210180A8F800103170A8
:1041F0002878012824D140F25024C2F2000420780B
:10420000F0B940F24C25C2F20005286840F6C4110E
:1042100001308842286004D30020286000F024FA8E
:10422000286868B940F23420C2F2000001780131F8
:10423000CAB2032A017003D3012121700021017049
:1042400001B0BDE8F08F40F2D051C2F200014FF44E
:104250007A720A6040F27641C2F2000100220A80BE
:1042600040F27841C2F200010A7040F26631C2F2B7
:1042700000010A7040F24421C2F200010A6040F2DB
:104280003C21C2F200010A6040F24821C2F2000162
:104290000A6040F23821C2F200010A6040F22E2189
:1042A000C2F200010A8040F23521C2F2000108701A
:1042B000704710B540F26632C2F200021178002950
:1042C00053D140F22E2140F2764CC2F2000100237D
:1042D000C2F2000C0B80BCF8003040F2673140F2B3
:1042E000784EC2F20001C2F2000EC8549EF80000DF
:1042F00001330228ACF8003022D0012805D058BB89
:1043000098B2022828D101202DE0487841280DD00C
:10431000102805D0032823D198B207280DD824E00F
:1043200098B2092821D3CC880A3404E098B20D2829
:104330001BD34C890E3484420ED802208EF8000024
:104340000878012806D040F23521C2F20001097830
:10435000884205D10120107098B2B0F5877F04D350
:104360000020ACF800008EF8000010BD70B582B0DF
:1043700040F2764314460022C2F200031A8040F253
:104380007843C2F20003ADF806201A7040F23522DD
:10439000C2F20002127840F2BC45C2F200052A7057
:1043A00041226A704268006805F10C06C5F80620D3
:1043B000C5F80200304622466C81FBF786FF04F107
:1043C0000C0082B20DF106002946FFF70BFC40F20B
:1043D0004420C2F200000268BDF8060030533AB132
:1043E00004F10E0081B240F2BC40C2F200009047DE
:1043F00002B070BD40F23821C2F20001086070477F
:1044000040F24421C2F200010860704740F2D051EE
:10441000C2F20001086070472DE9F04182B040F21D
:104420002E20C2F20000018840F2D052C2F20002F7
:1044300001311268018089B240F2764540F2784835
:104440008A42C2F20005C2F2000804D800210180AD
:10445000298088F8001040F26637C2F200073878E9
:1044600000210128ADF8061031D1288840F26734C8
:10447000C2F200040238265A82B20DF1060021462B
:10448000FFF7B0FBBDF8060086421BD160784128DB
:1044900008D010280BD0032814D140F23C20C2F2DF
:1044A000000008E040F23820C2F2000003E040F2D1
:1044B0004820C2F20000016821B140F26730C2F228
:1044C000000088470020288088F80000387002B07B
:1044D000BDE8F081B0B514464AF65522904209D1A4
:1044E000002C08BFB0BD0D4615F8010BFFF7E1FE2B
:1044F000013CF9D1B0BDF0B5C5B004460078012843
:1045000049D140F25121C2F20001012040F264324F
:104510000870C2F20002002140F25023118040F2E4
:104520006032C2F20003C2F200021B78118040F236
:104530006232002BC2F2000211703FD0ADF80210BF
:1045400061788DF804008DF80510D4F80600D4F8D1
:104550000210658901AECDF80A00CDF8061006F10B
:104560000C0004F10C012A46ADF80E50FBF768FE72
:1045700005F10C0087B20DF1020031463A46FFF713
:1045800031FBBDF80200F05305F10E0081B2304658
:1045900000F029F914E0A51C2846FFF711FCA078CB
:1045A000FF2802D1E078FF280DD0628904F10C01C8
:1045B000284645B0BDE8F040FFF7D8BE00F054F8FB
:1045C0004FF6FF70608045B0F0BD10B54FF49471A8
:1045D0000446FBF7BCFE4FF49070A4F8240110BD14
:1045E00010B5B0F824C1944538BF10BDB0F82231E1
:1045F0008AB194461FFA83FE01339CB26409082CE9
:1046000011F8014B88BF0023BCF1010C00F80E40EB
:10461000F0D1B0F824C1A0F82231B0F82631ACEBCB
:104620000201A0F824119918A0F8261110BDB0F8C5
:104630002621BAB1B0F82021835C0B70511C8AB2DC
:104640005209082A88BF0021B0F82421A0F82011BF
:10465000511CB0F82621A0F82411511EA0F82611F3
:10466000012070470020704710B582B04FF6AA7045
:1046700000234FF0010EFF220721EC46ADF80000A9
:10468000CDF8023082EA0300082200BFC4B281EAFA
:104690004403000658BF6300013A1846F6D10EF1F4
:1046A000010EBEF1060F02D01CF80E20EAE75520DD
:1046B0008DF80700684608218DF8063000F093F861
:1046C00002B010BD80B54FF47A70FFF7F9FBFFF729
:1046D00038FCFFF762FBFFF79EFCBDE8804000F06E
:1046E00013B8FFF7E7BB10B540F2CA54C2F200049A
:1046F00020780130C1B20529207018BF10BDFFF726
:1047000031FC0020207010BD70B586B001AC204691
:104710001421FBF73EFEFDF710FB49F20006C4F240
:10472000000605463046FEF7CBFB45F6C5212809B5
:10473000C0F67C21A0FB01010120ADF80400C809EE
:1047400002900020ADF80C0040F20110ADF80F000F
:1047500030462146FEF72AF93046FEF70DFD06B039
:1047600070BDB0B58AB001AD0446281D2021FBF70D
:1047700010FE0194032043F20004ADF80900FF206D
:10478000C4F200048DF80B0020462946FEF7ECFE2B
:10479000206840F0100020604FF48050A063206833
:1047A00040F004002060206840F004002060206891
:1047B00040F008002060206840F00200206040F2D5
:1047C000D450C2F20000FFF700FF0AB0B0BD43F2C0
:1047D0002401C4F200018A6992054FBF00200968D4
:1047E0000170012070470A46014640F2D450C2F2DF
:1047F0000000FFF7F5BE10B582B043F22004C4F20A
:104800000004E06940070BD440F2D450C2F200002B
:104810000DF10701FFF70BFF10B19DF807002060B5
:1048200002B010BD10B591EA030F48BF83F00043FA
:1048300000F14083841A71EB030C05D2121943EB8B
:104840000C03001B61EB0C014FEA1154A4EB135C49
:10485000DFF81CE11EEA430F18BF9EEA445F73D0E5
:1048600021EA045123EA0E0343F48013DCF1200E05
:1048700032D322FA0CFE10EB0E0023FA0CFE41EBB1
:104880000E01CCF1200E03FA0EFE10EB0E00CCF15F
:10489000200E51F10001B1F5801F32D201EB04511D
:1048A00012FA0EF2BDE8104058BF7047401C38BFE6
:1048B0005FEA420218BF7047002814BF20F00100D1
:1048C00041F100014FEA410313F5001F38BF704763
:1048D000A1F1C04100F0E0BA012A43EB0302ACF1C0
:1048E000200CDCF11F0E32BF4FF0000E23FA0CF348
:1048F00010EB030041EB0451B4EB115FD0D0A1EBFE
:10490000045101F58011490801EB04515FEA3000C0
:104910000ED350F1000038BF12FA0EFE08D1BDE8E8
:104920001040C9E7401C38BF5FEA4202CAD1C3E762
:10493000BDE810404FEA410313F5001F38BF704730
:10494000A1F1C04100F0A8BA9EEA445F08D011EA84
:104950005E0FBDE8104004BF01F000410020704729
:10496000BDE8104070B500F049FA00BF64FBBE3EE0
:104970000000E0FF2DE9C04130B4DFF8A0C23CEAFE
:10498000111418BF3CEA131400F0EC801CEA111457
:1049900081EA030544EAD57418BF1CEA131500F038
:1049A000C780A4EB050404F17F7404F500344FF0D4
:1049B000004545EAC12145EAC32341EA505143EA93
:1049C00052534FEAC0204FEAC222994208BF904298
:1049D00000F09C804FEA13650FF24016765D4FEAB7
:1049E000134506FB05F7C7F1807706FB07F74FEA8B
:1049F000D737A7FB03687642A7FB06CEC8F58038F9
:104A000038BFA8F1010807FB08E6A6FB028C4FF0AF
:104A1000000EE6FB03CEDCF1000CCEF1004E38BFF9
:104A2000AEF1010EA6FB0C584FF00007E6FB0E8717
:104A3000A1FB08C6A0FB07CE16EB0E064FF0000543
:104A400045F10005E1FB076515F1E04E7EBFA4F5D9
:104A500080345FEA46066D4116F1800745F1000596
:104A60004FEA172747EA05674FEA15254FEA06661A
:104A7000A6F1DE46B6F1805F1FD9384605EBC4715A
:104A800024F0010C01EB0C11BCF1FE6F02D8F0BC5C
:104A9000BDE8008124425CBF01F5801E9EEAC47F10
:104AA00002D4F0BCBDE80081244238D4A1F1C04159
:104AB000F0BCBDE8004100F0EFB94FEAD02040EA79
:104AC00041504FEAD1214FEAD22242EA43524FEA03
:104AD000D323A7FB028607FB036605FB02661EEADB
:104AE0000E0F58BFA6EB0056B6EB00564FEA520E1B
:104AF0004EEAC37E18EB0E0E56EB530EBDD518EBE7
:104B000002085E417F1C55F10005B6E74FF48015A1
:104B10004FF000074FF000064FF00008ADE701F13D
:104B2000C04101F000414FF00000F0BCBDE8008141
:104B30000CEA131511EA0C1F00D00CE013EA0C1F4D
:104B400000F025804FF0000081EA030101F00041F0
:104B5000F0BCBDE80081F0BCBDE8004181EA030182
:104B600000F09AB9F0BCBDE8004170B500F046F91C
:104B7000097EFC3E00F007B84FF0000081EA030117
:104B800001F00041704781EA030100F085B9F0BCF3
:104B9000BDE8004122494FF000007047FFFDFBF9DE
:104BA000F7F5F4F2F0EEEDEBE9E8E6E4E3E1E0DE60
:104BB000DDDBDAD8D7D5D4D3D1D0CFCDCCCBCAC8D2
:104BC000C7C6C5C4C2C1C0BFBEBDBCBBBAB9B8B7F9
:104BD000B6B5B4B3B2B1B0AFAEADACABAAA9A8A8EC
:104BE000A7A6A5A4A3A3A2A1A09F9F9E9D9C9C9BBA
:104BF0009A99999897979695959493939291919065
:104C00008F8F8E8E8D8C8C8B8B8A898988888787F5
:104C10008685858484838382828181800000FF076A
:104C20000000F87F4FEA41034FEA5353A3F5806336
:104C3000D3F11E03C8BFD3F1210C0CDD4FF00042AD
:104C400042EAC12242EA505232FA03FC8CEAE17C89
:104C5000ACEBE1707047102BC4BF0020704703F528
:104C6000787CBCF1FF3F04D06FF0004282EA210063
:104C7000704770B500F0C2F8499224800020704758
:104C8000F2E7B0FA80F310FA03F10AD0C3F11D0382
:104C900003F580634FEA03524FEA415002EBD12102
:104CA00070474FF00000704770B5DFF848C11CEA4C
:104CB000111E1EBF1CEA13159EEA0C0F95EA0C0F7D
:104CC00000F06F8081EA03044EEAD47EAE4421EA0C
:104CD0004C1123EA4C1341F4801143F48013AEF1DC
:104CE0007F7EA1FB024CA0FB0365361955EB0C053A
:104CF000A1FB034C4CF10003A0FB021C16EB0C06BD
:104D0000654153F10003094218BF46F0010613F450
:104D1000007F0BD14FEA03314FEA053041EA1551CC
:104D200040EA165034036FF003020AE04FEAC32151
:104D30004FEAC52041EA555140EA5650F4026FF05F
:104D4000020202EB2E4201EB025585EACE710AD037
:104D50005FEA440C18BF24F0004450F1000041F118
:104D6000000120EAD47040F2FE7C624500D270BDA2
:104D7000A84214BF4FF080444FF04044002E08BFBB
:104D80000024BEF1806FA8BFA1F1C041BDE8704012
:104D900080F2828001F1C04101F000414FF000003B
:104DA00070470CEA13159EEA0C0F18BF95EA0C0F1A
:104DB00006D081EA030E4FF000000EF0004170BDF6
:104DC00000F01CF88900013E00F007B800F009B8B7
:104DD0004FEA430C5FEA5C5C08D081EA030100F013
:104DE0005BB84FEA410C5FEA5C5CF6D102494FF0D8
:104DF000000070470000FF070000F87F0EF1020E70
:104E00002EF0030E5EF8046B364205D4012A43EB04
:104E1000030515F5001F12D8012841EB010C1CF504
:104E2000001F0CD80ED14FEAD17C0CEB4C0C0CF1CE
:104E3000020C15F5001F08BF4CEBD37C04E04FF0CB
:104E4000080C01E04FEAD37C0CEB4C0526FA05F682
:104E500006F00706B6F1040C06D20EEB860CBDE890
:104E600070404CF0010C6047DFE80CF0090B0202C7
:104E70004FF00041A1F500214FF0000070BD194630
:104E80001046012851EB010418BFD4F5001484BF6B
:104E9000002001F0004170BD0808A0F500114FEAA4
:104EA0003101704710B591EA030F48BF83F000430A
:104EB0003FF5C0AC841A71EB030C07D28CF0004CA8
:104EC000121943EB0C03001B61EB0C014FEA115468
:104ED000A4EB135CDFF89CE11EEA430F18BF9EEAC7
:104EE000445F00F0B08021EA045123EA6E0352428D
:104EF000C3EB6E0338BF5B1EDCF1200E25D322FA14
:104F00000CFE10EB0E0043FA0CFE41EB0E01CCF14F
:104F1000200E03FA0EFE10EB0E00CCF1200E51F124
:104F2000000129D401EB045112FA0EF2BDE8104041
:104F300058BF7047401C1CBFB2F1004F704700289B
:104F40000CBF491C20F00100704712EB020E43EB2E
:104F5000030218BF4FF0010E4EEA4202ACF1200CE2
:104F6000DCF11E0E54D943FA0CFE10EB0E00CCF10E
:104F70001E0E51F1FF31D5D50EF1010E12FA0EFEC3
:104F8000404141EB010101EB445C5FEA5C5C10D9FC
:104F900001EB045110EBDE7038BFBEF1004FBDE8ED
:104FA000104018BF704700280CBF491C20F00100BA
:104FB000704730D24FEAD42C24F4006411F500116C
:104FC0001BD0B1FA81F20B3AA41AA41ED2F120032D
:104FD000914030FA03F31943904001EBCC7101EB9F
:104FE0000451002CBDE81040A8BF704701F1C0413A
:104FF00001F000414FF000007047B0FA80F310FA62
:1050000003F100D110BDE41A173C4805C90AE4E7D2
:1050100001EB045110BD49104FEA300001EB04517F
:10502000BDE8104002E04FF0000170474A0008BFA1
:105030000042F8D0B2F5001F28BF704701F00041D0
:105040004FF0000070479EEA445F07D011EA5E0F00
:10505000BDE8104004BF002100207047BDE81040AB
:1050600070B5FFF7CBFE00BF40DFF63E104683F081
:10507000004170470000E0FFF1EE100A4FF6FF71AB
:10508000C0F2C03120EA010040F04070E1EE100AA9
:10509000704700002110422063308440A550C66054
:1050A000E770088129914AA16BB18CC1ADD1CEE1E5
:1050B000EFF13112100273325222B5529442F7725C
:1050C000D662399318837BB35AA3BDD39CC3FFF335
:1050D000DEE36224433420040114E664C774A4446C
:1050E00085546AA54BB528850995EEE5CFF5ACC585
:1050F0008DD55336722611163006D776F66695563C
:10510000B4465BB77AA719973887DFF7FEE79DD7D4
:10511000BCC7C448E5588668A778400861180228CB
:105120002338CCC9EDD98EE9AFF9488969990AA924
:105130002BB9F55AD44AB77A966A711A500A333A9B
:10514000122AFDDBDCCBBFFB9EEB799B588B3BBB74
:105150001AABA66C877CE44CC55C222C033C600C2B
:10516000411CAEED8FFDECCDCDDD2AAD0BBD688DC4
:10517000499D977EB66ED55EF44E133E322E511E7B
:10518000700E9FFFBEEFDDDFFCCF1BBF3AAF599F14
:10519000788F8891A981CAB1EBA10CD12DC14EF1B4
:1051A0006FE18010A100C230E3200450254046701A
:1051B0006760B9839893FBA3DAB33DC31CD37FE345
:1051C0005EF3B1029012F322D2323542145277626A
:1051D0005672EAB5CBA5A89589856EF54FE52CD515
:1051E0000DC5E234C324A0148104667447642454BA
:1051F0000544DBA7FAB79987B8975FE77EF71DC725
:105200003CD7D326F2369106B01657667676154609
:1052100034564CD96DC90EF92FE9C899E9898AB974
:10522000ABA94458654806782768C018E108823859
:10523000A3287DCB5CDB3FEB1EFBF98BD89BBBAB84
:105240009ABB754A545A376A167AF10AD01AB32AA9
:10525000923A2EFD0FED6CDD4DCDAABD8BADE89DD4
:10526000C98D267C076C645C454CA23C832CE01CF9
:10527000C10C1FEF3EFF5DCF7CDF9BAFBABFD98F64
:10528000F89F176E367E554E745E932EB23ED10E49
:10529000F01E000000000000B71DC1046E3B820933
:1052A000D926430DDC7604136B6BC517B24D861AF5
:1052B0000550471EB8ED08260FF0C922D6D68A2F12
:1052C00061CB4B2B649B0C35D386CD310AA08E3C31
:1052D000BDBD4F3870DB114CC7C6D0481EE09345AA
:1052E000A9FD5241ACAD155F1BB0D45BC296975679
:1052F000758B5652C836196A7F2BD86EA60D9B63E4
:1053000011105A6714401D79A35DDC7D7A7B9F7074
:10531000CD665E74E0B6239857ABE29C8E8DA1916A
:10532000399060953CC0278B8BDDE68F52FBA582C0
:10533000E5E66486585B2BBEEF46EABA3660A9B74D
:10534000817D68B3842D2FAD3330EEA9EA16ADA46C
:105350005D0B6CA0906D32D42770F3D0FE56B0DD9B
:10536000494B71D94C1B36C7FB06F7C32220B4CE7C
:10537000953D75CA28803AF29F9DFBF646BBB8FB67
:10538000F1A679FFF4F63EE143EBFFE59ACDBCE8E8
:105390002DD07DEC77708634C06D4730194B043DBD
:1053A000AE56C539AB0682271C1B4323C53D002ED4
:1053B0007220C12ACF9D8E1278804F16A1A60C1B99
:1053C00016BBCD1F13EB8A01A4F64B057DD0080850
:1053D000CACDC90C07AB9778B0B6567C69901571E9
:1053E000DE8DD475DBDD936B6CC0526FB5E6116258
:1053F00002FBD066BF469F5E085B5E5AD17D1D579B
:105400006660DC5363309B4DD42D5A490D0B194413
:10541000BA16D84097C6A5AC20DB64A8F9FD27A52D
:105420004EE0E6A14BB0A1BFFCAD60BB258B23B61F
:105430009296E2B22F2BAD8A98366C8E41102F8354
:10544000F60DEE87F35DA9994440689D9D662B900B
:105450002A7BEA94E71DB4E0500075E4892636E91A
:105460003E3BF7ED3B6BB0F38C7671F7555032FA5B
:10547000E24DF3FE5FF0BCC6E8ED7DC231CB3ECF1E
:1054800086D6FFCB8386B8D5349B79D1EDBD3ADC87
:105490005AA0FBD8EEE00C6959FDCD6D80DB8E6023
:1054A00037C64F643296087A858BC97E5CAD8A73A5
:1054B000EBB04B77560D044FE110C54B383686469E
:1054C0008F2B47428A7B005C3D66C158E440825581
:1054D000535D43519E3B1D252926DC21F0009F2C66
:1054E000471D5E28424D1936F550D8322C769B3F29
:1054F0009B6B5A3B26D6150391CBD40748ED970AF0
:10550000FFF0560EFAA011104DBDD014949B9319C4
:105510002386521D0E562FF1B94BEEF5606DADF896
:10552000D7706CFCD2202BE2653DEAE6BC1BA9EBF0
:105530000B0668EFB6BB27D701A6E6D3D880A5DE59
:105540006F9D64DA6ACD23C4DDD0E2C004F6A1CD3C
:10555000B3EB60C97E8D3EBDC990FFB910B6BCB437
:10556000A7AB7DB0A2FB3AAE15E6FBAACCC0B8A7AC
:105570007BDD79A3C660369B717DF79FA85BB492F3
:105580001F4675961A163288AD0BF38C742DB081B8
:10559000C330718599908A5D2E8D4B59F7AB0854B5
:1055A00040B6C95045E68E4EF2FB4F4A2BDD0C4704
:1055B0009CC0CD43217D827B9660437F4F46007225
:1055C000F85BC176FD0B86684A16476C9330046120
:1055D000242DC565E94B9B115E565A158770191825
:1055E000306DD81C353D9F0282205E065B061D0B88
:1055F000EC1BDC0F51A69337E6BB52333F9D113EA7
:105600008880D03A8DD097243ACD5620E3EB152DE3
:1056100054F6D4297926A9C5CE3B68C1171D2BCCD9
:10562000A000EAC8A550ADD6124D6CD2CB6B2FDFCF
:105630007C76EEDBC1CBA1E376D660E7AFF023EA60
:1056400018EDE2EE1DBDA5F0AAA064F4738627F95B
:10565000C49BE6FD09FDB889BEE0798D67C63A8036
:10566000D0DBFB84D58BBC9A62967D9EBBB03E930B
:105670000CADFF97B110B0AF060D71ABDF2B32A6AA
:105680006836F3A26D66B4BCDA7B75B8035D36B5D7
:10569000B440F7B10102020200000000FFFFFF1F4B
:1056A00000127A00002A7515010016000080000023
:1056B000030000000200000000127A000057A61646
:1056C0000100170000C000000300000002000000FD
:1056D00000127A000084D7170100190000000000B2
:1056E000030000000200000000127A0000B1081957
:1056F00001001A000040000003000000020000004A
:1057000000127A0000DE391A01001B000080000040
:10571000030000000200000000127A00000B6B1B67
:1057200001001C0000C00000030000000200000097
:1057300000127A0000389C1C01001E0000000000CE
:105740000300000002000000001BB700002A7515CE
:1057500001000F0000000000030000000200000034
:10576000001BB7000057A61601000F0055D500001A
:105770000300000002000000001BB7000084D717E0
:1057800001001000AAAA00000300000002000000AF
:10579000001BB70000B108190100110000800000D3
:1057A0000300000002000000001BB70000DE391AF1
:1057B0000100120055550000030000000200000027
:1057C000001BB700000B6B1B01001300AA2A00008E
:1057D0000300000002000000001BB70000389C1C02
:1057E000010014000000000003000000020000009F
:1057F00000127A0000E1F5050100060000400000FB
:10580000000000000200000000127A0080778E067F
:105810000100060000E0000000000000020000009F
:1058200000127A00000E2707010007000080000028
:10583000000000000200000000127A0080A4BF07F0
:10584000010008000020000000000000020000002D
:1058500000127A00003B58080100080000C0000058
:10586000000000000200000000127A0080D1F00861
:1058700001000900006000000000000002000000BC
:1058800000127A000068890901000A000000000087
:10589000000000000200000000127A0080FE210AD1
:1058A00001000A0000A0000000000000020000004B
:1058B00000127A000095BA0A01000B0000400000B7
:1058C000000000000200000000127A00802B530B41
:1058D00001000B0000E000000000000002000000DA
:1058E00000127A0000C2EB0B01000C0000800000E7
:1058F000000000000200000000127A008058840CB2
:1059000001000D0000200000010000000200000066
:1059100000127A0000EF1C0D01000D0000C0000015
:10592000010000000200000000127A008085B50D21
:1059300001000E00006000000100000002000000F5
:1059400060590008000000200C000000DC01000885
:105950006C5900080C000020F8070000F80100084E
:1059600000127A00010000000F000000FFFFFFFF9F
:10597000FFFFFFFFFFFFFFFFFFFFFFFFFFFFFFFF37
:10598000FFFFFFFFFFFFFFFFFFFFFFFFFFFFFFFF27
:10599000FFFFFFFFFFFFFFFFFFFFFFFFFFFFFFFF17
:1059A000FFFFFFFFFFFFFFFFFFFFFFFFFFFFFFFF07
:1059B000FFFFFFFFFFFFFFFFFFFFFFFFFFFFFFFFF7
:1059C000FFFFFFFFFFFFFFFFFFFFFFFFFFFFFFFFE7
:1059D000FFFFFFFFFFFFFFFFFFFFFFFFFFFFFFFFD7
:1059E000FFFFFFFFFFFFFFFFFFFFFFFFFFFFFFFFC7
:1059F000FFFFFFFFFFFFFFFFFFFFFFFFFFFFFFFFB7
:105A0000FFFFFFFFFFFFFFFFFFFFFFFFFFFFFFFFA6
:105A1000FFFFFFFFFFFFFFFFFFFFFFFFFFFFFFFF96
:105A2000FFFFFFFFFFFFFFFFFFFFFFFFFFFFFFFF86
:105A3000FFFFFFFFFFFFFFFFFFFFFFFFFFFFFFFF76
:105A4000FFFFFFFFFFFFFFFFFFFFFFFFFFFFFFFF66
:105A5000FFFFFFFFFFFFFFFFFFFFFFFFFFFFFFFF56
:105A6000FFFFFFFFFFFFFFFFFFFFFFFFFFFFFFFF46
:105A7000FFFFFFFFFFFFFFFFFFFFFFFFFFFFFFFF36
:105A8000FFFFFFFFFFFFFFFFFFFFFFFFFFFFFFFF26
:105A9000FFFFFFFFFFFFFFFFFFFFFFFFFFFFFFFF16
:105AA000FFFFFFFFFFFFFFFFFFFFFFFFFFFFFFFF06
:105AB000FFFFFFFFFFFFFFFFFFFFFFFFFFFFFFFFF6
:105AC000FFFFFFFFFFFFFFFFFFFFFFFFFFFFFFFFE6
:105AD000FFFFFFFFFFFFFFFFFFFFFFFFFFFFFFFFD6
:105AE000FFFFFFFFFFFFFFFFFFFFFFFFFFFFFFFFC6
:105AF000FFFFFFFFFFFFFFFFFFFFFFFFFFFFFFFFB6
:105B0000FFFFFFFFFFFFFFFFFFFFFFFFFFFFFFFFA5
:105B1000FFFFFFFFFFFFFFFFFFFFFFFFFFFFFFFF95
:105B2000FFFFFFFFFFFFFFFFFFFFFFFFFFFFFFFF85
:105B3000FFFFFFFFFFFFFFFFFFFFFFFFFFFFFFFF75
:105B4000FFFFFFFFFFFFFFFFFFFFFFFFFFFFFFFF65
:105B5000FFFFFFFFFFFFFFFFFFFFFFFFFFFFFFFF55
:105B6000FFFFFFFFFFFFFFFFFFFFFFFFFFFFFFFF45
:105B7000FFFFFFFFFFFFFFFFFFFFFFFFFFFFFFFF35
:105B8000FFFFFFFFFFFFFFFFFFFFFFFFFFFFFFFF25
:105B9000FFFFFFFFFFFFFFFFFFFFFFFFFFFFFFFF15
:105BA000FFFFFFFFFFFFFFFFFFFFFFFFFFFFFFFF05
:105BB000FFFFFFFFFFFFFFFFFFFFFFFFFFFFFFFFF5
:105BC000FFFFFFFFFFFFFFFFFFFFFFFFFFFFFFFFE5
:105BD000FFFFFFFFFFFFFFFFFFFFFFFFFFFFFFFFD5
:105BE000FFFFFFFFFFFFFFFFFFFFFFFFFFFFFFFFC5
:105BF000FFFFFFFFFFFFFFFFFFFFFFFFFFFFFFFFB5
:105C0000FFFFFFFFFFFFFFFFFFFFFFFFFFFFFFFFA4
:105C1000FFFFFFFFFFFFFFFFFFFFFFFFFFFFFFFF94
:105C2000FFFFFFFFFFFFFFFFFFFFFFFFFFFFFFFF84
:105C3000FFFFFFFFFFFFFFFFFFFFFFFFFFFFFFFF74
:105C4000FFFFFFFFFFFFFFFFFFFFFFFFFFFFFFFF64
:105C5000FFFFFFFFFFFFFFFFFFFFFFFFFFFFFFFF54
:105C6000FFFFFFFFFFFFFFFFFFFFFFFFFFFFFFFF44
:105C7000FFFFFFFFFFFFFFFFFFFFFFFFFFFFFFFF34
:105C8000FFFFFFFFFFFFFFFFFFFFFFFFFFFFFFFF24
:105C9000FFFFFFFFFFFFFFFFFFFFFFFFFFFFFFFF14
:105CA000FFFFFFFFFFFFFFFFFFFFFFFFFFFFFFFF04
:105CB000FFFFFFFFFFFFFFFFFFFFFFFFFFFFFFFFF4
:105CC000FFFFFFFFFFFFFFFFFFFFFFFFFFFFFFFFE4
:105CD000FFFFFFFFFFFFFFFFFFFFFFFFFFFFFFFFD4
:105CE000FFFFFFFFFFFFFFFFFFFFFFFFFFFFFFFFC4
:105CF000FFFFFFFFFFFFFFFFFFFFFFFFFFFFFFFFB4
:105D0000FFFFFFFFFFFFFFFFFFFFFFFFFFFFFFFFA3
:105D1000FFFFFFFFFFFFFFFFFFFFFFFFFFFFFFFF93
:105D2000FFFFFFFFFFFFFFFFFFFFFFFFFFFFFFFF83
:105D3000FFFFFFFFFFFFFFFFFFFFFFFFFFFFFFFF73
:105D4000FFFFFFFFFFFFFFFFFFFFFFFFFFFFFFFF63
:105D5000FFFFFFFFFFFFFFFFFFFFFFFFFFFFFFFF53
:105D6000FFFFFFFFFFFFFFFFFFFFFFFFFFFFFFFF43
:105D7000FFFFFFFFFFFFFFFFFFFFFFFFFFFFFFFF33
:105D8000FFFFFFFFFFFFFFFFFFFFFFFFFFFFFFFF23
:105D9000FFFFFFFFFFFFFFFFFFFFFFFFFFFFFFFF13
:105DA000FFFFFFFFFFFFFFFFFFFFFFFFFFFFFFFF03
:105DB000FFFFFFFFFFFFFFFFFFFFFFFFFFFFFFFFF3
:105DC000FFFFFFFFFFFFFFFFFFFFFFFFFFFFFFFFE3
:105DD000FFFFFFFFFFFFFFFFFFFFFFFFFFFFFFFFD3
:105DE000FFFFFFFFFFFFFFFFFFFFFFFFFFFFFFFFC3
:105DF000FFFFFFFFFFFFFFFFFFFFFFFFFFFFFFFFB3
:105E0000FFFFFFFFFFFFFFFFFFFFFFFFFFFFFFFFA2
:105E1000FFFFFFFFFFFFFFFFFFFFFFFFFFFFFFFF92
:105E2000FFFFFFFFFFFFFFFFFFFFFFFFFFFFFFFF82
:105E3000FFFFFFFFFFFFFFFFFFFFFFFFFFFFFFFF72
:105E4000FFFFFFFFFFFFFFFFFFFFFFFFFFFFFFFF62
:105E5000FFFFFFFFFFFFFFFFFFFFFFFFFFFFFFFF52
:105E6000FFFFFFFFFFFFFFFFFFFFFFFFFFFFFFFF42
:105E7000FFFFFFFFFFFFFFFFFFFFFFFFFFFFFFFF32
:105E8000FFFFFFFFFFFFFFFFFFFFFFFFFFFFFFFF22
:105E9000FFFFFFFFFFFFFFFFFFFFFFFFFFFFFFFF12
:105EA000FFFFFFFFFFFFFFFFFFFFFFFFFFFFFFFF02
:105EB000FFFFFFFFFFFFFFFFFFFFFFFFFFFFFFFFF2
:105EC000FFFFFFFFFFFFFFFFFFFFFFFFFFFFFFFFE2
:105ED000FFFFFFFFFFFFFFFFFFFFFFFFFFFFFFFFD2
:105EE000FFFFFFFFFFFFFFFFFFFFFFFFFFFFFFFFC2
:105EF000FFFFFFFFFFFFFFFFFFFFFFFFFFFFFFFFB2
:105F0000FFFFFFFFFFFFFFFFFFFFFFFFFFFFFFFFA1
:105F1000FFFFFFFFFFFFFFFFFFFFFFFFFFFFFFFF91
:105F2000FFFFFFFFFFFFFFFFFFFFFFFFFFFFFFFF81
:105F3000FFFFFFFFFFFFFFFFFFFFFFFFFFFFFFFF71
:105F4000FFFFFFFFFFFFFFFFFFFFFFFFFFFFFFFF61
:105F5000FFFFFFFFFFFFFFFFFFFFFFFFFFFFFFFF51
:105F6000FFFFFFFFFFFFFFFFFFFFFFFFFFFFFFFF41
:105F7000FFFFFFFFFFFFFFFFFFFFFFFFFFFFFFFF31
:105F8000FFFFFFFFFFFFFFFFFFFFFFFFFFFFFFFF21
:105F9000FFFFFFFFFFFFFFFFFFFFFFFFFFFFFFFF11
:105FA000FFFFFFFFFFFFFFFFFFFFFFFFFFFFFFFF01
:105FB000FFFFFFFFFFFFFFFFFFFFFFFFFFFFFFFFF1
:105FC000FFFFFFFFFFFFFFFFFFFFFFFFFFFFFFFFE1
:105FD000FFFFFFFFFFFFFFFFFFFFFFFFFFFFFFFFD1
:105FE000FFFFFFFFFFFFFFFFFFFFFFFFFFFFFFFFC1
:105FF000FFFFFFFFFFFFFFFFFFFFFFFFFFFFFFFFB1
:10600000FFFFFFFFFFFFFFFFFFFFFFFFFFFFFFFFA0
:10601000FFFFFFFFFFFFFFFFFFFFFFFFFFFFFFFF90
:10602000FFFFFFFFFFFFFFFFFFFFFFFFFFFFFFFF80
:10603000FFFFFFFFFFFFFFFFFFFFFFFFFFFFFFFF70
:10604000FFFFFFFFFFFFFFFFFFFFFFFFFFFFFFFF60
:10605000FFFFFFFFFFFFFFFFFFFFFFFFFFFFFFFF50
:10606000FFFFFFFFFFFFFFFFFFFFFFFFFFFFFFFF40
:10607000FFFFFFFFFFFFFFFFFFFFFFFFFFFFFFFF30
:10608000FFFFFFFFFFFFFFFFFFFFFFFFFFFFFFFF20
:10609000FFFFFFFFFFFFFFFFFFFFFFFFFFFFFFFF10
:1060A000FFFFFFFFFFFFFFFFFFFFFFFFFFFFFFFF00
:1060B000FFFFFFFFFFFFFFFFFFFFFFFFFFFFFFFFF0
:1060C000FFFFFFFFFFFFFFFFFFFFFFFFFFFFFFFFE0
:1060D000FFFFFFFFFFFFFFFFFFFFFFFFFFFFFFFFD0
:1060E000FFFFFFFFFFFFFFFFFFFFFFFFFFFFFFFFC0
:1060F000FFFFFFFFFFFFFFFFFFFFFFFFFFFFFFFFB0
:10610000FFFFFFFFFFFFFFFFFFFFFFFFFFFFFFFF9F
:10611000FFFFFFFFFFFFFFFFFFFFFFFFFFFFFFFF8F
:10612000FFFFFFFFFFFFFFFFFFFFFFFFFFFFFFFF7F
:10613000FFFFFFFFFFFFFFFFFFFFFFFFFFFFFFFF6F
:10614000FFFFFFFFFFFFFFFFFFFFFFFFFFFFFFFF5F
:10615000FFFFFFFFFFFFFFFFFFFFFFFFFFFFFFFF4F
:10616000FFFFFFFFFFFFFFFFFFFFFFFFFFFFFFFF3F
:10617000FFFFFFFFFFFFFFFFFFFFFFFFFFFFFFFF2F
:10618000FFFFFFFFFFFFFFFFFFFFFFFFFFFFFFFF1F
:10619000FFFFFFFFFFFFFFFFFFFFFFFFFFFFFFFF0F
:1061A000FFFFFFFFFFFFFFFFFFFFFFFFFFFFFFFFFF
:1061B000FFFFFFFFFFFFFFFFFFFFFFFFFFFFFFFFEF
:1061C000FFFFFFFFFFFFFFFFFFFFFFFFFFFFFFFFDF
:1061D000FFFFFFFFFFFFFFFFFFFFFFFFFFFFFFFFCF
:1061E000FFFFFFFFFFFFFFFFFFFFFFFFFFFFFFFFBF
:1061F000FFFFFFFFFFFFFFFFFFFFFFFFFFFFFFFFAF
:10620000FFFFFFFFFFFFFFFFFFFFFFFFFFFFFFFF9E
:10621000FFFFFFFFFFFFFFFFFFFFFFFFFFFFFFFF8E
:10622000FFFFFFFFFFFFFFFFFFFFFFFFFFFFFFFF7E
:10623000FFFFFFFFFFFFFFFFFFFFFFFFFFFFFFFF6E
:10624000FFFFFFFFFFFFFFFFFFFFFFFFFFFFFFFF5E
:10625000FFFFFFFFFFFFFFFFFFFFFFFFFFFFFFFF4E
:10626000FFFFFFFFFFFFFFFFFFFFFFFFFFFFFFFF3E
:10627000FFFFFFFFFFFFFFFFFFFFFFFFFFFFFFFF2E
:10628000FFFFFFFFFFFFFFFFFFFFFFFFFFFFFFFF1E
:10629000FFFFFFFFFFFFFFFFFFFFFFFFFFFFFFFF0E
:1062A000FFFFFFFFFFFFFFFFFFFFFFFFFFFFFFFFFE
:1062B000FFFFFFFFFFFFFFFFFFFFFFFFFFFFFFFFEE
:1062C000FFFFFFFFFFFFFFFFFFFFFFFFFFFFFFFFDE
:1062D000FFFFFFFFFFFFFFFFFFFFFFFFFFFFFFFFCE
:1062E000FFFFFFFFFFFFFFFFFFFFFFFFFFFFFFFFBE
:1062F000FFFFFFFFFFFFFFFFFFFFFFFFFFFFFFFFAE
:10630000FFFFFFFFFFFFFFFFFFFFFFFFFFFFFFFF9D
:10631000FFFFFFFFFFFFFFFFFFFFFFFFFFFFFFFF8D
:10632000FFFFFFFFFFFFFFFFFFFFFFFFFFFFFFFF7D
:10633000FFFFFFFFFFFFFFFFFFFFFFFFFFFFFFFF6D
:10634000FFFFFFFFFFFFFFFFFFFFFFFFFFFFFFFF5D
:10635000FFFFFFFFFFFFFFFFFFFFFFFFFFFFFFFF4D
:10636000FFFFFFFFFFFFFFFFFFFFFFFFFFFFFFFF3D
:10637000FFFFFFFFFFFFFFFFFFFFFFFFFFFFFFFF2D
:10638000FFFFFFFFFFFFFFFFFFFFFFFFFFFFFFFF1D
:10639000FFFFFFFFFFFFFFFFFFFFFFFFFFFFFFFF0D
:1063A000FFFFFFFFFFFFFFFFFFFFFFFFFFFFFFFFFD
:1063B000FFFFFFFFFFFFFFFFFFFFFFFFFFFFFFFFED
:1063C000FFFFFFFFFFFFFFFFFFFFFFFFFFFFFFFFDD
:1063D000FFFFFFFFFFFFFFFFFFFFFFFFFFFFFFFFCD
:1063E000FFFFFFFFFFFFFFFFFFFFFFFFFFFFFFFFBD
:1063F000FFFFFFFFFFFFFFFFFFFFFFFFFFFFFFFFAD
:10640000FFFFFFFFFFFFFFFFFFFFFFFFFFFFFFFF9C
:10641000FFFFFFFFFFFFFFFFFFFFFFFFFFFFFFFF8C
:10642000FFFFFFFFFFFFFFFFFFFFFFFFFFFFFFFF7C
:10643000FFFFFFFFFFFFFFFFFFFFFFFFFFFFFFFF6C
:10644000FFFFFFFFFFFFFFFFFFFFFFFFFFFFFFFF5C
:10645000FFFFFFFFFFFFFFFFFFFFFFFFFFFFFFFF4C
:10646000FFFFFFFFFFFFFFFFFFFFFFFFFFFFFFFF3C
:10647000FFFFFFFFFFFFFFFFFFFFFFFFFFFFFFFF2C
:10648000FFFFFFFFFFFFFFFFFFFFFFFFFFFFFFFF1C
:10649000FFFFFFFFFFFFFFFFFFFFFFFFFFFFFFFF0C
:1064A000FFFFFFFFFFFFFFFFFFFFFFFFFFFFFFFFFC
:1064B000FFFFFFFFFFFFFFFFFFFFFFFFFFFFFFFFEC
:1064C000FFFFFFFFFFFFFFFFFFFFFFFFFFFFFFFFDC
:1064D000FFFFFFFFFFFFFFFFFFFFFFFFFFFFFFFFCC
:1064E000FFFFFFFFFFFFFFFFFFFFFFFFFFFFFFFFBC
:1064F000FFFFFFFFFFFFFFFFFFFFFFFFFFFFFFFFAC
:10650000FFFFFFFFFFFFFFFFFFFFFFFFFFFFFFFF9B
:10651000FFFFFFFFFFFFFFFFFFFFFFFFFFFFFFFF8B
:10652000FFFFFFFFFFFFFFFFFFFFFFFFFFFFFFFF7B
:10653000FFFFFFFFFFFFFFFFFFFFFFFFFFFFFFFF6B
:10654000FFFFFFFFFFFFFFFFFFFFFFFFFFFFFFFF5B
:10655000FFFFFFFFFFFFFFFFFFFFFFFFFFFFFFFF4B
:10656000FFFFFFFFFFFFFFFFFFFFFFFFFFFFFFFF3B
:10657000FFFFFFFFFFFFFFFFFFFFFFFFFFFFFFFF2B
:10658000FFFFFFFFFFFFFFFFFFFFFFFFFFFFFFFF1B
:10659000FFFFFFFFFFFFFFFFFFFFFFFFFFFFFFFF0B
:1065A000FFFFFFFFFFFFFFFFFFFFFFFFFFFFFFFFFB
:1065B000FFFFFFFFFFFFFFFFFFFFFFFFFFFFFFFFEB
:1065C000FFFFFFFFFFFFFFFFFFFFFFFFFFFFFFFFDB
:1065D000FFFFFFFFFFFFFFFFFFFFFFFFFFFFFFFFCB
:1065E000FFFFFFFFFFFFFFFFFFFFFFFFFFFFFFFFBB
:1065F000FFFFFFFFFFFFFFFFFFFFFFFFFFFFFFFFAB
:10660000FFFFFFFFFFFFFFFFFFFFFFFFFFFFFFFF9A
:10661000FFFFFFFFFFFFFFFFFFFFFFFFFFFFFFFF8A
:10662000FFFFFFFFFFFFFFFFFFFFFFFFFFFFFFFF7A
:10663000FFFFFFFFFFFFFFFFFFFFFFFFFFFFFFFF6A
:10664000FFFFFFFFFFFFFFFFFFFFFFFFFFFFFFFF5A
:10665000FFFFFFFFFFFFFFFFFFFFFFFFFFFFFFFF4A
:10666000FFFFFFFFFFFFFFFFFFFFFFFFFFFFFFFF3A
:10667000FFFFFFFFFFFFFFFFFFFFFFFFFFFFFFFF2A
:10668000FFFFFFFFFFFFFFFFFFFFFFFFFFFFFFFF1A
:10669000FFFFFFFFFFFFFFFFFFFFFFFFFFFFFFFF0A
:1066A000FFFFFFFFFFFFFFFFFFFFFFFFFFFFFFFFFA
:1066B000FFFFFFFFFFFFFFFFFFFFFFFFFFFFFFFFEA
:1066C000FFFFFFFFFFFFFFFFFFFFFFFFFFFFFFFFDA
:1066D000FFFFFFFFFFFFFFFFFFFFFFFFFFFFFFFFCA
:1066E000FFFFFFFFFFFFFFFFFFFFFFFFFFFFFFFFBA
:1066F000FFFFFFFFFFFFFFFFFFFFFFFFFFFFFFFFAA
:10670000FFFFFFFFFFFFFFFFFFFFFFFFFFFFFFFF99
:10671000FFFFFFFFFFFFFFFFFFFFFFFFFFFFFFFF89
:10672000FFFFFFFFFFFFFFFFFFFFFFFFFFFFFFFF79
:10673000FFFFFFFFFFFFFFFFFFFFFFFFFFFFFFFF69
:10674000FFFFFFFFFFFFFFFFFFFFFFFFFFFFFFFF59
:10675000FFFFFFFFFFFFFFFFFFFFFFFFFFFFFFFF49
:10676000FFFFFFFFFFFFFFFFFFFFFFFFFFFFFFFF39
:10677000FFFFFFFFFFFFFFFFFFFFFFFFFFFFFFFF29
:10678000FFFFFFFFFFFFFFFFFFFFFFFFFFFFFFFF19
:10679000FFFFFFFFFFFFFFFFFFFFFFFFFFFFFFFF09
:1067A000FFFFFFFFFFFFFFFFFFFFFFFFFFFFFFFFF9
:1067B000FFFFFFFFFFFFFFFFFFFFFFFFFFFFFFFFE9
:1067C000FFFFFFFFFFFFFFFFFFFFFFFFFFFFFFFFD9
:1067D000FFFFFFFFFFFFFFFFFFFFFFFFFFFFFFFFC9
:1067E000FFFFFFFFFFFFFFFFFFFFFFFFFFFFFFFFB9
:1067F000FFFFFFFFFFFFFFFFFFFFFFFFFFFFFFFFA9
:10680000FFFFFFFFFFFFFFFFFFFFFFFFFFFFFFFF98
:10681000FFFFFFFFFFFFFFFFFFFFFFFFFFFFFFFF88
:10682000FFFFFFFFFFFFFFFFFFFFFFFFFFFFFFFF78
:10683000FFFFFFFFFFFFFFFFFFFFFFFFFFFFFFFF68
:10684000FFFFFFFFFFFFFFFFFFFFFFFFFFFFFFFF58
:10685000FFFFFFFFFFFFFFFFFFFFFFFFFFFFFFFF48
:10686000FFFFFFFFFFFFFFFFFFFFFFFFFFFFFFFF38
:10687000FFFFFFFFFFFFFFFFFFFFFFFFFFFFFFFF28
:10688000FFFFFFFFFFFFFFFFFFFFFFFFFFFFFFFF18
:10689000FFFFFFFFFFFFFFFFFFFFFFFFFFFFFFFF08
:1068A000FFFFFFFFFFFFFFFFFFFFFFFFFFFFFFFFF8
:1068B000FFFFFFFFFFFFFFFFFFFFFFFFFFFFFFFFE8
:1068C000FFFFFFFFFFFFFFFFFFFFFFFFFFFFFFFFD8
:1068D000FFFFFFFFFFFFFFFFFFFFFFFFFFFFFFFFC8
:1068E000FFFFFFFFFFFFFFFFFFFFFFFFFFFFFFFFB8
:1068F000FFFFFFFFFFFFFFFFFFFFFFFFFFFFFFFFA8
:10690000FFFFFFFFFFFFFFFFFFFFFFFFFFFFFFFF97
:10691000FFFFFFFFFFFFFFFFFFFFFFFFFFFFFFFF87
:10692000FFFFFFFFFFFFFFFFFFFFFFFFFFFFFFFF77
:10693000FFFFFFFFFFFFFFFFFFFFFFFFFFFFFFFF67
:10694000FFFFFFFFFFFFFFFFFFFFFFFFFFFFFFFF57
:10695000FFFFFFFFFFFFFFFFFFFFFFFFFFFFFFFF47
:10696000FFFFFFFFFFFFFFFFFFFFFFFFFFFFFFFF37
:10697000FFFFFFFFFFFFFFFFFFFFFFFFFFFFFFFF27
:10698000FFFFFFFFFFFFFFFFFFFFFFFFFFFFFFFF17
:10699000FFFFFFFFFFFFFFFFFFFFFFFFFFFFFFFF07
:1069A000FFFFFFFFFFFFFFFFFFFFFFFFFFFFFFFFF7
:1069B000FFFFFFFFFFFFFFFFFFFFFFFFFFFFFFFFE7
:1069C000FFFFFFFFFFFFFFFFFFFFFFFFFFFFFFFFD7
:1069D000FFFFFFFFFFFFFFFFFFFFFFFFFFFFFFFFC7
:1069E000FFFFFFFFFFFFFFFFFFFFFFFFFFFFFFFFB7
:1069F000FFFFFFFFFFFFFFFFFFFFFFFFFFFFFFFFA7
:106A0000FFFFFFFFFFFFFFFFFFFFFFFFFFFFFFFF96
:106A1000FFFFFFFFFFFFFFFFFFFFFFFFFFFFFFFF86
:106A2000FFFFFFFFFFFFFFFFFFFFFFFFFFFFFFFF76
:106A3000FFFFFFFFFFFFFFFFFFFFFFFFFFFFFFFF66
:106A4000FFFFFFFFFFFFFFFFFFFFFFFFFFFFFFFF56
:106A5000FFFFFFFFFFFFFFFFFFFFFFFFFFFFFFFF46
:106A6000FFFFFFFFFFFFFFFFFFFFFFFFFFFFFFFF36
:106A7000FFFFFFFFFFFFFFFFFFFFFFFFFFFFFFFF26
:106A8000FFFFFFFFFFFFFFFFFFFFFFFFFFFFFFFF16
:106A9000FFFFFFFFFFFFFFFFFFFFFFFFFFFFFFFF06
:106AA000FFFFFFFFFFFFFFFFFFFFFFFFFFFFFFFFF6
:106AB000FFFFFFFFFFFFFFFFFFFFFFFFFFFFFFFFE6
:106AC000FFFFFFFFFFFFFFFFFFFFFFFFFFFFFFFFD6
:106AD000FFFFFFFFFFFFFFFFFFFFFFFFFFFFFFFFC6
:106AE000FFFFFFFFFFFFFFFFFFFFFFFFFFFFFFFFB6
:106AF000FFFFFFFFFFFFFFFFFFFFFFFFFFFFFFFFA6
:106B0000FFFFFFFFFFFFFFFFFFFFFFFFFFFFFFFF95
:106B1000FFFFFFFFFFFFFFFFFFFFFFFFFFFFFFFF85
:106B2000FFFFFFFFFFFFFFFFFFFFFFFFFFFFFFFF75
:106B3000FFFFFFFFFFFFFFFFFFFFFFFFFFFFFFFF65
:106B4000FFFFFFFFFFFFFFFFFFFFFFFFFFFFFFFF55
:106B5000FFFFFFFFFFFFFFFFFFFFFFFFFFFFFFFF45
:106B6000FFFFFFFFFFFFFFFFFFFFFFFFFFFFFFFF35
:106B7000FFFFFFFFFFFFFFFFFFFFFFFFFFFFFFFF25
:106B8000FFFFFFFFFFFFFFFFFFFFFFFFFFFFFFFF15
:106B9000FFFFFFFFFFFFFFFFFFFFFFFFFFFFFFFF05
:106BA000FFFFFFFFFFFFFFFFFFFFFFFFFFFFFFFFF5
:106BB000FFFFFFFFFFFFFFFFFFFFFFFFFFFFFFFFE5
:106BC000FFFFFFFFFFFFFFFFFFFFFFFFFFFFFFFFD5
:106BD000FFFFFFFFFFFFFFFFFFFFFFFFFFFFFFFFC5
:106BE000FFFFFFFFFFFFFFFFFFFFFFFFFFFFFFFFB5
:106BF000FFFFFFFFFFFFFFFFFFFFFFFFFFFFFFFFA5
:106C0000FFFFFFFFFFFFFFFFFFFFFFFFFFFFFFFF94
:106C1000FFFFFFFFFFFFFFFFFFFFFFFFFFFFFFFF84
:106C2000FFFFFFFFFFFFFFFFFFFFFFFFFFFFFFFF74
:106C3000FFFFFFFFFFFFFFFFFFFFFFFFFFFFFFFF64
:106C4000FFFFFFFFFFFFFFFFFFFFFFFFFFFFFFFF54
:106C5000FFFFFFFFFFFFFFFFFFFFFFFFFFFFFFFF44
:106C6000FFFFFFFFFFFFFFFFFFFFFFFFFFFFFFFF34
:106C7000FFFFFFFFFFFFFFFFFFFFFFFFFFFFFFFF24
:106C8000FFFFFFFFFFFFFFFFFFFFFFFFFFFFFFFF14
:106C9000FFFFFFFFFFFFFFFFFFFFFFFFFFFFFFFF04
:106CA000FFFFFFFFFFFFFFFFFFFFFFFFFFFFFFFFF4
:106CB000FFFFFFFFFFFFFFFFFFFFFFFFFFFFFFFFE4
:106CC000FFFFFFFFFFFFFFFFFFFFFFFFFFFFFFFFD4
:106CD000FFFFFFFFFFFFFFFFFFFFFFFFFFFFFFFFC4
:106CE000FFFFFFFFFFFFFFFFFFFFFFFFFFFFFFFFB4
:106CF000FFFFFFFFFFFFFFFFFFFFFFFFFFFFFFFFA4
:106D0000FFFFFFFFFFFFFFFFFFFFFFFFFFFFFFFF93
:106D1000FFFFFFFFFFFFFFFFFFFFFFFFFFFFFFFF83
:106D2000FFFFFFFFFFFFFFFFFFFFFFFFFFFFFFFF73
:106D3000FFFFFFFFFFFFFFFFFFFFFFFFFFFFFFFF63
:106D4000FFFFFFFFFFFFFFFFFFFFFFFFFFFFFFFF53
:106D5000FFFFFFFFFFFFFFFFFFFFFFFFFFFFFFFF43
:106D6000FFFFFFFFFFFFFFFFFFFFFFFFFFFFFFFF33
:106D7000FFFFFFFFFFFFFFFFFFFFFFFFFFFFFFFF23
:106D8000FFFFFFFFFFFFFFFFFFFFFFFFFFFFFFFF13
:106D9000FFFFFFFFFFFFFFFFFFFFFFFFFFFFFFFF03
:106DA000FFFFFFFFFFFFFFFFFFFFFFFFFFFFFFFFF3
:106DB000FFFFFFFFFFFFFFFFFFFFFFFFFFFFFFFFE3
:106DC000FFFFFFFFFFFFFFFFFFFFFFFFFFFFFFFFD3
:106DD000FFFFFFFFFFFFFFFFFFFFFFFFFFFFFFFFC3
:106DE000FFFFFFFFFFFFFFFFFFFFFFFFFFFFFFFFB3
:106DF000FFFFFFFFFFFFFFFFFFFFFFFFFFFFFFFFA3
:106E0000FFFFFFFFFFFFFFFFFFFFFFFFFFFFFFFF92
:106E1000FFFFFFFFFFFFFFFFFFFFFFFFFFFFFFFF82
:106E2000FFFFFFFFFFFFFFFFFFFFFFFFFFFFFFFF72
:106E3000FFFFFFFFFFFFFFFFFFFFFFFFFFFFFFFF62
:106E4000FFFFFFFFFFFFFFFFFFFFFFFFFFFFFFFF52
:106E5000FFFFFFFFFFFFFFFFFFFFFFFFFFFFFFFF42
:106E6000FFFFFFFFFFFFFFFFFFFFFFFFFFFFFFFF32
:106E7000FFFFFFFFFFFFFFFFFFFFFFFFFFFFFFFF22
:106E8000FFFFFFFFFFFFFFFFFFFFFFFFFFFFFFFF12
:106E9000FFFFFFFFFFFFFFFFFFFFFFFFFFFFFFFF02
:106EA000FFFFFFFFFFFFFFFFFFFFFFFFFFFFFFFFF2
:106EB000FFFFFFFFFFFFFFFFFFFFFFFFFFFFFFFFE2
:106EC000FFFFFFFFFFFFFFFFFFFFFFFFFFFFFFFFD2
:106ED000FFFFFFFFFFFFFFFFFFFFFFFFFFFFFFFFC2
:106EE000FFFFFFFFFFFFFFFFFFFFFFFFFFFFFFFFB2
:106EF000FFFFFFFFFFFFFFFFFFFFFFFFFFFFFFFFA2
:106F0000FFFFFFFFFFFFFFFFFFFFFFFFFFFFFFFF91
:106F1000FFFFFFFFFFFFFFFFFFFFFFFFFFFFFFFF81
:106F2000FFFFFFFFFFFFFFFFFFFFFFFFFFFFFFFF71
:106F3000FFFFFFFFFFFFFFFFFFFFFFFFFFFFFFFF61
:106F4000FFFFFFFFFFFFFFFFFFFFFFFFFFFFFFFF51
:106F5000FFFFFFFFFFFFFFFFFFFFFFFFFFFFFFFF41
:106F6000FFFFFFFFFFFFFFFFFFFFFFFFFFFFFFFF31
:106F7000FFFFFFFFFFFFFFFFFFFFFFFFFFFFFFFF21
:106F8000FFFFFFFFFFFFFFFFFFFFFFFFFFFFFFFF11
:106F9000FFFFFFFFFFFFFFFFFFFFFFFFFFFFFFFF01
:106FA000FFFFFFFFFFFFFFFFFFFFFFFFFFFFFFFFF1
:106FB000FFFFFFFFFFFFFFFFFFFFFFFFFFFFFFFFE1
:106FC000FFFFFFFFFFFFFFFFFFFFFFFFFFFFFFFFD1
:106FD000FFFFFFFFFFFFFFFFFFFFFFFFFFFFFFFFC1
:106FE000FFFFFFFFFFFFFFFFFFFFFFFFFFFFFFFFB1
:106FF000FFFFFFFFFFFFFFFFFFFFFFFFFFFFFFFFA1
:10700000949F0000860875E7FFFFFFFFFFFFFFFF6B
:10701000FFFFFFFFFFFFFFFFFFFFFFFFFFFFFFFF80
:10702000FFFFFFFFFFFFFFFFFFFFFFFFFFFFFFFF70
:10703000FFFFFFFFFFFFFFFFFFFFFFFFFFFFFFFF60
:10704000FFFFFFFFFFFFFFFFFFFFFFFFFFFFFFFF50
:10705000FFFFFFFFFFFFFFFFFFFFFFFFFFFFFFFF40
:10706000FFFFFFFFFFFFFFFFFFFFFFFFFFFFFFFF30
:10707000FFFFFFFFFFFFFFFFFFFFFFFFFFFFFFFF20
:10708000FFFFFFFFFFFFFFFFFFFFFFFFFFFFFFFF10
:10709000FFFFFFFFFFFFFFFFFFFFFFFFFFFFFFFF00
:1070A000FFFFFFFFFFFFFFFFFFFFFFFFFFFFFFFFF0
:1070B000FFFFFFFFFFFFFFFFFFFFFFFFFFFFFFFFE0
:1070C000FFFFFFFFFFFFFFFFFFFFFFFFFFFFFFFFD0
:1070D000FFFFFFFFFFFFFFFFFFFFFFFFFFFFFFFFC0
:1070E000FFFFFFFFFFFFFFFFFFFFFFFFFFFFFFFFB0
:1070F000FFFFFFFFFFFFFFFFFFFFFFFFFFFFFFFFA0
:10710000FFFFFFFFFFFFFFFFFFFFFFFFFFFFFFFF8F
:10711000FFFFFFFFFFFFFFFFFFFFFFFFFFFFFFFF7F
:10712000FFFFFFFFFFFFFFFFFFFFFFFFFFFFFFFF6F
:10713000FFFFFFFFFFFFFFFFFFFFFFFFFFFFFFFF5F
:10714000FFFFFFFFFFFFFFFFFFFFFFFFFFFFFFFF4F
:10715000FFFFFFFFFFFFFFFFFFFFFFFFFFFFFFFF3F
:10716000FFFFFFFFFFFFFFFFFFFFFFFFFFFFFFFF2F
:10717000FFFFFFFFFFFFFFFFFFFFFFFFFFFFFFFF1F
:10718000FFFFFFFFFFFFFFFFFFFFFFFFFFFFFFFF0F
:10719000FFFFFFFFFFFFFFFFFFFFFFFFFFFFFFFFFF
:1071A000FFFFFFFFFFFFFFFFFFFFFFFFFFFFFFFFEF
:1071B000FFFFFFFFFFFFFFFFFFFFFFFFFFFFFFFFDF
:1071C000FFFFFFFFFFFFFFFFFFFFFFFFFFFFFFFFCF
:1071D000FFFFFFFFFFFFFFFFFFFFFFFFFFFFFFFFBF
:1071E000FFFFFFFFFFFFFFFFFFFFFFFFFFFFFFFFAF
:1071F000FFFFFFFFFFFFFFFFFFFFFFFFFFFFFFFF9F
:10720000FFFFFFFFFFFFFFFFFFFFFFFFFFFFFFFF8E
:10721000FFFFFFFFFFFFFFFFFFFFFFFFFFFFFFFF7E
:10722000FFFFFFFFFFFFFFFFFFFFFFFFFFFFFFFF6E
:10723000FFFFFFFFFFFFFFFFFFFFFFFFFFFFFFFF5E
:10724000FFFFFFFFFFFFFFFFFFFFFFFFFFFFFFFF4E
:10725000FFFFFFFFFFFFFFFFFFFFFFFFFFFFFFFF3E
:10726000FFFFFFFFFFFFFFFFFFFFFFFFFFFFFFFF2E
:10727000FFFFFFFFFFFFFFFFFFFFFFFFFFFFFFFF1E
:10728000FFFFFFFFFFFFFFFFFFFFFFFFFFFFFFFF0E
:10729000FFFFFFFFFFFFFFFFFFFFFFFFFFFFFFFFFE
:1072A000FFFFFFFFFFFFFFFFFFFFFFFFFFFFFFFFEE
:1072B000FFFFFFFFFFFFFFFFFFFFFFFFFFFFFFFFDE
:1072C000FFFFFFFFFFFFFFFFFFFFFFFFFFFFFFFFCE
:1072D000FFFFFFFFFFFFFFFFFFFFFFFFFFFFFFFFBE
:1072E000FFFFFFFFFFFFFFFFFFFFFFFFFFFFFFFFAE
:1072F000FFFFFFFFFFFFFFFFFFFFFFFFFFFFFFFF9E
:10730000FFFFFFFFFFFFFFFFFFFFFFFFFFFFFFFF8D
:10731000FFFFFFFFFFFFFFFFFFFFFFFFFFFFFFFF7D
:10732000FFFFFFFFFFFFFFFFFFFFFFFFFFFFFFFF6D
:10733000FFFFFFFFFFFFFFFFFFFFFFFFFFFFFFFF5D
:10734000FFFFFFFFFFFFFFFFFFFFFFFFFFFFFFFF4D
:10735000FFFFFFFFFFFFFFFFFFFFFFFFFFFFFFFF3D
:10736000FFFFFFFFFFFFFFFFFFFFFFFFFFFFFFFF2D
:10737000FFFFFFFFFFFFFFFFFFFFFFFFFFFFFFFF1D
:10738000FFFFFFFFFFFFFFFFFFFFFFFFFFFFFFFF0D
:10739000FFFFFFFFFFFFFFFFFFFFFFFFFFFFFFFFFD
:1073A000FFFFFFFFFFFFFFFFFFFFFFFFFFFFFFFFED
:1073B000FFFFFFFFFFFFFFFFFFFFFFFFFFFFFFFFDD
:1073C000FFFFFFFFFFFFFFFFFFFFFFFFFFFFFFFFCD
:1073D000FFFFFFFFFFFFFFFFFFFFFFFFFFFFFFFFBD
:1073E000FFFFFFFFFFFFFFFFFFFFFFFFFFFFFFFFAD
:1073F000FFFFFFFFFFFFFFFFFFFFFFFFFFFFFFFF9D
:10740000FFFFFFFFFFFFFFFFFFFFFFFFFFFFFFFF8C
:10741000FFFFFFFFFFFFFFFFFFFFFFFFFFFFFFFF7C
:10742000FFFFFFFFFFFFFFFFFFFFFFFFFFFFFFFF6C
:10743000FFFFFFFFFFFFFFFFFFFFFFFFFFFFFFFF5C
:10744000FFFFFFFFFFFFFFFFFFFFFFFFFFFFFFFF4C
:10745000FFFFFFFFFFFFFFFFFFFFFFFFFFFFFFFF3C
:10746000FFFFFFFFFFFFFFFFFFFFFFFFFFFFFFFF2C
:10747000FFFFFFFFFFFFFFFFFFFFFFFFFFFFFFFF1C
:10748000FFFFFFFFFFFFFFFFFFFFFFFFFFFFFFFF0C
:10749000FFFFFFFFFFFFFFFFFFFFFFFFFFFFFFFFFC
:1074A000FFFFFFFFFFFFFFFFFFFFFFFFFFFFFFFFEC
:1074B000FFFFFFFFFFFFFFFFFFFFFFFFFFFFFFFFDC
:1074C000FFFFFFFFFFFFFFFFFFFFFFFFFFFFFFFFCC
:1074D000FFFFFFFFFFFFFFFFFFFFFFFFFFFFFFFFBC
:1074E000FFFFFFFFFFFFFFFFFFFFFFFFFFFFFFFFAC
:1074F000FFFFFFFFFFFFFFFFFFFFFFFFFFFFFFFF9C
:10750000FFFFFFFFFFFFFFFFFFFFFFFFFFFFFFFF8B
:10751000FFFFFFFFFFFFFFFFFFFFFFFFFFFFFFFF7B
:10752000FFFFFFFFFFFFFFFFFFFFFFFFFFFFFFFF6B
:10753000FFFFFFFFFFFFFFFFFFFFFFFFFFFFFFFF5B
:10754000FFFFFFFFFFFFFFFFFFFFFFFFFFFFFFFF4B
:10755000FFFFFFFFFFFFFFFFFFFFFFFFFFFFFFFF3B
:10756000FFFFFFFFFFFFFFFFFFFFFFFFFFFFFFFF2B
:10757000FFFFFFFFFFFFFFFFFFFFFFFFFFFFFFFF1B
:10758000FFFFFFFFFFFFFFFFFFFFFFFFFFFFFFFF0B
:10759000FFFFFFFFFFFFFFFFFFFFFFFFFFFFFFFFFB
:1075A000FFFFFFFFFFFFFFFFFFFFFFFFFFFFFFFFEB
:1075B000FFFFFFFFFFFFFFFFFFFFFFFFFFFFFFFFDB
:1075C000FFFFFFFFFFFFFFFFFFFFFFFFFFFFFFFFCB
:1075D000FFFFFFFFFFFFFFFFFFFFFFFFFFFFFFFFBB
:1075E000FFFFFFFFFFFFFFFFFFFFFFFFFFFFFFFFAB
:1075F000FFFFFFFFFFFFFFFFFFFFFFFFFFFFFFFF9B
:10760000FFFFFFFFFFFFFFFFFFFFFFFFFFFFFFFF8A
:10761000FFFFFFFFFFFFFFFFFFFFFFFFFFFFFFFF7A
:10762000FFFFFFFFFFFFFFFFFFFFFFFFFFFFFFFF6A
:10763000FFFFFFFFFFFFFFFFFFFFFFFFFFFFFFFF5A
:10764000FFFFFFFFFFFFFFFFFFFFFFFFFFFFFFFF4A
:10765000FFFFFFFFFFFFFFFFFFFFFFFFFFFFFFFF3A
:10766000FFFFFFFFFFFFFFFFFFFFFFFFFFFFFFFF2A
:10767000FFFFFFFFFFFFFFFFFFFFFFFFFFFFFFFF1A
:10768000FFFFFFFFFFFFFFFFFFFFFFFFFFFFFFFF0A
:10769000FFFFFFFFFFFFFFFFFFFFFFFFFFFFFFFFFA
:1076A000FFFFFFFFFFFFFFFFFFFFFFFFFFFFFFFFEA
:1076B000FFFFFFFFFFFFFFFFFFFFFFFFFFFFFFFFDA
:1076C000FFFFFFFFFFFFFFFFFFFFFFFFFFFFFFFFCA
:1076D000FFFFFFFFFFFFFFFFFFFFFFFFFFFFFFFFBA
:1076E000FFFFFFFFFFFFFFFFFFFFFFFFFFFFFFFFAA
:1076F000FFFFFFFFFFFFFFFFFFFFFFFFFFFFFFFF9A
:10770000FFFFFFFFFFFFFFFFFFFFFFFFFFFFFFFF89
:10771000FFFFFFFFFFFFFFFFFFFFFFFFFFFFFFFF79
:10772000FFFFFFFFFFFFFFFFFFFFFFFFFFFFFFFF69
:10773000FFFFFFFFFFFFFFFFFFFFFFFFFFFFFFFF59
:10774000FFFFFFFFFFFFFFFFFFFFFFFFFFFFFFFF49
:10775000FFFFFFFFFFFFFFFFFFFFFFFFFFFFFFFF39
:10776000FFFFFFFFFFFFFFFFFFFFFFFFFFFFFFFF29
:10777000FFFFFFFFFFFFFFFFFFFFFFFFFFFFFFFF19
:10778000FFFFFFFFFFFFFFFFFFFFFFFFFFFFFFFF09
:10779000FFFFFFFFFFFFFFFFFFFFFFFFFFFFFFFFF9
:1077A000FFFFFFFFFFFFFFFFFFFFFFFFFFFFFFFFE9
:1077B000FFFFFFFFFFFFFFFFFFFFFFFFFFFFFFFFD9
:1077C000FFFFFFFFFFFFFFFFFFFFFFFFFFFFFFFFC9
:1077D000FFFFFFFFFFFFFFFFFFFFFFFFFFFFFFFFB9
:1077E000FFFFFFFFFFFFFFFFFFFFFFFFFFFFFFFFA9
:1077F000FFFFFFFFFFFFFFFFFFFFFFFFFFFFFFFF99
:10780000FFFFFFFFFFFFFFFFFFFFFFFFFFFFFFFF88
:10781000FFFFFFFFFFFFFFFFFFFFFFFFFFFFFFFF78
:10782000FFFFFFFFFFFFFFFFFFFFFFFFFFFFFFFF68
:10783000FFFFFFFFFFFFFFFFFFFFFFFFFFFFFFFF58
:10784000FFFFFFFFFFFFFFFFFFFFFFFFFFFFFFFF48
:10785000FFFFFFFFFFFFFFFFFFFFFFFFFFFFFFFF38
:10786000FFFFFFFFFFFFFFFFFFFFFFFFFFFFFFFF28
:10787000FFFFFFFFFFFFFFFFFFFFFFFFFFFFFFFF18
:10788000FFFFFFFFFFFFFFFFFFFFFFFFFFFFFFFF08
:10789000FFFFFFFFFFFFFFFFFFFFFFFFFFFFFFFFF8
:1078A000FFFFFFFFFFFFFFFFFFFFFFFFFFFFFFFFE8
:1078B000FFFFFFFFFFFFFFFFFFFFFFFFFFFFFFFFD8
:1078C000FFFFFFFFFFFFFFFFFFFFFFFFFFFFFFFFC8
:1078D000FFFFFFFFFFFFFFFFFFFFFFFFFFFFFFFFB8
:1078E000FFFFFFFFFFFFFFFFFFFFFFFFFFFFFFFFA8
:1078F000FFFFFFFFFFFFFFFFFFFFFFFFFFFFFFFF98
:10790000FFFFFFFFFFFFFFFFFFFFFFFFFFFFFFFF87
:10791000FFFFFFFFFFFFFFFFFFFFFFFFFFFFFFFF77
:10792000FFFFFFFFFFFFFFFFFFFFFFFFFFFFFFFF67
:10793000FFFFFFFFFFFFFFFFFFFFFFFFFFFFFFFF57
:10794000FFFFFFFFFFFFFFFFFFFFFFFFFFFFFFFF47
:10795000FFFFFFFFFFFFFFFFFFFFFFFFFFFFFFFF37
:10796000FFFFFFFFFFFFFFFFFFFFFFFFFFFFFFFF27
:10797000FFFFFFFFFFFFFFFFFFFFFFFFFFFFFFFF17
:10798000FFFFFFFFFFFFFFFFFFFFFFFFFFFFFFFF07
:10799000FFFFFFFFFFFFFFFFFFFFFFFFFFFFFFFFF7
:1079A000FFFFFFFFFFFFFFFFFFFFFFFFFFFFFFFFE7
:1079B000FFFFFFFFFFFFFFFFFFFFFFFFFFFFFFFFD7
:1079C000FFFFFFFFFFFFFFFFFFFFFFFFFFFFFFFFC7
:1079D000FFFFFFFFFFFFFFFFFFFFFFFFFFFFFFFFB7
:1079E000FFFFFFFFFFFFFFFFFFFFFFFFFFFFFFFFA7
:1079F000FFFFFFFFFFFFFFFFFFFFFFFFFFFFFFFF97
:107A0000FFFFFFFFFFFFFFFFFFFFFFFFFFFFFFFF86
:107A1000FFFFFFFFFFFFFFFFFFFFFFFFFFFFFFFF76
:107A2000FFFFFFFFFFFFFFFFFFFFFFFFFFFFFFFF66
:107A3000FFFFFFFFFFFFFFFFFFFFFFFFFFFFFFFF56
:107A4000FFFFFFFFFFFFFFFFFFFFFFFFFFFFFFFF46
:107A5000FFFFFFFFFFFFFFFFFFFFFFFFFFFFFFFF36
:107A6000FFFFFFFFFFFFFFFFFFFFFFFFFFFFFFFF26
:107A7000FFFFFFFFFFFFFFFFFFFFFFFFFFFFFFFF16
:107A8000FFFFFFFFFFFFFFFFFFFFFFFFFFFFFFFF06
:107A9000FFFFFFFFFFFFFFFFFFFFFFFFFFFFFFFFF6
:107AA000FFFFFFFFFFFFFFFFFFFFFFFFFFFFFFFFE6
:107AB000FFFFFFFFFFFFFFFFFFFFFFFFFFFFFFFFD6
:107AC000FFFFFFFFFFFFFFFFFFFFFFFFFFFFFFFFC6
:107AD000FFFFFFFFFFFFFFFFFFFFFFFFFFFFFFFFB6
:107AE000FFFFFFFFFFFFFFFFFFFFFFFFFFFFFFFFA6
:107AF000FFFFFFFFFFFFFFFFFFFFFFFFFFFFFFFF96
:107B0000FFFFFFFFFFFFFFFFFFFFFFFFFFFFFFFF85
:107B1000FFFFFFFFFFFFFFFFFFFFFFFFFFFFFFFF75
:107B2000FFFFFFFFFFFFFFFFFFFFFFFFFFFFFFFF65
:107B3000FFFFFFFFFFFFFFFFFFFFFFFFFFFFFFFF55
:107B4000FFFFFFFFFFFFFFFFFFFFFFFFFFFFFFFF45
:107B5000FFFFFFFFFFFFFFFFFFFFFFFFFFFFFFFF35
:107B6000FFFFFFFFFFFFFFFFFFFFFFFFFFFFFFFF25
:107B7000FFFFFFFFFFFFFFFFFFFFFFFFFFFFFFFF15
:107B8000FFFFFFFFFFFFFFFFFFFFFFFFFFFFFFFF05
:107B9000FFFFFFFFFFFFFFFFFFFFFFFFFFFFFFFFF5
:107BA000FFFFFFFFFFFFFFFFFFFFFFFFFFFFFFFFE5
:107BB000FFFFFFFFFFFFFFFFFFFFFFFFFFFFFFFFD5
:107BC000FFFFFFFFFFFFFFFFFFFFFFFFFFFFFFFFC5
:107BD000FFFFFFFFFFFFFFFFFFFFFFFFFFFFFFFFB5
:107BE000FFFFFFFFFFFFFFFFFFFFFFFFFFFFFFFFA5
:107BF000FFFFFFFFFFFFFFFFFFFFFFFFFFFFFFFF95
:107C0000FFFFFFFFFFFFFFFFFFFFFFFFFFFFFFFF84
:107C1000FFFFFFFFFFFFFFFFFFFFFFFFFFFFFFFF74
:107C2000FFFFFFFFFFFFFFFFFFFFFFFFFFFFFFFF64
:107C3000FFFFFFFFFFFFFFFFFFFFFFFFFFFFFFFF54
:107C4000FFFFFFFFFFFFFFFFFFFFFFFFFFFFFFFF44
:107C5000FFFFFFFFFFFFFFFFFFFFFFFFFFFFFFFF34
:107C6000FFFFFFFFFFFFFFFFFFFFFFFFFFFFFFFF24
:107C7000FFFFFFFFFFFFFFFFFFFFFFFFFFFFFFFF14
:107C8000FFFFFFFFFFFFFFFFFFFFFFFFFFFFFFFF04
:107C9000FFFFFFFFFFFFFFFFFFFFFFFFFFFFFFFFF4
:107CA000FFFFFFFFFFFFFFFFFFFFFFFFFFFFFFFFE4
:107CB000FFFFFFFFFFFFFFFFFFFFFFFFFFFFFFFFD4
:107CC000FFFFFFFFFFFFFFFFFFFFFFFFFFFFFFFFC4
:107CD000FFFFFFFFFFFFFFFFFFFFFFFFFFFFFFFFB4
:107CE000FFFFFFFFFFFFFFFFFFFFFFFFFFFFFFFFA4
:107CF000FFFFFFFFFFFFFFFFFFFFFFFFFFFFFFFF94
:107D0000FFFFFFFFFFFFFFFFFFFFFFFFFFFFFFFF83
:107D1000FFFFFFFFFFFFFFFFFFFFFFFFFFFFFFFF73
:107D2000FFFFFFFFFFFFFFFFFFFFFFFFFFFFFFFF63
:107D3000FFFFFFFFFFFFFFFFFFFFFFFFFFFFFFFF53
:107D4000FFFFFFFFFFFFFFFFFFFFFFFFFFFFFFFF43
:107D5000FFFFFFFFFFFFFFFFFFFFFFFFFFFFFFFF33
:107D6000FFFFFFFFFFFFFFFFFFFFFFFFFFFFFFFF23
:107D7000FFFFFFFFFFFFFFFFFFFFFFFFFFFFFFFF13
:107D8000FFFFFFFFFFFFFFFFFFFFFFFFFFFFFFFF03
:107D9000FFFFFFFFFFFFFFFFFFFFFFFFFFFFFFFFF3
:107DA000FFFFFFFFFFFFFFFFFFFFFFFFFFFFFFFFE3
:107DB000FFFFFFFFFFFFFFFFFFFFFFFFFFFFFFFFD3
:107DC000FFFFFFFFFFFFFFFFFFFFFFFFFFFFFFFFC3
:107DD000FFFFFFFFFFFFFFFFFFFFFFFFFFFFFFFFB3
:107DE000FFFFFFFFFFFFFFFFFFFFFFFFFFFFFFFFA3
:107DF000FFFFFFFFFFFFFFFFFFFFFFFFFFFFFFFF93
:107E0000FFFFFFFFFFFFFFFFFFFFFFFFFFFFFFFF82
:107E1000FFFFFFFFFFFFFFFFFFFFFFFFFFFFFFFF72
:107E2000FFFFFFFFFFFFFFFFFFFFFFFFFFFFFFFF62
:107E3000FFFFFFFFFFFFFFFFFFFFFFFFFFFFFFFF52
:107E4000FFFFFFFFFFFFFFFFFFFFFFFFFFFFFFFF42
:107E5000FFFFFFFFFFFFFFFFFFFFFFFFFFFFFFFF32
:107E6000FFFFFFFFFFFFFFFFFFFFFFFFFFFFFFFF22
:107E7000FFFFFFFFFFFFFFFFFFFFFFFFFFFFFFFF12
:107E8000FFFFFFFFFFFFFFFFFFFFFFFFFFFFFFFF02
:107E9000FFFFFFFFFFFFFFFFFFFFFFFFFFFFFFFFF2
:107EA000FFFFFFFFFFFFFFFFFFFFFFFFFFFFFFFFE2
:107EB000FFFFFFFFFFFFFFFFFFFFFFFFFFFFFFFFD2
:107EC000FFFFFFFFFFFFFFFFFFFFFFFFFFFFFFFFC2
:107ED000FFFFFFFFFFFFFFFFFFFFFFFFFFFFFFFFB2
:107EE000FFFFFFFFFFFFFFFFFFFFFFFFFFFFFFFFA2
:107EF000FFFFFFFFFFFFFFFFFFFFFFFFFFFFFFFF92
:107F0000FFFFFFFFFFFFFFFFFFFFFFFFFFFFFFFF81
:107F1000FFFFFFFFFFFFFFFFFFFFFFFFFFFFFFFF71
:107F2000FFFFFFFFFFFFFFFFFFFFFFFFFFFFFFFF61
:107F3000FFFFFFFFFFFFFFFFFFFFFFFFFFFFFFFF51
:107F4000FFFFFFFFFFFFFFFFFFFFFFFFFFFFFFFF41
:107F5000FFFFFFFFFFFFFFFFFFFFFFFFFFFFFFFF31
:107F6000FFFFFFFFFFFFFFFFFFFFFFFFFFFFFFFF21
:107F7000FFFFFFFFFFFFFFFFFFFFFFFFFFFFFFFF11
:107F8000FFFFFFFFFFFFFFFFFFFFFFFFFFFFFFFF01
:107F9000FFFFFFFFFFFFFFFFFFFFFFFFFFFFFFFFF1
:107FA000FFFFFFFFFFFFFFFFFFFFFFFFFFFFFFFFE1
:107FB000FFFFFFFFFFFFFFFFFFFFFFFFFFFFFFFFD1
:107FC000FFFFFFFFFFFFFFFFFFFFFFFFFFFFFFFFC1
:107FD000FFFFFFFFFFFFFFFFFFFFFFFFFFFFFFFFB1
:107FE000FFFFFFFFFFFFFFFFFFFFFFFFFFFFFFFFA1
:107FF000FFFFFFFFFFFFFFFFFFFFFFFFFFFFFFFF91
:108000000000012039B3000831B30008018C0008DA
:108010002DB3000899870008D5B5000800000000BE
:1080200000000000000000000000000041B3000854
:10803000F98B00080000000035B3000845B30008C4
:10804000FD8B0008FD8B0008FD8B000891B3000834
:10805000FD8B0008FD8B0008FD8B0008FD8B0008E0
:10806000FD8B0008FD8B0008FD8B00089D87000834
:10807000FD8B0008FD8B0008FD8B0008FD8B0008C0
:10808000FD8B0008FD8B0008FD8B0008FD8B0008B0
:10809000FD8B0008FD8B0008FD8B0008FD8B0008A0
:1080A000FD8B0008010F0010CD210010FD8B000892
:1080B000FD8B0008FD8B0008FD8B0008FD8B000880
:1080C000FD8B0008FD8B0008FD8B0008FD8B000870
:1080D000FD8B0008FD8B0008FD8B0008FD8B000860
:1080E000FD8B0008FD8B0008FD8B0008FD8B000850
:1080F000FD8B0008FD8B0008FD8B0008FD8B000840
:10810000FD8B0008FD8B0008FD8B0008FD8B00082F
:10811000FD8B0008FD8B0008FD8B0008FD8B00081F
:10812000FD8B0008FD8B0008FD8B0008FD8B00080F
:10813000FD8B0008FD8B0008FD8B0008010000107E
:10814000FD8B0008FD8B0008FD8B0008FD8B0008EF
:10815000FD8B0008FD8B0008FD8B0008FD8B0008DF
:10816000FD8B0008FD8B0008FD8B0008FD8B0008CF
:10817000FD8B0008FD8B0008FD8B0008FD8B0008BF
:10818000FD8B0008FD8B0008FD8B0008FD8B0008AF
:10819000FD8B0008FD8B0008FD8B0008FD8B00089F
:1081A000DFF80CD000F0CCF90048004759BB0008BC
:1081B0000000012030B504460020034600E05B1CAF
:1081C000934203D2E05CCD5C401BF8D030BD2DE97A
:1081D000F05F0546002092469B468846064681464B
:1081E00040241BE0284641464746224600F0C9F994
:1081F00053465A46C01A914110D31146184622469A
:1082000000F0B0F92D1A67EB01084F462246012015
:10821000002100F0A7F917EB00094E41201EA4F140
:108220000104DFDC484631462A464346BDE8F09F5C
:108230002DE9FE4F804681EA0300C00F0C460090F6
:1082400021F0004123F00045B8EB0200A94105D21E
:108250004046214690461C460B46024623F000400D
:10826000104347D0270DC7F30A00C3F30A51029009
:10827000401A019040286BDAC3F3130040F4801BCE
:108280000098924620B10023D2EB030A63EB0B0B5C
:1082900001985946C0F14002504600F063F9064685
:1082A0000D4650465946019A00F07BF910EB080044
:1082B0006141002487EA115284EAE7731A4340D0EF
:1082C000009A62B3019A012A4FEA075215DC001B9B
:1082D00061EB02014FF0004202EA0752CDE9004291
:1082E000001C41F5801132462B4600F07BF903B0AB
:1082F000BDE8F08F40462146F9E7001B61EB020123
:10830000001C41F5801300185B412018A2F50017EE
:1083100047EB030140EAD570B6196D4111E06D08D5
:108320004FEA360645EAC0754FEA0752001B61EB7B
:108330000201001C41F5801149084FEA3000001984
:10834000514132462B4603B0BDE8F04F00F03BB937
:108350000098012240000023D0EB020263EBE0739F
:10836000009821464FEAE074B8EB000061EB04018D
:10837000E9E783F000435BE781F0004158E72DE92E
:10838000FE4F81EA030404F0004421F00041009410
:108390004FF0000B23F0004350EA01045ED052EA94
:1083A00003045BD0C3F30A54C1F30A552C44A4F26E
:1083B000F3340194A0FB0254C1F3130141F4801182
:1083C000C3F3130343F4801301FB024400FB034E89
:1083D000840A970A44EA815447EA8357A4FB076852
:1083E00002958D0A05FB07854FEA932C04FB0C547C
:1083F0002705029D4FEA065847EA1637B5EB0805F0
:108400006EEB070C870E920E47EA811742EA831241
:10841000A7FB0201B6EB0B0164EB00042B0D43EA52
:108420000C335E1844EB1C50DA465146E7FB020160
:10843000C5F313044FEA0B3343EA14534FEA0432F3
:10844000019C43EA0603A4F10C040294009CCDE9CC
:1084500000B400F0C7F803B0BDE8F08F002001467B
:10846000F9E72DE9F04D81EA030404F0004B21F017
:10847000004514464FF0000A23F0004150EA05027F
:1084800020D054EA01021DD0C5F30A570246C5F3B5
:108490001303C1F31300C1F30A5640F4801543F4EB
:1084A0008013A7EB0608101BD64608F2FD3873EBC5
:1084B000050002D308F1010801E092185B41B8F110
:1084C000000F03DA00200146BDE8F08D00204FF4D4
:1084D0008011064684460EE0171B73EB050705D393
:1084E000121B63EB050306434CEA010C49084FEAF3
:1084F000300092185B4150EA0107EDD152EA0300C7
:1085000012D082EA040083EA0501084305D0101B5B
:10851000AB4106D20122002306E000224FF00043C7
:1085200002E06FF0010253101AEB06004CEB085109
:1085300010EB0A0041EB0B01BDE8F04D00F043B831
:10854000064C074D06E0E06840F0010394E80700A0
:1085500098471034AC42F6D3FFF726FE78F30008B4
:10856000B8F30008202A04DB203A00FA02F10020C8
:1085700070479140C2F1200320FA03F31943904061
:108580007047202A04DB203A21FA02F000217047CC
:1085900021FA02F3D040C2F120029140084319466B
:1085A0007047202A06DBCB17203A41FA02F043EA53
:1085B000E07306E041FA02F3D040C2F1200291409C
:1085C00008431946704710B5141E73F1000408DA09
:1085D000401C41F1000192185B411A4301D120F087
:1085E000010010BD2DE9F04D92469B4611B1B1FA44
:1085F00081F202E0B0FA80F220329046FFF7B2FF3B
:1086000004460F4640EA0A0041EA0B0153465A4627
:10861000084313D0114653EA010019D0C8F14002B3
:108620005046FFF7AEFF05460E46504659464246B5
:10863000FFF798FF084305D0012004E020463946A3
:10864000BDE8F08D0020054346EAE0762C43374331
:108650000A986305E40AA0EB08000022FD0A44EA38
:1086600047540A3002D500200146E9E701051019F8
:108670006941DDE9084500196941BDE8F04DA2E70F
:1086800010B5431A934209D28318881803E010F8F2
:10869000011D03F8011D521EF9D210BD40EA01036D
:1086A0009B0703D009E008C9121F08C0042AFAD2A8
:1086B00003E011F8013B00F8013B521EF9D210BD56
:1086C000D2B201E000F8012B491EFBD27047002214
:1086D000F6E710B513460A4604461946FFF7F0FFC1
:1086E000204610BD30B5041E71F1000404DB4FF0CC
:1086F0000044404264EB0101141E73F1000405DBE9
:108700001C464FF00043524263EB0403801A994128
:1087100001D2012030BD002030BD0EB540F2334102
:1087200002910021CDE900110A460B46FFF75AFFDE
:1087300003B000BD70B5C1F30A5201F0004500243A
:10874000C1F3130140F2FF3341F480119A4201DA80
:10875000002070BD40F233439A42A2F2334203DC60
:108760005242FFF70EFF00E090402C43F1D0404210
:1087700070BD00F0004230F000400AD0C10D01F59C
:108780006071C0F3160042EA0151C208400711436C
:108790007047002001467047FEE700002DE9F04FCA
:1087A00081B045F20C07C4F2010757F804ACD7F8C2
:1087B00000B00BEA0A06300640F1CD808020386018
:1087C00044F21010C2F20000016F19B1016FA7F15D
:1087D0000C00884744F69015C2F20005A8680028EE
:1087E00040F0B980A86805EBC0004069A96820F096
:1087F000604405EB811090F81D904AF655208442A4
:1088000011D045F2E500C1F6FF0084420BD044F2DE
:108810008838C2F20008404603F0D8F8B8B1D8F85A
:108820000C00A04213D1A86805EB8010007F02283D
:1088300003D1B9F1410F0AD163E1A868B9F1410F41
:1088400005D105EB8010007F012800F05A81B4F5B6
:10885000302F25D04AF65520844204D0202C23D135
:10886000484620212AE0A86805EB8010007F0228F6
:1088700005D0A86805EB8010007F012820D1A868EA
:1088800005EB8010407F41281AD1A86805EB8010C5
:10889000007F012840F03E814AF6552002F07EFF1D
:1088A00048464FF4302109E044F2FC30C2F20000A7
:1088B000D0F86003844203D14846214605F0E1FF29
:1088C000A8680130A860A86800281CBF0020A86024
:1088D0002C6844F20000C4F20100AA68A96884422E
:1088E00044F21010C2F2000007D045F20003C4F2B7
:1088F00001039C4240F0FD805430037E012B13D1D4
:10890000042305EBC20205EB8111037648F6193307
:1089100014321C31C0F60003C36101614261A068DA
:1089200040F08000A06016E04FF2B900C0F60000F1
:1089300005F0ACFF4EF6F870C0F60000214605F0D9
:10894000A5FF4FF273304FF27531C0F60000C0F64C
:10895000000105F09BFF700644BF40203860B00660
:1089600044BF20203860F00644BF10203860300734
:108970000BD50820386044F21010C2F20000816D5F
:1089800019B1816DA7F10C00884770070BD5042041
:10899000386044F21010C2F20000016E19B1016E8D
:1089A000A7F10C008847B00744BF0220386041F2AD
:1089B0004000C4F20200016801F47F01B1F5003FFC
:1089C00017D95FEA8A3119D51BF0010116D00121B0
:1089D000396044F21011C2F20001052281F85420DE
:1089E00081F85C2081F86C2081F87C2081F88C2053
:1089F00004E05FEACB711CBF01213960710544BFFF
:108A00004FF480613960B10544BF4FF400713960A3
:108A1000F10544BF4FF480713960006800F47F00B5
:108A2000B0F5403F62D3300544BF4FF4006038607A
:108A3000F0040ED54FF48050386044F21010C2F2AA
:108A40000000D0F8901021B1D0F89010A7F10C00E0
:108A50008847B0040ED54FF40050386044F210102F
:108A6000C2F20000D0F8801021B1D0F88010A7F138
:108A70000C008847700344BF4FF4802038603003F7
:108A800044BF4FF400203860F00244BF4FF4801020
:108A90003860B00244BF4FF400103860700244BF29
:108AA0004FF480003860300244BF4FF4000038605B
:108AB000F00144BF4FF080703860B00144BF4FF008
:108AC00000703860700144BF4FF080603860300142
:108AD00044BF4FF000603860F00044BF4FF080505A
:108AE0003860B00044BF4FF00050386001B0BDE8BE
:108AF000F08F4FF28620C0F6000040F2F65102F0EF
:108B000081FDA86805EB8010007F012802D1204676
:108B100002F044FE02F064FDB0B584B0044644F2B5
:108B20000000C4F2010044F210158442C2F20005B4
:108B300006D045F20000C4F20100844253D15435FE
:108B4000A06820F08000A0606869E0B3206C6969CB
:108B50000860606C696948602869A0B345F2000349
:108B600028696A6944F48051C4F20103994204F10E
:108B7000480125D140F20013C0F20233009340F2C5
:108B80000453C0F20673019340F60843C1F2104348
:108B90005268029342F21803C4F2300302F00F024B
:108BA00003936B4613F802E0D4F800C07246BEF19E
:108BB000080F28BF08225FEA4C3348BF724600E026
:108BC0000022FFF75DFD206840F480102060002047
:108BD000E86101202876A86C18B104B0BDE8B04067
:108BE000004704B0B0BD4FF28620C0F600004FF43D
:108BF000186102F007FD000070470000FEE700006A
:108C0000FEE70000B0B5A0F18042A2F560324FEA65
:108C1000B222042A78D200297ED00C78142C80F05D
:108C2000838091F801C0BCF1040F80F08580032A95
:108C300088BFB0BD132C98BFBCF1030F00D9B0BDE5
:108C4000026852075CBF02685FEA027214D54FF2F5
:108C50009E00C0F6000005F019FE3BA006F068F883
:108C60004FF273304FF27531C0F60000C0F60001CC
:108C7000BDE8B04005F00ABE4AF6AB224FEAD40E7A
:108C8000CAF6AA22AEFB02235A0802EB4202C2EB4A
:108C9000D40200EB82021C23D2F830E003EA840302
:108CA00003249C400CFA03F52EEA040E2C404EEAF5
:108CB00004051563D2F830E08D78033301249C401D
:108CC00005FA03F32EEA040E234043EA0E0313636E
:108CD0000C238A8803EA8C031844C0F8A02041F2D0
:108CE0004002C4F202021268C98802F47F02B2F59F
:108CF000003F04D96FF3DF31C0F8C010B0BD6FF38F
:108D00009F31C0F8C010B0BD4FF2D010C0F60000C7
:108D100040F2B72102F076FC4FF2D010C0F600000E
:108D20004FF42E7102F06EFC4FF2D010C0F600002E
:108D300040F2B92102F066FC4FF2D010C0F60000FC
:108D400040F2BA2102F05EFC4144432043616C6969
:108D500062726174696F6E2063616E277420436F65
:108D60006E666967207768696C652069742773206F
:108D700052756E6E696E67210000000070B5A0F13B
:108D80008042A2F560324FEAB222042A7ED2002944
:108D900000F084800B78142B80F08880032A88BF31
:108DA00070BD026852075CBF02685FEA027214D5A8
:108DB0004FF29E00C0F6000005F068FD3FA005F0F0
:108DC000B7FF4FF273304FF27531C0F60000C0F6B6
:108DD0000001BDE8704005F059BD4CF6CD42CCF61F
:108DE000CC42A3FB022C4FEA1C1202EB8202D1F808
:108DF00008E000F5C874A3EB820C04EB0C1541F2FB
:108E00004002C5F804E0C4F20202D2F800E08A8908
:108E10000EF47F0E16466FF35F364FEA0C13BEF565
:108E2000003F88BF1646AE60E2584E7822F004023A
:108E300006F03F0642EA86028D7891F803E0E250A0
:108E4000E25805F01F0522F0080242EAC502E2508E
:108E5000012202FA0CFCD0F88421BEF1000F0CBFF5
:108E600022EA0C0242EA0C02C0F8842109790029A6
:108E7000D0F88C110CBF21EA0C0141EA0C01C0F8BA
:108E80008C11E05840F00100E05070BD4FF2D0105E
:108E9000C0F6000040F2922102F0B4FB4FF2D01075
:108EA000C0F6000040F2932102F0ACFB4FF2D0106C
:108EB000C0F600004FF4257102F0A4FB41444320AA
:108EC000444D412063616E277420436F6E6669676D
:108ED000207768696C6520697427732052756E6EFF
:108EE000696E6721000000002DE9F04784B0044658
:108EF000A0F18040A0F560304FEAB020042880F057
:108F00003E810D46002900F04281206840075CBF89
:108F100020685FEA007015D54FF29E00C0F6000091
:108F200005F0B4FC9EA005F003FF4FF273304FF242
:108F30007531C0F60000C0F6000104B0BDE8F0478E
:108F400005F0A4BCE8684EF6545AC0F6000A0028A2
:108F500018BF824600200390019048F6000044F2BA
:108F60000008C4F20300C4F2020884424FF00F006C
:108F700002901ED048F20040C4F20300844226D082
:108F800048F20000C4F2030084424ED101AF4FF01A
:108F9000010940463946CDF8049001F097FA0420C3
:108FA000019008F58050394601F090FA08260196A4
:108FB00021E0012008F58057019001A9384601F011
:108FC00085FA02204FF004092026019014E001AF39
:108FD0004FF0020940463946CDF8049001F076FA88
:108FE00046F200001026C4F202003946019601F054
:108FF0006DFA80200190474601A9384601F066FAD3
:109000004C2048F2E471C4F20200C3F6AC71416333
:10901000016931430161016841EA09010160016AA6
:1090200041F00801016201214163A06840F008009D
:10903000A060A06840F00200A060A06840F00100BD
:10904000A060D4F80003298861F31120C4F800035C
:10905000D4F80003A978EA7861F30300C4F80003A8
:10906000606862F3CF306060A0689AF8001061F326
:109070000510A0604DF24000CFF6FF7058F80000D8
:1090800000F47F00B0F5003F10D944F26430C2F222
:1090900000000068C00709D09AF801106068002934
:1090A0000CBF20F4804040F480406060206840079E
:1090B0005CBF20685FEA007007D54FF29E00C0F6E3
:1090C000000005F0E3FB3FA02DE761686A7928798D
:1090D00062F30B21AB79EF796160616807F00102FF
:1090E00063F306116160616821F0800141EAC211F9
:1090F0006160297A6268002942F0010308BF22F00A
:1091000001036360697A6268002942F0020308BFC4
:1091100022F0020363606168002841F4805208BFB6
:1091200021F480526260206840F00100206044F623
:109130005020C2F2000001682269D20519D40268E9
:10914000521A642A18D82269D20512D40268521A17
:10915000642A11D82269D2050BD40268521A642AF3
:109160000AD82269D20504D40268521A642AE3D9C3
:1091700002E04FF48070206104B0BDE8F0874FF248
:10918000D010C0F6000040F2291102F03BFA4FF275
:10919000D010C0F600004FF4957102F033FA00BF12
:1091A0004144432063616E277420496E69742077BF
:1091B00068696C6520697427732052756E6E696EDC
:1091C00067210000414443204F76657273616D70E2
:1091D0006C652063616E277420436F6E666967203B
:1091E0007768696C6520697427732052756E6E69A3
:1091F0006E6721002DE9F041A0F18042A2F56032B6
:109200004FEAB224042C80F08E80002900F0938075
:109210004A78142A80F097800B78102B80F09B807E
:10922000032C88BFBDE8F081132A98BF0F2B01D90A
:10923000BDE8F0810468640758D44CF6CD4ECCF6F6
:10924000CC4EA3FB0E4C4AF6AB254FEA9C06D40845
:10925000CAF6AA2506EB8606A4FB0558A2FB0E5EFD
:109260009B1BCCF3810503EB430300EB85055B00FF
:109270002F6CDBB21F269E4002FA03F3B743334044
:109280003B432B648369CF784FF0010C07F0010753
:109290000CFA02F69740B34337403B438D78097987
:1092A00083614FEA580303EB4303C3EBD20300EBA4
:1092B00083031C261F6A06EA8206072401F00701C1
:1092C000B440B140A7432140394319624FEA1E110F
:1092D00001EB8101A2EB81010CFA01F1DDB1D0F8C3
:1092E00004211143C0F80411BDE8F0814FF29E0043
:1092F000C0F6000005F0CAFA1BA005F019FD4FF2F8
:1093000073304FF27531C0F60000C0F60001BDE8C1
:10931000F04105F0BBBAD0F8042122EA0101C0F8FF
:109320000411BDE8F0814FF2D010C0F6000040F209
:10933000EF1102F067F94FF2D010C0F600004FF4C1
:10934000F87102F05FF94FF2D010C0F6000040F261
:10935000F11102F057F94FF2D010C0F600004FF4AF
:10936000F97102F04FF900BF41444320526567751F
:109370006C6172204368616E6E656C2063616E275C
:109380007420436F6E666967207768696C65206931
:109390007427732052756E6E696E6721000000009D
:1093A00010B5A0F18042A2F560324FEAB222042A41
:1093B00043D2002949D00268520729D442684B7829
:1093C00091F800C063F3D75291F802E0CC78426084
:1093D0004268BCF1000F6EF353424260426842F4AF
:1093E000803308BF22F480334360026D64F30B22A4
:1093F0000265026D0B7922F0C00203F0030342EA1A
:1094000083120265026D497961F30402026510BDA1
:109410004FF29E00C0F6000005F038FA0FA005F0EC
:1094200087FC4FF273304FF27531C0F60000C0F682
:109430000001BDE8104005F029BA4FF2D010C0F687
:10944000000040F2CD1102F0DDF84FF2D010C0F66E
:1094500000004FF4E77102F0D5F800BF414443200B
:10946000526567756C617220436F6D6D6F6E20631E
:10947000616E277420436F6E666967207768696C38
:109480006520697427732052756E6E696E672100BE
:109490002DE9F04184B0002800F0B48044F2101EA1
:1094A000C2F2000E9EF8542045F20008012AC4F2D0
:1094B000010847D1D8F80020920500F1A0800322CE
:1094C00000238EF85420CEF85830D8F80020002918
:1094D00022F48052C8F800200268C8F88820426848
:1094E000C8F88C2000F0828040F20012C0F20232F4
:1094F000009240F20452C0F20672019240F6084215
:10950000C1F210424068029242F21802C4F23002E4
:1095100000F00F0003926A46165CD8F8002030462F
:10952000082E28BF0820520348BF30460330B3EB53
:10953000900F5BD08008421E032A00F0030C18D263
:10954000002333E04FF2B900C0F6000005F09EF9A9
:1095500030A0414605F09AF94FF273304FF2753161
:10956000C0F60000C0F6000104B0BDE8F04105F00F
:109570008DB9A0EB0C000023302208F1900500BF4C
:109580000E6802EA8307EE514E683C1D2E518C682E
:1095900007F10806AC5101F11006C96807F10C0487
:1095A0000433295198423146EAD13146BCF1000FCB
:1095B0001CD0086803F00F0208EB8202BCF1010F17
:1095C000C2F8900012D0581C4A6800F00F0008EB57
:1095D0008000BCF1020FC0F8902007D0981C896869
:1095E00000F00F0008EB8000C0F89010D8F80000E1
:1095F00040F40070C8F8000001208EF8540004B058
:10960000BDE8F0814FF28620C0F6000040F2D7316D
:1096100001F0F8FF546869732043414E5B307825B0
:109620003038785D205054422054782069736E277A
:109630007420696E205245414459207374617465E9
:109640002C2063616E2774207374617274205478C7
:10965000210A000010B5A0F18042A2F568324FEA5D
:109660003222092A7ED2002900F083805C2248F24F
:10967000E473C4F20202C3F6AC735362136843F49A
:1096800080731360136943F0200313610123536255
:10969000036841F2400223F00103C4F202020360B6
:1096A000136803F47F03B3F5003F14D944F2643325
:1096B000C2F200031B685B0712D54B7A1268002BBD
:1096C00002F47F0246D0B2F5003F09D9026842F4A5
:1096D0000062026004E002688B7963F3CB220260CF
:1096E0000268CB7922F0C00203F0030342EA83123E
:1096F000026002680B7A63F3C302026002680B79AE
:1097000091F800E063F3051291F801C0CC78026093
:1097100002684B79BEF1000F63F30A2202604460D5
:10972000826842F0010308BF22F00103836082686F
:10973000BCF1000F42F0020308BF22F00203836075
:1097400089780268002942F4805308BF22F48053CC
:10975000036010BDB2F5003FC2D9026822F4006276
:109760000260BDE74FF2FD20C0F60000432101F08A
:1097700049FF4FF2FD20C0F60000442101F042FFF6
:109780002DE9F041002900F0DC8141F20C08C4F21F
:109790000208D8F83420C2F30742022A19D8B1F9D6
:1097A00006201D2A03DCB1F908201E2A11DBE8A0DF
:1097B00005F06CF8E9A005F0BBFA4FF273304FF2F8
:1097C0007531C0F60000C0F60001BDE8F04105F0BB
:1097D0005DB84D6A42F20C02DCA4C4F202024301FD
:1097E000002DD65818BF2C46257826F0406605F087
:1097F000030546EA8566677894F802C0E478D65097
:10980000D65807F0030726F0405646EA0777D750A8
:10981000D7580CF0010627F0804747EA8677D750E3
:10982000D75827F0004747EAC477D750D7580E7863
:109830004D7866F30517D750D75865F3C307D7504F
:10984000D7588E7866F38617D750D758CE7827F03A
:10985000800706F0010647EAC617D750D7580E7999
:1098600066F30D37D750D7584E7966F38F37D750F8
:10987000D8F8343003F47F03B3F5003F42EA4013D5
:109880000DD944F26432C2F20002126840F2000CB8
:109890009206CFF6F87C1CD44FF0000E37E0CD884E
:1098A0004FF6FF72954207D01F6805F01F0627F498
:1098B000F81747EA06471F600D89954200F0B3800C
:1098C0001A6805F01F0722F0787242EA47521A60C0
:1098D000A9E091F8282091F829E0C2B191F82A2056
:1098E000FF2A45D048F2E474C8F8384002F01F045B
:1098F000012505FA04F4D8F8005004EA0C042C43BE
:10990000C8F800401C6862F314441C602CE0CA884C
:10991000162A0CD848F2E474C8F838400124944060
:10992000D8F8005004EA0C0425EA040414E01D2AC7
:1099300000F29280012505FA02F414F02A5F00F08B
:109940008B8048F2E474C8F8384005FA02F4D8F87D
:10995000005004EA0C042C43C8F800401C6824F4AE
:10996000F81444EA02421A604FF48032C8F83820F2
:10997000BEF1000F1CD091F82B20FF2A53D048F2E3
:10998000E477C8F8387002F01F07012606FA07F7D7
:10999000D8F8006007EA0C073743C8F800701F6862
:1099A00062F359574FF480321F60C8F838203AE00C
:1099B0000A89162A18D848F2E477C8F838700127BF
:1099C0009740D8F8006007EA0C0726EA0707C8F8AE
:1099D00000701F6827F0787747EA42521A604FF408
:1099E0008032C8F838201EE01D2A41D8012505FA2A
:1099F00002F717F02A5F3BD048F2E477C8F83870D6
:109A000005FA02F7D8F8006007EA0C073743C8F8F0
:109A100000701F6827F0787747EA42521A604FF4C7
:109A20008032C8F8382044F2B822C0EBC000C2F23D
:109A3000000201F10C0702EB80008CCF8E6900F16F
:109A4000080C46618CE88C00D1E90712C0E90612C7
:109A500001210171BDE8F08141F21704141B082CAB
:109A600026D848F2E474C8F8384002F01F0255E7DF
:109A700041F21707D71B082F28D848F2E477C8F817
:109A8000387002F01F0201279740D8F8006007EAFB
:109A90000C0726EA0707C8F800701F6827F07877D8
:109AA00047EA42521A604FF48032C8F83820BAE7C9
:109AB00044F21304141B0A2C27D848F2E474C8F8A3
:109AC000384002F01F020124944040E744F213079B
:109AD000D71B0A2F27D848F2E477C8F8387002F06D
:109AE0001F0201279740D8F8006007EA0C073743A8
:109AF000C8F800701F6827F0787747EA42521A606A
:109B00004FF48032C8F838208DE74FF6FF74A24238
:109B10003FF42EAF1C6802F01F0224F4F81444EA4C
:109B200002421A6024E74FF6FF77BA423FF47BAF58
:109B30001F6802F01F0227F0787747EA42521A6046
:109B400071E711A0832101F05DFD00BF000000015D
:109B50005B4540444D41204C4C5D200054686520DD
:109B600068617264776172652076657273696F6E81
:109B7000206E6F20737570706F72742074686973D3
:109B800020656E756D2100002E2E2F2E2E2F2E2E6D
:109B90002F447269766572732F54414533324735CD
:109BA0003878785F4472697665722F5372632F74C8
:109BB0006165333267353878785F6C6C5F646D61EE
:109BC0002E63000070B541F25C05C4F202052A68FC
:109BD0004FF6FF73110C8902B3EB124F08BF4FF41D
:109BE0008021B1F5003F044610D0B1F5802F40F040
:109BF000D08043F20000C4F20200006C00F07061FB
:109C00002020B1F1206F08BF402000E02020A042BA
:109C100040F2BF8000F080FAB8B14FF2AA00C0F65F
:109C2000000004F033FE4FF20610C0F6000005F00D
:109C30007FF84FF273304FF27531C0F60000C0F676
:109C4000000104F023FE012070BD29684FF6FF7269
:109C5000080C8002B2EB114F08BF4FF48020B0F522
:109C6000003F10D0B0F5802F40F09B8043F2000001
:109C7000C4F20200006C00F070612020B1F1206F8E
:109C800008BF402000E02020A04240F28A8000F07F
:109C900043FAC8B14FF2AA00C0F6000004F0F6FD86
:109CA0004FF20610C0F6000005F042F84FF2733094
:109CB0004FF27531C0F60000C0F6000104F0E6FD79
:109CC000002686F0010070BD55F81C0C43F200051B
:109CD00000F47F00B0F5003FC4F202050ED8286CF6
:109CE00000F07060B0F1206F08D1286C00F0704077
:109CF00000F1C040B0FA80F0400900E00020296A7D
:109D000021F4401129622968B1F1FF3F0CDC696A36
:109D100043F6AC7262F30F016962696A48F2E47259
:109D200062F30F0169622968296A002804F03F0084
:109D30006FF312010EBF0843084380F02000286231
:109D40002868012640F002002860012000F056FA41
:109D5000A0B14FF2AA00C0F6000004F097FD15A0D4
:109D6000214604F093FD4FF273304FF27531C0F687
:109D70000000C0F6000104F089FD002628680028D4
:109D800004D4286840F000402860286886F001006C
:109D900070BD4FF20B20C0F600004FF47C7101F053
:109DA00031FC4FF20B20C0F6000040F2B33101F05D
:109DB00029FC00BF536563746F722045726173653F
:109DC000206572726F7220617420536563746F72C4
:109DD000206E756D6265722025752121210A0000B3
:109DE0002DE9F04F81B041F24005C4F20205EB6964
:109DF00016461A0C4FF6FF779202B7EB134F08BFC7
:109E00004FF48022430740F0E3800C46710740F096
:109E1000E780002C00F0EC8020F07F4A924580F033
:109E2000EF800AEB0601914200F2F28030434007D6
:109E300002D04FF00008C7E000F06EF9C0B14FF259
:109E4000AA00C0F6000004F021FD4FF20610C0F693
:109E5000000004F06DFF4FF273304FF27531C0F621
:109E60000000C0F6000104F011FD4FF00008ABE067
:109E7000286843F2000900F47F00B0F5003FC4F207
:109E8000020910D8D9F8400000F07060B0F1206FDE
:109E900009D1D9F8400000F0704000F1C040B0FA9C
:109EA00080F0400900E00020D9F80010B1F1FF3F38
:109EB00011DCD9F8241043F6AC7262F30F01C9F833
:109EC0002410D9F8241048F2E47262F30F01C9F8A3
:109ED0002410D9F800104FF00008B8EBD60F67D067
:109EE0004FF6FF7BF508C0F2070B26F007084FF08E
:109EF000000728B3E059E119C9F8100048680021AB
:109F0000C9F81400D9F820000AEB0706CFF6F8715B
:109F1000084006EA0B01084380F40030C9F820002D
:109F2000D9F8000040F00100C9F80000002000F05E
:109F300065F940BB013D07F10807DBD138E000BF00
:109F4000E059E119C9F8100048680021C9F8140067
:109F5000D9F820000AEB0706CFF6F871084006EAA8
:109F60000B010843C9F82000D9F8000040F00100B7
:109F7000C9F80000002000F041F920B9013D07F1C7
:109F80000807DDD114E04FF2AA00C0F6000004F08B
:109F90007DFC23A0314604F079FC4FF273304FF280
:109FA0007531C0F60000C0F6000104F06FFCB84641
:109FB000D9F80000002807D4D9F8000040F000408C
:109FC000C9F80000D9F80000404601B0BDE8F08FA4
:109FD0004FF20B20C0F6000040F2693101F012FB95
:109FE0004FF20B20C0F6000040F26A3101F00AFB8C
:109FF0004FF20B20C0F6000040F26B3101F002FB83
:10A000004FF20B20C0F600004FF45B7101F0FAFA3A
:10A010004FF20B20C0F6000040F26D3101F0F2FA71
:10A0200050726F6772616D206572726F7220617419
:10A03000206164647265737320307825303878212C
:10A0400021210A002DE9F04141F25C03C4F2020330
:10A050001E684FF6FF75330C9B02B5EB164F08BF19
:10A060004FF4802300293FD020F07F40984243D214
:10A0700086189E4248D85AB300F10068C2F1000C1D
:10A08000A2F1010E002000BF18F800400D5CAC42A8
:10A0900018BFBDE8F081864517D008EB00040D1805
:10A0A00066786F78BE4216D10CEB0006B71C0CD058
:10A0B000A778AB789F4211D1F31C06D0E378EC78F7
:10A0C000A3420ED104308242DED11046BDE8F081B9
:10A0D0000020BDE8F0810130BDE8F0810230BDE82C
:10A0E000F0810330BDE8F0814FF20B20C0F6000094
:10A0F00040F2594101F086FA4FF20B20C0F6000001
:10A1000040F25A4101F07EFA4FF20B20C0F60000F7
:10A1100040F25B4101F076FA80B581B044F6502CF4
:10A12000C2F2000C0020DCF800E08DF8030041F2E0
:10A130004000C4F20200006800F47F00B0F5003F68
:10A1400043F20800C4F2020039D900BF50F8083CBD
:10A1500050F8081CDB4323EA510150F8043C50F846
:10A16000042C994321EA52010268036821EAD201D2
:10A17000DA4301EAD2718DF80310DCF80010A1EB8C
:10A180000E01B1F5967F33D89DF80310C907DDD0D5
:10A190000168490703D1016811F4E06F2BD0072152
:10A1A00001604FF4E0610160012001B080BD00BF9B
:10A1B000DCF80010A1EB0E01B1F5967F18D850F82D
:10A1C000081CC907F4D150F8081C8907F0D450F8CE
:10A1D000041CC907ECD150F8041C89075CBF016856
:10A1E0005FEA0171E4D40168490704D00721DAE786
:10A1F000032001B080BD002001B080BD10B541F248
:10A20000400C44F6502EC4F2020CC2F2000E43F28F
:10A210000801DEF80020DCF80030C4F202010C680E
:10A2200003F47F03B3F5003F04F0070305D94BB1F6
:10A23000072008604FF4E06001E02BB307200860BE
:10A24000012010BD50B1013872E000BF51F8080C78
:10A25000C00700F0978008684007E9D1086810F44B
:10A26000E06FE5D1DEF80000801AB0F5967F00F2CD
:10A270008B80DCF8000000F47F00B0F5003FE5D9EA
:10A2800008680028E2D5E6E750B1013821E000BFB8
:10A2900051F8080CC00700F0758008684007CDD160
:10A2A000DEF80000801AB0F5967F00F26D80DCF8D1
:10A2B000000000F47F00B0F5003FE9D908680028ED
:10A2C000E6D5EAE751F8043C9B075BD50B685B07D2
:10A2D000B4D1DEF800309B1AB3F5967F54D8DCF881
:10A2E000003003F47F03B3F5003F02D90B68002B65
:10A2F000ECD4042846D8DFE800F0080D030404007D
:10A30000E0E70B681B07E1D43CE051F8083C9B07F1
:10A31000DCD437E051F8043CDB07D7D132E051F808
:10A32000043C9B072ED500BF0B685B077FF480AF12
:10A330000B6813F4E06F7FF47BAFDEF800309B1AFC
:10A34000B3F5967F20D8DCF8003003F47F03B3F533
:10A35000003F02D90B68002BE6D4042812D8DFE8AE
:10A3600000F0080D03040400D9E70B681B07DBD4D9
:10A3700008E051F8083C9B07D6D403E051F8043CB0
:10A38000DB07D1D1002010BD032010BD5FEA004CD7
:10A3900000F09480C10745F22001C4F202012AD1E5
:10A3A00082072FD4420734D4020739D4C2063ED4E0
:10A3B000820643D4420648D402064DD4C20552D484
:10A3C000820557D442055CD4020561D4C20466D428
:10A3D00082046BD4400404D548680E2262F31B60EB
:10A3E0004860BCF1000F58BF704748680E2262F306
:10A3F0001F70486070470B680E2262F303030B6006
:10A400008207CFD50A680E2363F307120A6042075A
:10A41000CAD50A680E2363F30B220A600207C5D56A
:10A420000A680E2363F30F320A60C206C0D50A68B9
:10A430000E2363F313420A608206BBD50A680E231B
:10A4400063F317520A604206B6D50A680E2363F317
:10A450001B620A600206B1D50A680E2363F31F72FD
:10A460000A60C205ACD54A680E2363F303024A6052
:10A470008205A7D54A680E2363F307124A60420596
:10A48000A2D54A680E2363F30B224A6002059DD5CC
:10A490004A680E2363F30F324A60C20498D54A68B3
:10A4A0000E2363F313424A60820493D54A680E2355
:10A4B00063F317524A60400493D58DE74FF2C120F1
:10A4C000C0F60000E12101F09DF800002DE9F04FF9
:10A4D00081B00446A0F18040A0F510304FEA303042
:10A4E000062880F0D3808A46002900F0D680DAF86A
:10A4F00000300021B1EB134F40F0C18099B2002928
:10A5000000F0BD80052800F2A08004F1240C04F1C5
:10A51000200B4FF000094FF001084FF0000E00260D
:10A5200008FA06F10B405BD09AF80410481E0F2879
:10A5300060D26046082E38BF5846026809F01C07F2
:10A540000F25BD40B940AA432940114301609AF844
:10A5500008000028A06B14BF40EA030120EA0301B1
:10A56000A1639AF807000028A06C14BF1843984311
:10A57000A064206B9AF80520032102F0030201FA7F
:10A580000EF102FA0EF2884311400843206341F2B3
:10A590004000C4F20200006800F47F00B0F5003F04
:10A5A0001ED944F26430C2F200000068000617D5DC
:10A5B0009AF80930DAF80010D807206C0CBF20EAAE
:10A5C000010840EA0108C4F840809807206C4FF069
:10A5D00001084FEA014154BF88430843206400BF8B
:10A5E0000F2E32D0DAF8003001360EF1020E09F1EA
:10A5F000040995E761BB6046082E38BF5846D0F87D
:10A60000008009F01C010F2202FA01F128EA010181
:10A6100001609AF806104FF001080029A9D0D4F87B
:10A620001480032001F0030100FA0EF001FA0EF18C
:10A6300028EA0008084040EA08006061A361206938
:10A640004FF001081843206193E701B0BDE8F08F97
:10A6500015A004F01BF99AF8043017A021463246E1
:10A6600004F014F94FF273304FF27531C0F6000068
:10A67000C0F6000101B0BDE8F04F04F007B94FF299
:10A68000C120C0F60000482100F0BCFF4FF2C120FD
:10A69000C0F60000462100F0B5FF4FF2C120C0F621
:10A6A0000000472100F0AEFF5B45404750494F2076
:10A6B0004C4C5D20000000004750494F2D5B307826
:10A6C000253038785D2050696E2D5B25645D2061F2
:10A6D0006C7465726E6174652066756E6374696F03
:10A6E0006E205B25645D20636F6E6669672045722E
:10A6F000726F722121210A0070B5002900F0D58007
:10A700004BF2001CC4F2030C0A690CEB00239A63A1
:10A710004A69DA63D3F870E00A7E62F3000EC3F888
:10A7200070E0D3F870E04A7E62F3C30EC3F870E0C5
:10A73000D3F870E08A7E62F3420EC3F870E0D3F87B
:10A7400070E00C7B4EF040024D7B002C08BF2EF0D9
:10A7500040021A671A6F002D42F0200408BF22F051
:10A7600020041C670A6A4BF6047E1A644A6AC4F223
:10A77000030E5A641A6F91F8285065F310421A6755
:10A780001A6F91F8295065F3D3421A671A6F91F83E
:10A790002A5065F352421A67CA7E1D6F002A45F49B
:10A7A000800408BF25F480041C670A7F1C6F002A00
:10A7B00044F4001508BF24F400151D671A6FCC7A05
:10A7C00022F0605204F0070442EAC4621A674C7A2D
:10A7D0001D6F002C45F0804608BF25F080461E679F
:10A7E00003F170020B7A0124002B04FA00F3DEF867
:10A7F00000400CBF24EA03032343CEF800308B7AD9
:10A800001668002B46F0007508BF26F0007515602D
:10A810000CEB0020426F0E7842F001034D788C78EB
:10A8200091F803C0002E08BF22F001034367426F76
:10A83000002D42F0020308BF22F002034367426F7B
:10A84000002C42F0040308BF22F004034367426F68
:10A85000BCF1000F42F0080308BF22F00803436771
:10A860000A79436F002A43F0100608BF23F0100650
:10A8700046674A79436F002A43F0200608BF23F059
:10A88000200646678A79436F002A43F0400608BFD6
:10A8900023F040064667C979426F002942F08003E1
:10A8A00008BF22F08003436770BD4FF24920C0F615
:10A8B00000004FF4CB7100F0A5FE0000B0B50029F8
:10A8C00000F0338109286FD14BF20000C4F203007D
:10A8D000C2688B68520A62F35F23C3604FF6FF734E
:10A8E000C268C8F2000303F1FC4302EA030CCB6820
:10A8F0000022C0F2FF121A406244C26002680B7C60
:10A9000063F30202026002684B7C63F3C3020260DD
:10A910004A790B788261CA884261026822F040421B
:10A9200042EA8372026091F803C00368BCF1000F31
:10A9300043F0100208BF23F01002026091F802C039
:10A940000368BCF1000F43F4806208BF23F4806207
:10A95000026091F801C00368BCF1000F43F400628B
:10A9600008BF23F40062026091F804C0D0F8903F61
:10A97000BCF1000F43F4803208BF23F48032C0F8EA
:10A98000902F0268CB7C22F0C00203F0030342EA5E
:10A99000831202608A7C0168002A14BF41F0200102
:10A9A00021F020010160B0BD082880F0C5804BF285
:10A9B000000CC4F2030C0CEB0023D3F80CE18C6800
:10A9C0004FEADE3262F3DF34C3F80C41D3F80C21D6
:10A9D000CC8964F31E42C3F80C21D3F800210C7C0F
:10A9E00064F30202C3F80021D3F800214C7C64F325
:10A9F000C302C3F800214A7991F803E0C3F8182193
:10AA0000CA88BEF1000FC3F81421D3F8002142F028
:10AA1000100408BF22F01004C3F8004191F802E0CE
:10AA2000D3F80041BEF1000F44F4806208BF24F463
:10AA30008062C3F8002191F801E0D3F80041BEF133
:10AA4000000F44F4006508BF24F40065C3F800510A
:10AA500003F580720B794FF40035002B05FA00F3F3
:10AA6000DCF8905F0CBF25EA03032B43CCF8903F42
:10AA7000D1E906530CEB0020C0F85451C0F858310E
:10AA8000106891F8203063F3492010601068CB7C87
:10AA900020F0C00003F0030340EA83108D7C1060B7
:10AAA0001068002D40F0200308BF20F02003136041
:10AAB000106891F8253020F0704040EA0370106073
:10AAC000106891F8263063F311401060106891F817
:10AAD000273063F39340106091F821001368002839
:10AAE00043F4807508BF23F48075156091F8220047
:10AAF0001368002843F4801508BF23F480151560FF
:10AB000091F823001368002843F4001508BF23F4CC
:10AB10000015156091F824101068002914BF40F446
:10AB2000800020F480001060B0BD4FF24920C0F6D4
:10AB30000000F42100F066FD4FF24920C0F600004D
:10AB400040F6B80100F05EFDB0B5002900F0CD8000
:10AB500009282BD14A884BF20000C4F20300C261DD
:10AB60008A880262CA8842620A898262026891F80F
:10AB700000C042F0007391F80AE0CC7ABCF1000FFB
:10AB800008BF22F0007303600168BEF1000F41F0BE
:10AB9000006208BF21F0006202600168002C14BF4F
:10ABA00041F0806121F080610160B0BD082880F033
:10ABB000A4804BF200034A88C4F2030303EB002095
:10ABC000C0F81C218A88C0F82021CA88C0F8242136
:10ABD0000A89C0F82821D0F800210C7842F00073CF
:10ABE00091F80AC091F80BE00D7B002C08BF22F011
:10ABF0000073C0F80031D0F80021BCF1000F42F022
:10AC0000006308BF22F00063C0F80031D0F80021D3
:10AC1000BEF1000F42F0806308BF22F08063C0F8ED
:10AC20000031D0F80421002D42F4803308BF22F413
:10AC30008033C0F804314A7BD0F80431002A43F451
:10AC4000003508BF23F40035C0F804518A7BD0F8E2
:10AC50000431002A43F4802508BF23F48025C0F87E
:10AC60000451CA7BD0F80431002A43F4002508BF00
:10AC700023F40025C0F804510A7CD0F80431002ADE
:10AC800043F4801508BF23F48015C0F804514A7CB2
:10AC9000D0F80431002A43F4001508BF23F400154E
:10ACA000C0F804518A7CD0F80431002A43F48005AE
:10ACB00008BF23F48005C0F80451CA7CD0F80431E1
:10ACC000002A43F4000508BF23F40005C0F804512E
:10ACD0000A7DD0F8041100F58270002A14BF41F0FB
:10ACE000807121F080710160B0BD4FF24920C0F643
:10ACF00000004FF4847100F085FC4FF24920C0F64B
:10AD0000000040F6221100F07DFC00002DE9F04F1C
:10AD100085B041F26C01C4F2020151F80C0C002222
:10AD2000C4F20202009051F84CEC106848F2E47052
:10AD3000C3F6AC70C2F8800048F2E47041F8280C09
:10AD400048F63D2041F8280C41F6EC1041F8280C5B
:10AD500051F80C0C032340F4005041F80C0C51F84E
:10AD60000C0C4EF6FC5940F4805041F80C0C51F894
:10AD70004C0CCEF2000940F4807041F84C0C51F8B4
:10AD80004C0C41F2002C63F38E2041F84C0CD9F8A6
:10AD90000000D9F8007041F2000347F08077CEF24E
:10ADA0000003C9F8007000275F601C689FEDBF0AB0
:10ADB000C0F27A0C44F001041C6000BF5C680D68AE
:10ADC000664615F5807F3CBF0D682E0A01EE106ABD
:10ADD000B8EE411A21EE001ABCEEC11A11EE105A5B
:10ADE000AC42EBD348F2001448F22135C4F203041C
:10ADF000C0F2800544F8FC5C2B2544F8F85C002583
:10AE000044F8E85C202544F8D85C112544F8C05C7F
:10AE10006FF0FF05665900F0807846F00100605140
:10AE200054F8F00CC0055CBF54F8F00C5FEAC05059
:10AE300007D454F8F00CC00503D454F8F00CC00546
:10AE4000EED56FF0FF00255845F004052550206829
:10AE500040F40030206000BF206880035CBF2068A1
:10AE60005FEA803005D42068800302D42068800324
:10AE7000F2D554F8AC0C2568122645F4003525604F
:10AE800051F84C5C9FED8A0A66F38E2541F84C5CC4
:10AE9000156845F400351560156825F00045156006
:10AEA000156825F440751560156845F00045156076
:10AEB00000255D601D6845F001051D605E680D6838
:10AEC000674615F5807F3CBF0D682F0A01EE107AAA
:10AED000B8EE411A21EE001ABCEEC11A11EE105A5A
:10AEE000AE42EBD354F8AC5C00EBD070A5EB600A3B
:10AEF000BAF1000F48BFCAF1000ACDF804A02568D6
:10AF0000012645F4003525601568401025F0004500
:10AF10001560156866F309251560156845F000454C
:10AF2000156000255D601D6845F001051D6000BFCE
:10AF30005E680D68674615F5807F3CBF0D682F0A77
:10AF400001EE107AB8EE411A21EE001ABCEEC11AD9
:10AF500011EE105AAE42EBD354F8AC5C0226B5EBBE
:10AF6000000B48BFCBF1000BCDF808B0256845F4C5
:10AF700000352560156825F000451560156866F3F5
:10AF800009251560156845F00045156000255D60D0
:10AF90001D6845F001051D605F680D68664615F582
:10AFA000807F3CBF0D682E0A01EE106AB8EE411A90
:10AFB00021EE001ABCEEC11A11EE105AAF42EBD3CB
:10AFC00054F8AC5C2F1A48BF7F420397256845F4BC
:10AFD00000352560156825F000451560156845F4B5
:10AFE00040751560156845F00045156000255D60E9
:10AFF0001D6845F001051D605E680D6815F5807FD0
:10B0000065463CBF0D682D0A01EE105AB8EE411A94
:10B0100021EE001ABCEEC11A11EE105AAE42EBD36B
:10B0200054F8AC6C351A48BF6D4204952068D3457E
:10B0300040F400302060106820F00040106010687C
:10B0400020F400301060186820F001001860D9F872
:10B05000000001AB40EA0800C9F800004FF0000012
:10B0600038BF012053F82060B74238BF022053F8A0
:10B0700020309D426FF0FF03E75838BF032047F0B0
:10B080000107E75041F84CEC009B41F80C3C0123D0
:10B09000C2F880304FF4803241F8282C4FF400324F
:10B0A00041F8282C05B0BDE8F08F00BF51499D3A0A
:10B0B000A69BC43AB0B549F6FF72C4F201029042B1
:10B0C00016DC4DF6FF73C4F20003984226DD4EF203
:10B0D0000003C4F20003984238D048F20003C4F2DF
:10B0E0000103984232D049F20003C4F201032AE07E
:10B0F0004AF6FF73C4F2020398421ADD4BF20003D2
:10B10000C4F20203984221D00023C4F20303984200
:10B110001CD041F20003C4F2030314E048F2000320
:10B12000C4F20003984211D049F20003C4F20003B4
:10B1300009E04AF20003C4F20103984206D04AF241
:10B140000003C4F20203984240F0E780002900F0B7
:10B15000DC80904218DC4DF6FF72C4F2000290428F
:10B160002ADD4EF20002C4F2000290423DD048F2C5
:10B170000002C4F20102904237D049F20002C4F248
:10B180000102904231D023E04AF6FF72C4F202027B
:10B1900090421EDD4BF20002C4F20202904224D023
:10B1A00041F20002C4F2030290421ED00022C4F217
:10B1B0000302904219D00BE048F20002C4F20002F0
:10B1C000904212D049F20002C4F2000290420CD028
:10B1D000B0BD4AF20002C4F20102904205D04AF228
:10B1E0000002C4F202029042F2D14EF2100C41F27F
:10B1F0004002C4F2000CC4F20202ACF11003126867
:10B2000098423BD102F47F02B2F5003F36D9DCF818
:10B2100020204FF6FF7E8B8822EA0E021A4444F665
:10B22000502ECCF82020C2F2000EDEF8002000BF25
:10B23000DCF80030DB0326D5DEF800309B1A0A2B41
:10B24000C6D8DCF80030DB031DD5DEF800309B1AD1
:10B250000A2BBDD8DCF80030DB0314D5DEF8003053
:10B260009B1A0A2BB4D8DCF80030DB030BD5DEF8D0
:10B2700000309B1A0A2B88BFB0BDD9E74A68026329
:10B280000A89826306E0DCF828200B8963F3070251
:10B29000CCF8282002684B7891F800C063F3C30211
:10B2A00091F802E08D7A026042686EF30202426019
:10B2B00002680B7B63F382020260CA7A0368002A89
:10B2C00023F0020408BF43F0020404600268BCF1EA
:10B2D000000F42F0800308BF22F080030360C26ABF
:10B2E00065F30302C2624A7B026402688B7B63F3EC
:10B2F000461202600268CB7B63F3041202600268AC
:10B30000097C61F309220260B0BD4FF23830C0F60B
:10B3100000004FF4817100F075F94FF23830C0F63B
:10B32000000040F2011100F06DF90000FEE700009E
:10B33000704700007047000000F00CF8FCF730FF89
:10B340007047000044F65020C2F20000016801314D
:10B350000160704748F200004EF68851C0F60000C8
:10B36000CEF2000141F8800C41F23000C4F202003C
:10B3700048F2E4724261026822F0020202604FF475
:10B3800080324261086840F4700008607047000035
:10B3900070B543F23804C4F2000454F8040C216878
:10B3A00001EA0005280444BF4FF40040206068040F
:10B3B00044BF4FF480402060A80444BF4FF40050C5
:10B3C0002060E80410D54FF48050206044F644001B
:10B3D000C2F20000C1888288914205D3816819B108
:10B3E0008168A4F138008847280541D54FF40060F2
:10B3F000206054F8280C00073AD044F64406C2F204
:10B400000006307F04282DD1B06988B3306948B375
:10B41000F08AB18A884225D2206810F4E06F73D098
:10B420004FF2D100C0F6000003F030FA60A064A132
:10B4300003F02CFA4FF273304FF27531C0F6000072
:10B44000C0F6000103F022FA54F8040C20F00100C9
:10B4500044F8040C0020B06101203077306B38B123
:10B46000804705E054F8380C40F0080044F8380CE8
:10B47000680544BF4FF480602060A80544BF4FF4C6
:10B4800000702060E80544BF4FF480702060E8063B
:10B4900044BF10202060280744BF082020606807B0
:10B4A00044BF04202060A80709D544F64400C2F236
:10B4B0000000816819B18168A4F138008847E80765
:10B4C00009D044F64400C2F20000816919B18169D3
:10B4D000A4F13800884741F24000C4F2020000683D
:10B4E00000F47F00B0F5403F38BF70BD680644BF30
:10B4F00040202060280644BF80202060E80344BF2D
:10B500004FF48030206070BD6068C0F3C42054F8F0
:10B51000341CC9031FD554F8341C89031BD454F8B8
:10B52000341C01F00301032915D140B3F18AB28A1A
:10B53000914224D254F8141C32696FF35F211180B8
:10B540003169013802313161F18A020601F10101EC
:10B55000F182EBD113E090B1F18AB28A91420ED21E
:10B5600054F8141C3269013811703169020601F176
:10B5700001013161F18A01F10101F182ECD154F84C
:10B58000040C20F0010044F8040C0020B0610120FC
:10B590003077F08AB18A884234BF306B706A00B16C
:10B5A000804754F8040C20F4006044F8040C5FE772
:10B5B0003C25733E206572726F72210A0000000004
:10B5C000554152545F527854696D656F75745F4987
:10B5D00053520000FEE70000704700007047000073
:10B5E0004EF60C50BFF34F8FCEF2000001680422DC
:10B5F00001F4E061C0F2FA5211430160BFF34F8FD2
:10B6000000BFFDE7A0B104460AA00D4603F03EF9D5
:10B610000BA021462A4603F039F94FF273304FF25E
:10B620007531C0F60000C0F6000103F02FF900BF2D
:10B6300000BFFDE75B45404150505D200000000029
:10B64000417373657274206661696C656420696E0C
:10B65000202573206C696E6520256400B0B519B192
:10B66000012904D100226AE00022D0B2B0BD01F06D
:10B67000010CA1EB0C010022072300BF0478D2B219
:10B68000624083EA420490F801E0150658BF540076
:10B6900083EA4402250658BF620083EA4204150685
:10B6A00058BF540083EA4402250658BF620083EA6B
:10B6B0004204150658BF540083EA4402250658BFC9
:10B6C000620083EA4204150658BF540083EA44022C
:10B6D000250658BF6200D2B282EA0E0283EA420512
:10B6E000140658BF550083EA45022C0658BF6A006D
:10B6F00083EA4205140658BF550083EA45022C062A
:10B7000058BF6A0083EA4205140658BF550083EA11
:10B7100045022C0658BF6A0083EA4205140658BF4A
:10B72000550083EA45022C06A1F1020158BF6A00C8
:10B730000D0600F10200A1D1BCF1000F2BD0007862
:10B74000D1B24140072080EA41020B0658BF4A00AF
:10B7500080EA4201130658BF510080EA41020B06FD
:10B7600058BF4A0080EA4201130658BF510080EAE0
:10B7700041020B0658BF4A0080EA4201130658BF37
:10B78000510080EA41030A0658BF4B0080EA430299
:10B79000180658BF5A00D0B2B0BD000044F2F031D4
:10B7A000C2F200010A7820F07F4401320A70D1B25F
:10B7B00041F20402CEF20002126880EA10204840F2
:10B7C0005040010608BF0120C5B2AB2021462A46E1
:10B7D00002F076FE44F65026C2F2000658B9AB20BD
:10B7E00021462A4602F06CFE28B9AB2021462A46A3
:10B7F00002F066FE20B35A2021462A4602F060FE7F
:10B8000058B95A2021462A4602F05AFE28B95A2031
:10B8100021462A4602F054FE90B130683168091A78
:10B820000B290BD23168091A0A2907D83168091A7D
:10B830000A2903D83168091A0B29EFD3FFF7D0FE84
:10B8400044F2F135C2F200054FF6AA7042F230041C
:10B850002880681C0021C4F20204C5F8021002F01E
:10B8600051FDA8715520E8712068C00711D03068DB
:10B870003168091A0229F7D23168091A0129F3D867
:10B880003168091A0129EFD83168091A0229EBD267
:10B89000EEE72068C0070ED10420606044F8105C19
:10B8A00054F8080C082161F30B0044F8080C2068D8
:10B8B00040F00100206030683168091A15291FD254
:10B8C0003168091A14291BD83168091A142917D8A4
:10B8D0003168091A1529EFD312E000BF30683168CA
:10B8E000091A02290CD23168091A012908D83168CD
:10B8F000091A012904D83168091A0229EFD300BFB7
:10B900002068C007EAD12068C0070ED1042060601B
:10B9100044F8105C54F8080C082161F30B0044F85B
:10B92000080C206840F00100206030683168091A76
:10B9300015291FD23168091A14291BD83168091A30
:10B94000142917D83168091A1529EFD312E000BF5E
:10B9500030683168091A02290CD23168091A0129A4
:10B9600008D83168091A012904D83168091A02294E
:10B97000EFD300BF2068C007EAD12068C0070ED10E
:10B980000420606044F8105C54F8080C082161F34E
:10B990000B0044F8080C206840F00100206030687B
:10B9A0003168091A1529BFF438AF3168091A14290A
:10B9B0003FF633AF3168091A14293FF62EAF3168CC
:10B9C000091A1529ECD328E77047000010B50028A4
:10B9D00000F0B780016845F24302C4F6411291427B
:10B9E00040F0AF808188012940F0AB80C1885029A8
:10B9F00040F0A780D0E9121244F64D53C4F24F3301
:10BA00005A4045F24543C4F654135940114340F09F
:10BA10009880C26845F2E501C1F6FF018A424FF005
:10BA2000000100F096804FF6FE73013AC1F6FF73F5
:10BA30009A4200F28E8048F2203E4FF0FF314FF0E4
:10BA4000000C4323CEF6B85EDBB2594001F001038F
:10BA50005B4203EA0E0383EA5103C1F3400149420A
:10BA600001EA0E0181EA5301C3F340035B4203EA9A
:10BA70000E0383EA5103C1F34001494201EA0E017A
:10BA800081EA5301C3F340035B4203EA0E0383EAF6
:10BA90005103C1F34001494201EA0E0181EA530119
:10BAA000C1F34002C3F340035B4203EA0E03524278
:10BAB00083EA510100EB0C0302EA0E025C7882EA91
:10BAC0005101614001F00102524202EA0E0282EA93
:10BAD0005102C1F34001494201EA0E0181EA5201DB
:10BAE000C2F34002524202EA0E0282EA5102C1F35C
:10BAF0004001494201EA0E0181EA5201C2F34002CB
:10BB0000524202EA0E0282EA5102C1F34001494266
:10BB100001EA0E0181EA5201C2F34002524202EAF6
:10BB20000E0282EA5102C1F34001494201EA0E01CC
:10BB3000BCF13E0F81EA520105D09B780CF1020C5A
:10BB400082E7002010BD006C08440130B0FA80F09C
:10BB50004109084610BD0000B4B041F24001C4F2F2
:10BB60000201C86A41F2002810F5807F38BFC86A18
:10BB7000C86AC0F27A08454610F5807F3CBFC86AA3
:10BB8000050A40F2800B48F2E470C4F2020BC3F6DF
:10BB9000AC70CBF800005BF8500C00F003000228FA
:10BBA0000BD15BF8100C40F010004BF8100C5BF858
:10BBB000500C20F003004BF8500C4EF6585149F24F
:10BBC0000059C0F60001C0F6BA29002001F1900228
:10BBD0008DF8800052F8903CAB4203D1002818BF8A
:10BBE00007286CD052F8783CAB4208BF06285BD0DF
:10BBF00052F8603CAB4208BF052857D052F8483C89
:10BC0000AB4208BF042853D052F8303CAB4208BFC7
:10BC100003284FD052F8183CAB4208BF02284BD043
:10BC20001368AB4208BF012848D007301C2802F136
:10BC3000A802CFD141F24000C4F20200C06A10F560
:10BC4000807F0BD241F24000C4F20200C06A0021A2
:10BC5000B1EB102F4FEA102802F00D834046FCF79D
:10BC60005CFD9FED510B02460B4651EC100BFCF7AF
:10BC7000F8FB04460F46FCF75DFD0646FCF74DFD5C
:10BC800002460B4620463946FCF773FB9FED480BF6
:10BC900053EC102BFCF773FBFCF74CFD074601241B
:10BCA0004FF4004A454615E0013008E0023006E056
:10BCB000033004E0043002E0053000E0063000EB21
:10BCC000400001EBC0004169047A468987898803F6
:10BCD0001FFA80FA48F2E470C3F6AC70CBF80000AB
:10BCE0005BF8240C022C20F008004BF8240C5BF8C5
:10BCF000340C20F001004BF8340C5BF8480C20F0B9
:10BD00000C004BF8480C5BF8380C20F0F0004BF8B6
:10BD1000380C5BF8240C40F008004BF8240C5BF85E
:10BD2000340C40F001004BF8340C5BF8140C20F09C
:10BD300008004BF8140C5BF8140C40F008004BF8AA
:10BD4000140C4FF001008DF880005BF8801C21F08E
:10BD500000414BF8801C5BF8101C41F010014BF8BF
:10BD6000101C5BF8801C60F301014BF8801C45D06F
:10BD7000012C13D04FF2C500C0F6000002F086FD82
:10BD80000DA0214602F082FD4FF273304FF2753163
:10BD9000C0F60000C0F6000102F078FD5BF8800CF0
:10BDA000012120F400602EE0000000002A75A5416A
:10BDB000000000000000F040504C4C3020507265F4
:10BDC0002D44697620436F6E6669672D5B25645D3F
:10BDD000204572726F722C2073657420746F20641A
:10BDE000656661756C742031206469766973696F6A
:10BDF0006E210A00AA55AA55AA55AA555BF8800CCF
:10BE0000022140F400604BF8800C5BF8800CB5FB1D
:10BE1000F1F141F6003320F48062C0F2B703994299
:10BE200088BF40F480624BF8802C5BF87C0C6FF389
:10BE30009F366FF31D4040EA06404BF87C0C5BF8E0
:10BE40007C0C4FF6FF71884338444BF87C0C5BF850
:10BE5000800C20F4404040EA0A004BF8800CFEF7CA
:10BE600055FF48F2E471C3F6AC71CBF800109DF8B1
:10BE70008010B9B15BF8141C21F008014BF8141CB8
:10BE80005BF8141C41F008014BF8141C5BF8241CEF
:10BE900021F008014BF8241C5BF8341C21F001014F
:10BEA0004BF8341C5BF8801C60F309214BF8801CB4
:10BEB0005BF8800C40F000404BF8800C5BF8800C85
:10BEC00040000CD45BF8800C40005CBF5BF8800C39
:10BED0005FEA400003D45BF8800C4000EED548F2E6
:10BEE000E4770120C3F6AC77CBF80000CBF8007004
:10BEF0005BF8502C022161F301024BF8502C5BF8E7
:10BF0000502C052360F30B224BF8502C5BF8502C7F
:10BF100060F30F324BF8502C5BF8502C22F0FC02EF
:10BF20004BF8502C5BF8502C42F480324BF8502CDC
:10BF30005BF8502C42F400324BF8502C5BF8502C3C
:10BF400042F480224BF8502C5BF8502C42F4002233
:10BF50004BF8502C44F20002C2F20002CBF8000071
:10BF6000C2F80090CBF800705BF8482C60F38302B5
:10BF70004BF8482C5BF8382C63F307124BF8382C3D
:10BF8000CBF80000CBF800705BF8482C60F3871208
:10BF90004BF8482C5BF8380C61F30F304BF8380C39
:10BFA00043F200080120C4F20208CBF80000D8F8E0
:10BFB00000104EF60C5A41F01001C8F80010D8F8E5
:10BFC0000010CEF2000A41F02001C8F80010DAF8A3
:10BFD00000104FF6FF02114040F20032C0F2FA5258
:10BFE0001143CAF8001044F20001C2F200010968CE
:10BFF00044F6D352C1F26202A1FB02124FF0FF31AC
:10C0000001EB92130022B2EB136F21D14EF2001715
:10C01000CEF2000747F8EC3CF0238AF817300723EC
:10C0200047F8E82C47F8F03CDAF80030C3F3022375
:10C0300083F00707042F28BF0427033B38BF1346AC
:10C04000B9400F2222EA0101994009018AF817102C
:10C0500048F2E472C3F6AC72CBF800205BF8281CFF
:10C0600044F2040441F004014BF8281C5BF8181C4E
:10C07000C2F2000441F004014BF8181CCBF8000098
:10C08000CBF800205BF8281C41F008014BF8281C75
:10C090005BF8181C41F008014BF8181CCBF80000A5
:10C0A000CBF800205BF8281C41F010014BF8281C4D
:10C0B0005BF8181C41F010014BF8181CCBF800007D
:10C0C000CBF800205BF8281C41F020014BF8281C1D
:10C0D0005BF8181C41F020014BF8181CCBF800004D
:10C0E000CBF800205BF8281C41F040014BF8281CDD
:10C0F0005BF8181C41F040014BF8181CCBF800000D
:10C10000CBF800205BF8281C41F080014BF8281C7C
:10C110005BF8181C41F080014BF8181CCBF80000AC
:10C12000CBF800205BF8281C41F001014BF8281CDB
:10C130005BF8181C41F001014BF8181CCBF800000B
:10C14000CBF800205BF8281C602241F002014BF87C
:10C15000281C5BF8181C41F002014BF8181C4FF228
:10C160000001CBF80000C0F601012046FCF788FA78
:10C17000AFF2803120460822FCF71CF844F6F01498
:10C1800000250028C2F20004C4F2C82557D00027B9
:10C190000026C4F2DC27C4F27026C4E90876012721
:10C1A00084F828700027C4F24027C4E90B770027E1
:10C1B0000021C4F2483746F26662C4E91111C4E9AD
:10C1C000157545F2AA570020C4F266224FF07C563E
:10C1D000C5F2AA57C4F22C200023E665C4E9007713
:10C1E000C4E9022104F11002C4F290130BC244F21C
:10C1F000B810E161C2F2000021466022FCF740FA6B
:10C200001F20FDF7DFFCD0B94EF20000C0F60100A0
:10C2100000F5805544F2B811C2F2000128464FF4EF
:10C220008072FDF7DDFDB0F5807F08D144F2B811D2
:10C23000C2F2000128464FF48072FDF703FF4FF26F
:10C240000001C0F6010120466022FCF719FA44F211
:10C25000FC3504F11007606CC2F20005D4E902C19C
:10C260008CCF04F11C0EC5F83C0305F58C709EE8DC
:10C270004042C5E944C18CC094F82800C5E9496929
:10C2800085F84801206BA16C04F154078CCFC5F8E8
:10C29000D800C5F8A800C5F8E41005F5617020AC19
:10C2A0004EF20001C5F82CE18CC0C0F60101204619
:10C2B0005022FCF7E5F92046FFF788FB02AD4EF26D
:10C2C00000010446C0F6030128465022FCF7D8F9C5
:10C2D0002846FFF77BFB44F28835002CC2F20005AC
:10C2E00008BF00280BD040B1002C00F0D580229868
:10C2F0000499401A002840F3CF8020A9CDE048F2ED
:10C30000203745F2430905F110004021CEF6B85719
:10C31000C4F64119FCF7DBF940F2010AC0F2500AF9
:10C3200001204AF65521C5E9009AC5E902016FF0DE
:10C33000604068610020FF21052205F1200307C34A
:10C340004FF0FF32432100BFC9B2514001F001025A
:10C3500052423A4082EA5102C1F340014942394017
:10C3600081EA5201C2F3400252423A4082EA51024B
:10C37000C1F340014942394081EA5201C2F340020F
:10C3800052423A4082EA5102C1F3400149423940E7
:10C3900081EA5201C1F34003C2F3400252423A40E3
:10C3A0005B4282EA510229183B404E7883EA5202EE
:10C3B000724002F001035B423B4083EA5203C2F346
:10C3C000400252423A4082EA5302C3F340035B42C6
:10C3D0003B4083EA5203C2F3400252423A4082EAAF
:10C3E0005302C3F340035B423B4083EA5203C2F370
:10C3F000400252423A4082EA5302C3F340035B4296
:10C400003B4083EA5203C2F3400252423A403E2884
:10C4100082EA530202D08978023095E7D04328643B
:10C4200044F64D5045F24541C4F24F30C4F6541124
:10C43000C5E912104EF2000520ACC0F60105CDE9A9
:10C440001A10204629465022FCF71AF92046FFF719
:10C45000BDFA02AE4EF200010446C0F603013046BA
:10C460005022FCF70DF93046FFF7B0FA002C08BF58
:10C47000002808D0C8B1D4B1229E0498311A0029EE
:10C48000D8BF064615E04EF2000444F28835C0F6E7
:10C490000104C2F2000524E002A944F28830C2F28D
:10C4A00000005022FCF7ECF8E9E0229E01E004983D
:10C4B000064620AC204629465022FCF7E1F82046EB
:10C4C000FFF784FA22992C46B14208BF04F50034E4
:10C4D000002808BF2C4644F28835701CC2F20005C3
:10C4E000A860C5E9009A4EF60C5A4FF0FF320020C2
:10C4F0004321CEF2000AC5E9122200BFC9B2514061
:10C5000001F0010252423A4082EA5102C1F3400175
:10C510004942394081EA5201C2F3400252423A4054
:10C5200082EA5102C1F340014942394081EA520195
:10C53000C2F3400252423A4082EA5102C1F3400142
:10C540004942394081EA5201C1F34003C2F340023B
:10C5500052423A405B4282EA510229183B404E78EF
:10C5600083EA5202724002F001035B423B4083EADD
:10C570005203C2F3400252423A4082EA5302C3F3EA
:10C5800040035B423B4083EA5203C2F34002524203
:10C590003A4082EA5302C3F340035B423B4083EAE2
:10C5A0005203C2F3400252423A4082EA5302C3F3BA
:10C5B00040035B423B4083EA5203C2F340025242D3
:10C5C0003A403E2882EA530202D08978023095E749
:10C5D000D043286441F24000C4F20200C1694FF622
:10C5E000FF72080C8002B2EB114F08BF4FF480209D
:10C5F000B0F5003F09D0B0F5802F40D1D8F8400009
:10C6000000F07060B0F1206F39D104F17840000B78
:10C61000FDF7D8FA98BB44F28831C2F200012046F7
:10C620004822FDF7DDFB482829D144F28831C2F2C7
:10C63000000120464822FDF705FD48281FD144F09F
:10C6400048051AA928460822FDF7CAFB082816D172
:10C650001AA928460822FDF7F5FC08280FD120ADBD
:10C66000284621465022FCF70BF82846FFF7AEF982
:10C6700028B144F28830C2F2000020A911E7DAF8AC
:10C68000F00048F2000440F08070CAF8F00041F277
:10C690000000CEF200004FF0000AC0F804A00168CC
:10C6A000C4F2030441F0010101604FF0807020905A
:10C6B0004FF0010840F2011520A92046CDE9228A59
:10C6C0008DF862A0CDE902AACDE904AACDE91AAAA3
:10C6D0002195FCF709FC15208DF8650018A9204666
:10C6E000ADF860A0ADF86350FCF75AFE4FF48070CF
:10C6F00016AD1690204629468DF85C80FCF77AFD31
:10C7000040F20110C0F20010029040F21800C2F294
:10C7100001000490022002AEADF81400204631461C
:10C720008DF80C804FF00209FCF728FBF620C1F2CF
:10C7300054601AAF1B9020463946ADF868808DF8DA
:10C740006AA0FCF75FFA40F20140169020462946A5
:10C750008DF85C80FCF74EFD40F20410C0F2001032
:10C76000029040F20800C2F20100049020463146D7
:10C770008DF80C80ADF814900225FCF7FFFA4FF409
:10C780000170ADF868004FF000501B90204639460C
:10C790008DF86AA04FF00059FCF734FA40F200100F
:10C7A000C0F20110CDF882004FF4807004F580666D
:10C7B000ADF88700304620A98DF886A08DF889A0B5
:10C7C000FCF792FB40F20110ADF8630015208DF8E4
:10C7D0006500304618A9ADF860A0FCF7E1FD4FF404
:10C7E000406016AF1690304639468DF85C80FCF7F5
:10C7F00001FD40F20C10C0F20010029040F2100057
:10C80000C2F20100ADF8145002AD04903046294642
:10C810008DF80C80FCF7B2FA4FF48670CDF86C906E
:10C820000DF16809ADF86800304649468DF86AA0F8
:10C83000FCF7E8F940F201201690304639468DF8B1
:10C840005C80FCF7D7FC40F20210C0F200100290AE
:10C8500040F20000C2F2010004900227304629464F
:10C860008DF80C80ADF81470FCF788FA4FF000508A
:10C870001B9030464946ADF8687002278DF86AA0D3
:10C88000FCF7C0F940F20010C0F2011004F5006698
:10C89000CDF882004FF48075304620A98DF886A02F
:10C8A000ADF887508DF889A0FCF71EFB15208DF898
:10C8B0006500304618A9ADF860A0ADF863504FF49C
:10C8C0008074FCF76DFD304616A916948DF85C80D7
:10C8D000FCF790FC40F20110C0F20010029040F210
:10C8E0002000C2F201000490304602A98DF80C80AD
:10C8F000ADF81470FCF742FA4FF000501B90304630
:10C900004946ADF868808DF86AA0FCF77BF94BF6D4
:10C910000871C4F203018F62C1F82CA051F8040C15
:10C9200068F3134041F8040C51F8080C20F470200F
:10C9300041F8080C886D20F01F00886548F2E4700B
:10C94000C3F6AC70CBF800005BF8240C40F4007028
:10C950004BF8240C5BF8240C40F480604BF8240C5A
:10C960005BF8240C40F400604BF8240C5BF8240CBA
:10C9700040F480504BF8240C5BF8240C40F4005039
:10C980004BF8240C5BF8240C40F480404BF8240C4A
:10C990005BF8240C40F400404BF8240C5BF8240CAA
:10C9A00040F480304BF8240C5BF8340C40F010005D
:10C9B0004BF8340C5BF8340C40F020004BF8340C8E
:10C9C0005BF8340C40F040004BF8340C5BF8340C4E
:10C9D00040F080004BF8340C5BF8340C40F480706D
:10C9E0004BF8340C5BF8340C40F400704BF8340C0A
:10C9F0005BF8340C40F480604BF8340C5BF8340C7A
:10CA000040F400604BF8340C5BF8140C40F040002C
:10CA10004BF8140C4FF48050CBF80080FDF7B6FCB7
:10CA20004FF40050FDF7B2FC4FF48040FDF7AEFC30
:10CA30004FF40040FDF7AAFC4EF200114FF0004009
:10CA4000CEF2000148604EF60C50CEF200000068B5
:10CA50004EF21940CEF2000080F826A044F2A070F9
:10CA6000C2F2000080F8008044F2AC70C2F2000014
:10CA700080F8008044F2F070C2F2000042F2240517
:10CA800044F2F8710560C2F2000140F6224044F21F
:10CA9000FC720860C2F2000241F24401116044F6E7
:10CAA0000002C2F2000241F63441116044F6040271
:10CAB000C2F2000244F608031560C2F200034FF40C
:10CAC00016721A6044F60C02C2F20002106044F6BC
:10CAD0001002C2F2000241F26A20106044F6140013
:10CAE00044F2A47744F2A876C2F2000044F2F4794A
:10CAF00020ACC2F20007C2F200060160C2F20009D7
:10CB000020462C2187F8008086F8008089F8008074
:10CB1000CDE902AACDE904AACDE906AACDE91AAA6F
:10CB2000CDE91CAACDF878A0ADF87CA0FBF7CFFD2D
:10CB300040F20110ADF80E500690202002AD089092
:10CB4000092029468DF80DA0CDF810A0ADF809A058
:10CB50008DF80BA0CDF824A0CDE90AAAFDF7AEFE12
:10CB600002202946FDF7AAFE03202946FDF7A6FE6E
:10CB700039784FF47A708DF86880ADF86A00002932
:10CB800018BF40F20441327844F2AC73C2F20003A1
:10CB9000ADF86C10002A18BF40F609021B784BF262
:10CBA0000407C4F20307ADF86E20002B18BF41F252
:10CBB0001203ADF87030B861F9613A627B624BF2F2
:10CBC0000007C4F2030738681AAD40F000703860FF
:10CBD00038689DF8722040F000619DF87330002A9B
:10CBE00008BF20F0006139603868002B40F0806198
:10CBF00008BF20F08061396099F8000044F2F871B4
:10CC0000C2F20001002818BF32200968ADF86A009E
:10CC1000ADF86C1044F2FC7044F60001C2F2000062
:10CC2000C2F2000100680968ADF86E00ADF870103E
:10CC30008DF868808DF874804BF6087802202946BC
:10CC4000C4F20308FDF780FF44F6080044F60C0127
:10CC5000C2F20000C2F2000100680968ADF86A0083
:10CC6000ADF86C1044F6100044F61401C2F2000056
:10CC7000C2F2000100680968ADF86E00ADF87010EE
:10CC800003202946FDF760FF40F6040025900820A8
:10CC90000221289040F6100024918DF89A1002216C
:10CCA000C0F2400029908DF8AA1003202146ADF86B
:10CCB00098A0ADF8A8A0CDF888A0FDF71DFD022032
:10CCC0002146FDF719FD41F24001C4F20201086856
:10CCD000D8F82000012220F04040C8F82000086861
:10CCE000D8F8181000F47F0062F30101B0F5003F9E
:10CCF000C8F8181005D9D8F8640020F00300C8F867
:10CD00006400D8F81800052120F00400C8F81800C5
:10CD1000D8F8200020F00F00C8F82000D8F818003C
:10CD200020F01800C8F81800D8F8180040F02000CB
:10CD3000C8F81800D8F8700020F04040C8F870001B
:10CD4000D8F80C0040F00100C8F80C00D8F80C002E
:10CD500020F40040C8F80C00D8F8680062F3934053
:10CD6000C8F86800D8F8680020F40030C8F86800F7
:10CD7000D8F8700061F31340C8F87000D8F880004C
:10CD80004BF2040120F47020C8F88000D8F8780035
:10CD9000C4F2030120F40020C8F87800D8F80C0091
:10CDA00040F02000C8F80C00D8F8680040F480304B
:10CDB000C8F86800D8F8780020F40030C8F8780087
:10CDC000D8F8780020F48030C8F87800D1F87003E3
:10CDD00040F01000C1F87003D1F8700440F010006A
:10CDE000C1F8700444F65020C2F200000168D8F87F
:10CDF000002042F00102C8F80020D8F80020D20735
:10CE00001BD00268521A652A17D2D8F80020D20720
:10CE100013D00268521A642A0FD8D8F80020D2071B
:10CE20000BD00268521A642A07D8D8F80020D2071B
:10CE300003D00268521A642ADFD90168D8F80020AA
:10CE400042F00802C8F80020D8F8002012071BD5CD
:10CE50000268521A652A17D2D8F80020120713D593
:10CE60000268521A642A0FD8D8F8002012070BD58E
:10CE70000268521A642A07D8D8F80020120703D58E
:10CE80000268521A642ADFD90168D8F8002042F0FB
:10CE90001002C8F80020D8F80020D2061BD502687E
:10CEA000521A652A17D2D8F80020D20613D5026884
:10CEB000521A642A0FD8D8F80020D2060BD502687F
:10CEC000521A642A07D8D8F80020D20603D502687F
:10CED000521A642ADFD94FF001090020C8F82890BF
:10CEE000C8F82C0058F8040C4BF2000A69F3134000
:10CEF00048F8040C58F8080CC4F2030A20F4702017
:10CF000048F8080CD8F8580044F2000520F01F003B
:10CF1000C8F85800D8F80000C4F2020540F001003B
:10CF2000C8F80000DAF80000002140F08060CAF87C
:10CF30000000D8F8600005F5005440F00100C8F882
:10CF40006000D8F8600020AF40F00800C8F860002A
:10CF50000120C0F2001021904FF480408DF888101D
:10CF6000209020463946FDF7B1FA4FF4004020905A
:10CF700028463946FDF7AAFA4FF4006005F5805AB5
:10CF8000209050463946FDF7A1FA4FF480662846B6
:10CF900039462096FDF79AFA4FF40070ADF88400F8
:10CFA00020463946CDF88090FDF790FA5046394634
:10CFB000CDF88090FDF78AFA8020209028463946E7
:10CFC000FDF784FA504639462096FDF77FFA102087
:10CFD0002090504639468DF88590CDF804A0FDF795
:10CFE00075FA00208DF885004FF4005020902046FF
:10CFF0003946FDF76BFA4FF4004020902046394641
:10D00000FDF764FA41F2400548F63D20C4F20205FE
:10D01000686041F6EC106860286A4BF2000640F444
:10D02000805028624FF40030686048F2E475C3F61F
:10D03000AC75CBF800505BF8240CC4F2030640F04A
:10D0400080004BF8240C5BF8140C20AC40F010006E
:10D050004BF8140C49F20000CBF80090C4F2030026
:10D06000D0F8001121F00101C0F80011D0F8001132
:10D0700021F00801C0F80011D0F8001121F00401DE
:10D08000C0F80011D0F8001121F00201C0F8001121
:10D09000CBF800505BF8241C41F080014BF8241CB5
:10D0A0005BF8141C41F010014BF8141CCBF80090F5
:10D0B000016821F001010160016821F008010160AF
:10D0C000016821F004010160016821F002010160A2
:10D0D00040F60E61C0F8041140F61B714160D0F8B3
:10D0E000001141F00101C0F80011016841F0010197
:10D0F000016040F201100021ADF8800040F2031001
:10D100008DF88910CDF882108DF88610ADF8870063
:10D11000A6F570602146FCF79DFAC8208DF88300C3
:10D120000320ADF88700A6F560602146FCF792FA6F
:10D130004FF20020CFF6FF7031584EF60C5A41F0F6
:10D1400001013150CBF800505BF8280CCEF2000AF8
:10D1500040F480704BF8280C5BF8180C042740F45E
:10D1600080704BF8180CCBF80090CBF800505BF8AF
:10D17000300C4FF0FF3340F040004BF8300C5BF8C0
:10D18000200C022440F040004BF8200CCBF800901B
:10D19000CBF800505BF8300C002640F080004BF8D4
:10D1A000300C5BF8200C524640F080004BF8200C0D
:10D1B000CBF80090CBF800505BF8240C4FF0000C3B
:10D1C00040F001004BF8240C5BF8140C964640F03C
:10D1D00001004BF8140CCBF80090CBF800505BF832
:10D1E000240C40F002004BF8240C5BF8140C40F0C7
:10D1F00002004BF8140CCBF80090DAF80000C0F3F2
:10D20000022080F00701042928BF3946033803FAB9
:10D2100001F138BF304624EA010101FA00F04EF274
:10D2200019410001CEF200014870DAF800000C4606
:10D23000C0F3022080F007014FF0FF33042928BF1C
:10D240003946033803FA01F138BF304629EA0101B3
:10D2500001FA00F000014EF2001A20704FF0007049
:10D26000CEF2000ACAF800004FF08060CAF8000051
:10D27000CBF800505BF8280C4FF0FF3340F480707F
:10D280004BF8280C5BF8180C022640F480704BF821
:10D29000180CCBF80090CBF800505BF8300C40F045
:10D2A00040004BF8300C5BF8200C40F040004BF88D
:10D2B000200CCBF80090CBF800505BF8300C40F01D
:10D2C00080004BF8300C5BF8200C40F080004BF8ED
:10D2D000200CCBF80090CBF800505BF8240C40F009
:10D2E00001004BF8240C5BF8140C40F001004BF8E3
:10D2F000140CCBF80090CBF800505BF8240C40F0F5
:10D3000002004BF8240C5BF8140C40F002004BF8C0
:10D31000140CCBF800901068C0F3022080F00701D5
:10D32000042928BF3946033803FA01F138BF6046A3
:10D3300026EA010101FA00F00001607010684FF068
:10D340000072C0F3022080F00701042928BF39468B
:10D35000033803FA01F138BF604629EA010101FAF6
:10D3600000F000012070CAF800204FF08063CAF876
:10D370000030CBF800505BF8280C4FF0FF3440F43D
:10D3800080704BF8280C5BF8180C40F480704BF858
:10D39000180CCBF80090CBF800505BF8300C40F044
:10D3A00040004BF8300C5BF8200C40F040004BF88C
:10D3B000200CCBF80090CBF800505BF8300C40F01C
:10D3C00080004BF8300C5BF8200C40F080004BF8EC
:10D3D000200CCBF80090CBF800505BF8240C40F008
:10D3E00001004BF8240C5BF8140C40F001004BF8E2
:10D3F000140CCBF80090CBF800505BF8240C40F0F4
:10D4000002004BF8240C5BF8140C40F002004BF8BF
:10D41000140CCBF80090DEF80000C0F3022080F07E
:10D420000701042928BF3946033804FA01F138BF3F
:10D43000604626EA010101FA00F04EF219460001A9
:10D44000CEF200067070DEF80000C0F3022080F01B
:10D450000701042928BF3946033804FA01F138BF0F
:10D46000604629EA010101FA00F000013070CAF8B3
:10D470000020CAF800300021632048F20006249101
:10D48000CDE922192190082020ACC4F20006ADF8A5
:10D4900088008DF88B1030462146CDF88090FDF73E
:10D4A00009FE40F2000AC4F2030A50462146FDF785
:10D4B00001FE40F2E730219049F20000C4F2000082
:10D4C0002146FDF7F7FD706802A940F00100706089
:10D4D000DAF8040040F00100CAF804000320C0F2AA
:10D4E0000010039000208DF8100044F20000C4F2F8
:10D4F00002000297FCF7EAFFCBF800505BF8280C1B
:10D500004EF60C5340F480704BF8280C5BF8180C66
:10D51000CEF2000340F480704BF8180CCBF800906A
:10D52000CBF800505BF8300C4FF0FF3640F0400075
:10D530004BF8300C5BF8200C022240F040004BF816
:10D54000200CCBF80090CBF800505BF8300C4AF27E
:10D55000240440F080004BF8300C5BF8200CC4F23F
:10D56000020440F080004BF8200CCBF80090CBF880
:10D5700000505BF8240C40F001004BF8240C5BF8E1
:10D58000140C40F001004BF8140CCBF80090CBF8D1
:10D5900000505BF8240C002540F002004BF8240CEE
:10D5A0005BF8140C40F002004BF8140CCBF8009020
:10D5B0001868C0F3022080F00701042928BF39460B
:10D5C000033806FA01F138BF284622EA010101FAC0
:10D5D00000F04EF219420001CEF2000250701868BD
:10D5E000C0F3022080F00701042938BF0F4603383A
:10D5F00006FA07F138BF284629EA010101FA00F0CE
:10D60000000110704EF20010CEF200004FF00071D9
:10D6100001604FF080610160002141F2931024917C
:10D62000CDE922112190ADF888108DF88B10A4F16E
:10D63000240020A9CDF880900025FDF73BFD41F2A4
:10D640004000C4F20200006854F8040C062169F39B
:10D65000934044F8040C6420606354F8040C2246A0
:10D6600061F3175044F8040C54F8040C20F44030D3
:10D6700044F8040CA06820F48060A060206840F4A6
:10D6800080702060206820F400702060206820F402
:10D6900080602060206820F40060206054F8200C36
:10D6A00020F4805044F8200C54F8200C20F4005052
:10D6B00044F8200CA06820F0F000A06044F6440478
:10D6C0000495CDE90255C2F20004207B18B9207FF1
:10D6D000002800F0C1814FF2D100C0F6000001F037
:10D6E000D5F843F20005C4F200050FF6CC30294608
:10D6F00001F0CCF84FF273304FF27531C0F60000F4
:10D70000C0F6000101F0C2F84EF60C5ACEF2000A43
:10D7100028690C2161F307102861286920AC20F0EA
:10D720000F002861286842F20C0640F04000286093
:10D7300028682C2140F0200028602046C4F2020610
:10D74000FAF7C5FF40F20210C0F201002090072056
:10D75000CFF6FF700027CDF8860000202146ADF8F7
:10D760008470FCF70DF841F2400105F12400C4F289
:10D770000201C1F8C00F3068432120F040603060E2
:10D7800044F64A10C2F2000046F8080C3068A94678
:10D7900020F04050306056F8040C44F2B82561F394
:10D7A0000B0046F8040CC2F200052878297900F035
:10D7B0000102114304BF40F001002870706820ACE2
:10D7C00040F00100706020462C21FAF780FF012014
:10D7D000C0F2001020904FF6FF70ADF886000620D2
:10D7E000ADF8880001202146ADF88470FBF7C8FF32
:10D7F000287895F8201000F00202114304BF40F091
:10D8000002002870306A042720F04060306209F17D
:10D810002000B061306A4FF0FF3220F0405030629B
:10D82000D9F83400022420F00100C9F83400DAF8F5
:10D830000000D146C0F3022080F00701042928BF70
:10D840003946033802FA01F14FF0000A38BF50465A
:10D8500024EA010101FA00F04EF219410001CEF272
:10D86000000145F2000501F8160C20A84021C4F281
:10D870000105CDE902AACDE904AACDF818A0CDF89A
:10D880001BA0FAF724FF2020CDE9210A01208DF802
:10D8900090004FF420202590FF204FF430218DF888
:10D8A0008CA026908DF89CA08DF8A040CDE9291081
:10D8B00003208DF8B0004AF655208DF8ACA0CDE9D4
:10D8C0002D0A8DF8BCA0CDE9310A2C982F99309003
:10D8D00044F28830C2F20000C0688DF8C07044F293
:10D8E000101733913190C2F2000797F8540097F85F
:10D8F0005C10084397F86C10C0B2084397F87C108E
:10D9000097F88C200843104315D04FF2B900C0F6A9
:10D91000000000F0BBFF0FF6C410294600F0B6FF70
:10D920004FF273304FF27531C0F60000C0F60001BF
:10D9300000F0ACFFFBE287F8544087F85C4087F8C2
:10D940006C4087F87C4087F88C40019E4FF48070D3
:10D950001AAC1A904F464FF00A0930462146CDF8CE
:10D960006DA08DF86C90FCF7B1FD4FF400701A902B
:10D97000304621468DF86C90FCF7A8FD48F2E47023
:10D98000C3F6AC70CBF800005BF82C0C4FF001092B
:10D9900040F020004BF82C0C5BF8340C042240F4CF
:10D9A00080404BF8340C5BF81C0C4FF0FF3340F018
:10D9B00020004BF81C0CCBF80090386841F2400472
:10D9C000C0F3022080F00701042928BF1146033864
:10D9D00003FA01F138BF504622EA010101FA00F0D2
:10D9E0004EF219410001CEF2000101F80E0C286838
:10D9F000C4F2020440F010002860286A00F470307D
:10DA00002862206800F47F00B0F5003F40F27C817E
:10DA100044F26430C2F200000068800740F1748173
:10DA20006868022161F317506860686861F31B60E1
:10DA30006860686861F31F7068602868C00600F15C
:10DA4000F1804FF2B900C0F6000000F01FFF4FF266
:10DA50009810C0F60000F4E043F20005C4F200059F
:10DA600028684FF0000920F0010028600220207390
:10DA700020774FF4C060209044F20000082620A9CF
:10DA8000C4F20200CDF885908DF88460FCF71EFD8D
:10DA900048F2E470C3F6AC70CBF800005BF8300CD1
:10DAA0004EF2001140F008004BF8300C5BF8200CEF
:10DAB000CEF2000140F008004BF8200C0120CBF81A
:10DAC00000000E604EF60C5ACEF2000ADAF8001092
:10DAD0000423C1F3022181F00702042A28BF1A4659
:10DAE000CF1E4FF0FF3101FA02F223EA020238BFE3
:10DAF0004F46BA404EF219431201CEF2000303F82A
:10DB0000162C2A684FF6FF7342F010022A602A682A
:10DB100042F008022A602A6822F480622A602A6899
:10DB200022F400722A606A6822F080026A602A6920
:10DB300022F00F022A612A6922F0F0022A612A6B80
:10DB40009A432A632A6822F480722A602A6822F0A3
:10DB500080022A602A6822F400622A6041F24002B0
:10DB6000C4F20202126802F47F02B2F5003F0AD941
:10DB700044F26432C2F200021268520303D52A68EA
:10DB800022F480422A606A6804F1200C22F0080224
:10DB90006A606A6822F004026A606A6842F00302FE
:10DBA0006A606A6822F480326A6044F20002C2F25B
:10DBB000000212685BF8503CC3F303230133B2FB4D
:10DBC000F3F24BF2C53302F56142C9F2A213A2FB94
:10DBD0000323AA68C2EA2342AA602A6822F4805278
:10DBE0002A60207320774BF2DD50C0F600004BF224
:10DBF000D952049EC0F60002DDE902378CE88D00A0
:10DC0000FF20266360736077A963286840F00400F2
:10DC10002860286840F002002860286840F0010071
:10DC2000286075E52068C0F30740022816D84FF237
:10DC3000B900C0F6000000F029FE4FF23210C0F625
:10DC4000000001F075F84FF273304FF27531C0F6F5
:10DC50000000C0F6000100F019FE13E0686A20F031
:10DC600002006862686A20F001006862A86A60F0D9
:10DC70006040A862686A20F080006862686A20F0EC
:10DC8000400068622868C0060AD44FF2B900C0F6A6
:10DC9000000000F0FBFD4FF29810C0F600000EE00F
:10DCA0002068C0F30740022816D84FF2B900C0F62A
:10DCB000000000F0EBFD4FF2DB00C0F6000001F0C9
:10DCC00037F84FF273304FF27531C0F60000C0F6EE
:10DCD000000100F0DBFD13E0686A20F002006862DA
:10DCE000686A20F001006862A86A60F06040A8627B
:10DCF000686A20F080006862686A20F0400068620C
:10DD0000286840F40040286068695F2161F30700DB
:10DD100068612869062161F30500286128694FF2CE
:10DD2000B90A69F30C20286128694FF25C1B69F37A
:10DD30001340286128684FF273374FF2753420F48E
:10DD400080200026C0F6000AC0F6000BC0F60007CF
:10DD5000C0F6000428600CE0504600F097FD5846DD
:10DD600000F0E6FF3846214600F090FD0136102E07
:10DD700033D02868C006EFD5686B20F00F00304321
:10DD80006863686B40F020006863A86B00F0604037
:10DD9000A863A86B20F0C040A863686B20F0200047
:10DDA0006863A86B00F06040A86341F24000C4F2D1
:10DDB0000200006800F47F00B0F5003F07D9E86B6F
:10DDC00069F30710E863E86B69F30300E863286B05
:10DDD00009FA06F188432863C8E74FF25C194FF24D
:10DDE000733A4FF2753B0027C0F60009C0F6000AEF
:10DDF000C0F6000B01260FE042F01001E963E96B69
:10DE000066F30301E96300BF296B06FA00F00843DB
:10DE100028631037502F58D02868C0060ED44FF210
:10DE2000B900C0F6000000F031FD484600F080FF68
:10DE30005046594600F02AFDEBE700BF20AB696B66
:10DE4000D85D60F3030169636A6BD91942F020025F
:10DE50006A63AA6BD1E90134520F62F35F74AC6359
:10DE6000AA6B0C7B22F0C04204F0030442EA447225
:10DE7000AA636A6B22F020026A63AA6B520F62F3F4
:10DE80005F7341F24002AB63C4F20202126802F413
:10DE90007F02B2F5003FB7D944F26432C2F2000209
:10DEA00012689207B0D54A7BEB6B002A23F0F00290
:10DEB000A2D08B7BC97B03F00F0342EA0312EA6313
:10DEC000EA6B61F30302EA639EE728680C2220F004
:10DED000100028602968012060F31F7129602968FB
:10DEE00062F31B61296041F24001C4F2020109683A
:10DEF00011F47E0F03D0296821F40051296044F207
:10DF000010174FF0FF31C2F20007E96087F85400A4
:10DF100087F85C0087F86C0087F87C0087F88C0035
:10DF200002A8C11C07F194001422FAF7A9FB44F6D9
:10DF30009014C2F2000440F2000944F2FC3648F2A8
:10DF4000000A4AF2240B201D5821C4F2C829C2F24B
:10DF50000006C4F2030AC4F2020BFAF7B8FB8020F1
:10DF600020212560C4E903108820A06197F86C0087
:10DF7000012812D1042087F86C0048F61930C0F649
:10DF80000000386704F11C00786604F11400B866DC
:10DF9000A86840F08000A86016E04FF2B900C0F613
:10DFA000000000F073FC4EF6F870C0F60000294641
:10DFB00000F06CFC4FF273304FF27531C0F6000088
:10DFC000C0F6000100F062FC40F2001040F2045183
:10DFD000C0F20230C0F20671C6E9C501A86844F279
:10DFE000001140F08000A860C2F2000141F28203FB
:10DFF00046F20B408122C0F21A73A1F80D000020F6
:10E000004A70C1F80930C87344F2D831C2F2000135
:10E010004A7048F20B42C1F80930A1F80D20C873CC
:10E02000832186F8D212842186F8DA12852186F8B7
:10E03000E212862186F8F212BE2186F8EA128721C2
:10E0400086F89A12882186F8A212892186F8AA12E7
:10E050008A2186F8B2128B2186F8BA128C2186F8B2
:10E0600092128D2186F8C2128E2186F8CA1244F2CD
:10E070006801C2F2000149F2DA624FF62305C3F6E5
:10E08000197249F2DA634FF6C627C3F67F7501F1BC
:10E09000200CCBF61973CBF6FF778CE88C00CD62A1
:10E0A000C1E90D00C1E90F004FF0FF31C8F81410AD
:10E0B000D6F8A8100022C6F8B8100021C4F27A41A0
:10E0C000C4F22012A6F8A60086F80E0186F8840095
:10E0D000C6F85401C6F8AC00C6E96D12B6F8441192
:10E0E00086F85E02C6F878020A0786F87C025CBFF2
:10E0F00021F00801A6F8441121F002010122A6F83E
:10E10000441144F2000186F84821C6F85002C6F8CE
:10E110004402C4F2020108689FED791A40F40040FD
:10E12000086096ED7D0A41F2921220EE010ABCEEE3
:10E13000C00A10EE101A88B29042A6F80C1102D94B
:10E1400041F2931002E0022802D80220A6F80C0146
:10E15000CBF834000020C4F2A000C6E98E90002065
:10E16000C4F240100021C6F858030020C4F2C811C0
:10E1700086F86803C6E9DB01012086F875020020F5
:10E18000C4F28810C6F8EC00DAF800004BF2000286
:10E1900040F00400CAF80000DAF80004C4F20302F8
:10E1A00040F00400CAF80004DAF8000840F0040067
:10E1B000CAF800084FF20010CFF6FF70115841F076
:10E1C0000101115048F20001C4F20001C86840F496
:10E1D0000070C8600868800703D4C86840F4807085
:10E1E000C860086840F0010008604BF20401C4F206
:10E1F0000301086840F4C810086049F20001C4F245
:10E200000001C86840F40070C8600868800703D443
:10E21000C86840F48070C860086840F00100086079
:10E220000021C4F20301C86840F40070C8600868A7
:10E23000800703D4C86840F48070C860086840F064
:10E24000010008605BF8180C40F400704BF8180CE3
:10E250005BF8240C800705D45BF8180C40F4807040
:10E260004BF8180C5BF8240C40F001004BF8240C20
:10E2700062B600BFFEE74FF2C500C0F6000000F036
:10E2800005FB4FF23300C0F6000041464A4600F05D
:10E29000FDFA4FF273304FF27531C0F60000C0F650
:10E2A000000100F0F3FA48F2E470C3F6AC70CBF86A
:10E2B0000000FDF775BE00BF5468697320554152D8
:10E2C000545B3078253038785D2069736E27742070
:10E2D0006265696E6720757365640A0054686973C6
:10E2E0002043414E5B3078253038785D20697320BB
:10E2F0006265696E672075736564210A000000001D
:10E30000D4BC3643B0B50378072181EA4304427890
:10E3100090F802E090F803C01D0658BF5C0081EA47
:10E320004403250658BF630081EA43041D0658BF15
:10E330005C0081EA4403250658BF630081EA430478
:10E340001D0658BF5C0081EA4403250658BF6300E0
:10E3500081EA43041D0658BF5C0081EA4403250698
:10E3600058BF6300DBB25A4081EA4203140658BF2B
:10E37000530081EA43021C0658BF5A0081EA420357
:10E38000140658BF530081EA43021C0658BF5A00C6
:10E3900081EA4203140658BF530081EA43021C0677
:10E3A00058BF5A0081EA4203140658BF530081EA5D
:10E3B00043021C0658BF5A00D2B282EA0E0281EA1A
:10E3C0004203150658BF530081EA43021D0658BF99
:10E3D0005A0081EA4203150658BF530081EA4302FE
:10E3E0001D0658BF5A0081EA4203150658BF530064
:10E3F00081EA43021D0658BF5A0081EA420315060E
:10E4000058BF530081EA43021D0658BF5A00D2B2DA
:10E4100082EA0C0281EA4203150658BF530081EAE2
:10E4200043021D0658BF5A0081EA4203150658BF31
:10E43000530081EA43021D0658BF5A0081EA420395
:10E44000150658BF530081EA43021D0658BF5A0003
:10E4500081EA4203150658BF530081EA43021D06B4
:10E4600058BF5A000079D2B2504081EA40020306F8
:10E4700058BF420081EA4200130658BF500081EAAB
:10E480004002030658BF420081EA4200130658BF0B
:10E49000500081EA4002030658BF420081EA420070
:10E4A000130658BF500081EA4002030658BF4200DD
:10E4B00081EA4200110658BF5000C0B2B0BD000052
:10E4C0002DE9F04742F23007C4F2020757F8203C2A
:10E4D000904623F0010247F8202C042244F2E8364B
:10E4E00047F81C2CC2F200060022C6E9002247F8B9
:10E4F0002C6C57F8282C082363F30B0247F8282CC0
:10E5000043F20002C4F2000213680D4643F0080112
:10E51000116057F8201C44F2F13441F0010147F832
:10E52000201CC2F20004AA212170214601F8010F2B
:10E530004FEA152A4FEA15490846A57084F803A04A
:10E5400084F8049084F80580FFF7DCFEA071552064
:10E55000E0713868C00744F65020C2F2000000F0B5
:10E56000B98001680268521A022A0BD20268521A54
:10E57000012A07D80268521A012A03D80268521ADF
:10E58000022AEFD33968C90700F0A480016800BFF0
:10E590000268521A022A0BD20268521A012A07D8BC
:10E5A0000268521A012A03D80268521A022AEFD3CB
:10E5B0003968C90700F08E80016800BF0268521AEE
:10E5C000022A0BD20268521A012A07D80268521A8C
:10E5D000012A03D80268521A022AEFD33968C90700
:10E5E00078D001680268521A022A0BD20268521AC5
:10E5F000012A07D80268521A012A03D80268521A5F
:10E60000022AEFD33968C90764D001680268521A38
:10E61000022A0BD20268521A012A07D80268521A3B
:10E62000012A03D80268521A022AEFD33968C907AF
:10E6300050D001680268521A022A0BD20268521A9C
:10E64000012A07D80268521A012A03D80268521A0E
:10E65000022AEFD33968C9073CD001680268521A10
:10E66000022A0BD20268521A012A07D80268521AEB
:10E67000012A03D80268521A022AEFD33968C9075F
:10E6800028D001680268521A022A0BD20268521A74
:10E69000012A07D80268521A012A03D80268521ABE
:10E6A000022AEFD33968C90714D001680268521AE8
:10E6B000022A0BD20268521A012A07D80268521A9B
:10E6C000012A03D80268521A022AEFD33968C9070F
:10E6D00040F0C2803968C9071CBF0020BDE8F08740
:10E6E0003968C9070ED10421796047F8104C57F8F2
:10E6F000081C082262F30B0147F8081C396841F036
:10E7000001013960002104E05F2901F1050180F079
:10E71000A08057F81C2C52076BD4026803689B1A20
:10E72000022B0BD203689B1A012B07D803689B1A94
:10E73000012B03D803689B1A022BEFD357F81C2C2C
:10E74000520756D4026800BF03689B1A012B0BD8EE
:10E7500003689B1A012B07D803689B1A012B03D867
:10E7600003689B1A022BEFD357F81C2C520740D496
:10E77000026800BF03689B1A012B0BD803689B1A21
:10E78000012B07D803689B1A012B03D803689B1A37
:10E79000022BEFD357F81C2C52072AD4026800BF73
:10E7A00003689B1A012B0BD803689B1A012B07D80F
:10E7B00003689B1A012B03D803689B1A022BEFD323
:10E7C00057F81C2C520714D4026800BF03689B1A28
:10E7D000012B99D803689B1A012B3FF695AF03686C
:10E7E0009B1A012B3FF690AF03689B1A022BEDD3C7
:10E7F0008AE7042047F81C0C307855284FF00000B9
:10E8000025D17178BA2922D1B178EAB291421ED1CC
:10E81000F1785FFA8AF2914219D130795FFA89F181
:10E8200088424FF0000018BFBDE8F087717941457C
:10E830000DD1B479701CFFF765FD84421CBF002028
:10E84000BDE8F087F079AA38B0FA80F04009BDE859
:10E85000F0870020BDE8F08701680268521A022A9A
:10E86000BFF438AF0268521A012A3FF633AF02688C
:10E87000521A012A3FF62EAF0268521A022AECD32E
:10E8800028E740F2710CC1F2000C60470FB4054B51
:10E8900010B503A9044A029800F018F810BC5DF8FE
:10E8A00014FB0000C9B90008AC40002002E008C811
:10E8B000121F08C1002AFAD170477047002001E0FA
:10E8C00001C1121F002AFBD1704700002DE9FF4F44
:10E8D0008DB00F460546002606E025280BD0DDE961
:10E8E0000F1290476D1C761C28780028F5D111B0C6
:10E8F0003046BDE8F08F0024A246A1460122EC4933
:10E9000000E0044315F8013F203B02FA03F00842FF
:10E91000F7D128782A2810D06FF02F022878A0F19C
:10E920003001092914D80AEB8A0102EB410144F0B5
:10E93000020400EB010A6D1CF0E701CF5FEA000A58
:10E9400003D544F40054CAF1000A44F002046D1CDB
:10E9500028782E2817D115F8010F44F004042A282E
:10E960000ED06FF02F022878A0F1300109290AD8C3
:10E9700009EB890102EB410100EB01096D1CF2E793
:10E9800057F8049B6D1C28786C280FD006DC4C28A7
:10E9900017D068280DD06A2814D104E0742810D04C
:10E9A0007A280FD10DE044F400140AE044F48014F6
:10E9B00001E044F440146978814202D104F58014E6
:10E9C0006D1C6D1C2A786E2A1FD00CDC632A31D096
:10E9D00004DC002A8BD0582A11D1A3E0642A68D025
:10E9E000692A0CD165E0732A2ED004DC6F2A73D01B
:10E9F000702A04D19BE0752A6FD0782A6ED0104619
:10EA0000DDE90F129047761C50E1C4F30250022852
:10EA100006D0032809D0042801CF09D0066045E1BB
:10EA200001CFF117C0E9006140E101CF06803DE16F
:10EA300006703BE117F8040B8DF8000000208DF8FC
:10EA40000100EB46012003E057F804BB4FF0FF3014
:10EA500061074FF0000102D40DE008F10101884682
:10EA600049450FDA8045F8DB1BF808100029F4D17E
:10EA700008E008F1010188468142FADB1BF8081022
:10EA80000029F6D1DDE90F23AAEB080081462146D3
:10EA900000F036F9304400EB080604E0DDE90F121F
:10EAA0001BF8010B9047B8F10108F7D22146484600
:10EAB000F7E00A21C4F302534FF0000B0891022B38
:10EAC00004D001CFC117032B09D00AE0FF1D27F0A6
:10EAD0000707F7E8020108E032E01FE020E000B29B
:10EAE000C117042B01D140B2C117031E71F10003FD
:10EAF00007DA4FF0000CD0EB0C006CEB01012D237A
:10EB000002E0230504D52B238DF82430012303E0F4
:10EB1000E30701D02023F7E7984658E00A2110E0E8
:10EB200010210EE010204FF0000B08900CE0102197
:10EB30004FF0000B44F004044FF00809089103E083
:10EB400008214FF0000B0891C4F30253022B04D0AC
:10EB500001CF0021032B06D006E0FF1D27F0070799
:10EB6000F7E8020103E080B2042B00D1C0B24FF0FD
:10EB7000000823072BD5702A07D0DDF820C08CF0C1
:10EB8000100C5CEA0B0C05D00EE040238DF824300D
:10EB9000012308E050EA010306D030238DF8243029
:10EBA0008DF8252002239846DDF820C08CF0080C53
:10EBB0005CEA0B0C0BD150EA010301D1630706D5C7
:10EBC00030238DF824304FF00108A9F10109582AAB
:10EBD00004D038A20B9208AA0A920BE03AA2F9E7F5
:10EBE0005B46089AF9F7F3FA0B9B9B5C0A9A521E54
:10EBF0000A92137050EA0102F2D10A98ADEB0000BC
:10EC000000F1200B600702D524F4803401E04FF0BE
:10EC10000109D94502DDA9EB0B0000E0002000EB63
:10EC20000B0141440890AAEB010AE00306D4DDE998
:10EC30000F232146504600F063F806444FF00009C8
:10EC400008E009A911F80900DDE90F12904709F160
:10EC50000109761CC145F4DBE0030CD5DDE90F2387
:10EC60002146504600F04CF8064404E0DDE90F125E
:10EC700030209047761C0899481E08900029F5DC42
:10EC800008E00A980A990078491C0A91DDE90F12F8
:10EC90009047761CBBF10001ABF1010BF1DC214682
:10ECA0005046DDE90F2300F019F806446D1C1BE601
:10ECB0000928010030313233343536373839616252
:10ECC0006364656600000000303132333435363716
:10ECD0003839414243444546000000002DE9F041E7
:10ECE000044600251E461746880404D405E039462C
:10ECF0002020B0476D1C641EF9D52846BDE8F08180
:10ED00002DE9F041044600251E469046C80301D572
:10ED1000302700E02027880404D505E04146384626
:10ED2000B0476D1C641EF9D52846BDE8F08100008F
:10ED300010B5044601E0AFF3008014F8010B04495C
:10ED40000028F8D1BDE810400A20FCF73DBE0000C5
:10ED5000AC4000200000000000127A00002A751567
:10ED60000100160000800000030000000200000007
:10ED700000127A000057A6160100170000C000001C
:10ED8000030000000200000000127A000084D71780
:10ED90000100190000000000030000000200000054
:10EDA00000127A0000B1081901001A0000400000AA
:10EDB000030000000200000000127A0000DE391A91
:10EDC00001001B00008000000300000002000000A2
:10EDD00000127A00000B6B1B01001C0000C0000039
:10EDE000030000000200000000127A0000389C1CA2
:10EDF00001001E00000000000300000002000000EF
:10EE0000001BB700002A751501000F00000000006C
:10EE10000300000002000000001BB7000057A61608
:10EE200001000F0055D500000300000002000000A3
:10EE3000001BB7000084D71701001000AAAA000029
:10EE40000300000002000000001BB70000B1081919
:10EE5000010011000080000003000000020000001B
:10EE6000001BB70000DE391A0100120055550000E2
:10EE70000300000002000000001BB700000B6B1B2A
:10EE800001001300AA2A0000030000000200000095
:10EE9000001BB70000389C1C01001400000000009B
:10EEA000030000000200000000127A0000E1F505F6
:10EEB0000100060000400000000000000200000009
:10EEC00000127A0080778E060100060000E0000044
:10EED000000000000200000000127A00000E270768
:10EEE0000100070000800000000000000200000098
:10EEF00000127A0080A4BF07010008000020000073
:10EF0000000000000200000000127A00003B5808D8
:10EF10000100080000C00000000000000200000026
:10EF200000127A0080D1F0080100090000600000A2
:10EF3000000000000200000000127A000068890949
:10EF400001000A00000000000000000002000000B4
:10EF500000127A0080FE210A01000A0000A00000D1
:10EF6000000000000200000000127A000095BA0ABA
:10EF700001000B0000400000000000000200000043
:10EF800000127A00802B530B01000B0000E0000000
:10EF9000000000000200000000127A0000C2EB0B2B
:10EFA00001000C00008000000000000002000000D2
:10EFB00000127A008058840C01000D00002000002F
:10EFC000010000000200000000127A0000EF1C0D9A
:10EFD00001000D0000C00000010000000200000060
:10EFE00000127A008085B50D01000E00006000005F
:10EFF0000100000002000000546869732043414E84
:10F000005B3078253038785D2052782069736E2720
:10F010007420696E205245414459207374617465AF
:10F020002C2063616E27742073746172742052788F
:10F03000210A00446F6E2774206D6174636820702C
:10F040006C6C305F696E5F667265712D5B25755DF6
:10F0500020746F2067656E657261746520706C6CDA
:10F06000305F6F75745F667265712D5B25755D2C01
:10F0700020706C656173652061646420746865202C
:10F08000636F6E66696720746F207263755F706C62
:10F090006C5F636667206172726179210A005B456B
:10F0A00040414443204C4C5D20005B454045464C6C
:10F0B000415348204C4C5D20005B454043414E206D
:10F0C0004C4C5D20005B4540524355204C4C5D202C
:10F0D000005B4540554152545D20005468652063F3
:10F0E000686970206E6F7420737570706F72742011
:10F0F000676C6F62616C2066696C74657220636F07
:10F100006E66696721005761697420666F722042DC
:10F11000757379207374617465206572726F7220E3
:10F120006265666F7265206F7065726174696F6E7B
:10F1300021005468652063686970206E6F742073C5
:10F140007570706F727420676C6F62616C20666995
:10F150006C74657220726573657421004163636528
:10F160007074616E63652066696C74657220726587
:10F170006769737465722063616E20636F6E666980
:10F180006720696E2072657365742073746174758D
:10F1900073206F6E6C792100476C6F62616C206622
:10F1A000696C746572207265676973746572206337
:10F1B000616E20636F6E66696720696E2072657389
:10F1C000657420737461747573206F6E6C7921009F
:10F1D0002E2E2F2E2E2F2E2E2F44726976657273AF
:10F1E0002F544145333247353878785F4472697619
:10F1F00065722F5372632F746165333267353878C7
:10F20000785F6C6C5F6164632E63002E2E2F2E2E50
:10F210002F2E2E2F447269766572732F5441453319
:10F220003247353878785F4472697665722F537249
:10F23000632F746165333267353878785F6C6C5F43
:10F2400065666C6173682E63002E2E2F2E2E2F2E76
:10F250002E2F447269766572732F544145333247BD
:10F26000353878785F4472697665722F5372632FF0
:10F27000746165333267353878785F6C6C5F6872BB
:10F2800070776D2E63002E2E2F2E2E2F2E2E2F44B4
:10F290007269766572732F54414533324735387839
:10F2A000785F4472697665722F5372632F7461655B
:10F2B000333267353878785F6C6C5F63616E2E63CC
:10F2C000002E2E2F2E2E2F2E2E2F44726976657231
:10F2D000732F544145333247353878785F4472692B
:10F2E0007665722F5372632F7461653332673538D8
:10F2F00078785F6C6C5F6770696F2E63002E2E2FBD
:10F300002E2E2F2E2E2F447269766572732F544144
:10F3100045333247353878785F4472697665722FA5
:10F320005372632F746165333267353878785F6C58
:10F330006C5F636D702E63002E2E2F2E2E2F2E2EBF
:10F340002F447269766572732F54414533324735C5
:10F350003878785F4472697665722F5372632F74C0
:10F360006165333267353878785F6C6C5F746D72C5
:10F370002E63002573000000B8F3000800000010A1
:10F380004C2B0000ACE80008081F010800400020DA
:10F3900068000000ACE80008701F010800000120B0
:10F3A00024000000ACE80008701F0108684000203D
:10F3B000EC090000BCE800084BF61C70C4F2030026
:10F3C00050F8081C50F80C2C1140890658BF7047A3
:10F3D0000168032241F0C00101604FF0FF3101607C
:10F3E00044F2FC31C2F20001B1F8443181F80E213F
:10F3F00043F00402D1F89430A1F844210122C1F86D
:10F40000A4205A1CC1F89420002281F898204AF2C6
:10F410000021C4F203010A6822F001020A602021DF
:10F4200040F80C1C704700BF2DE9F04184B0013852
:10F43000432800F2AA84DFE810F044007600A80414
:10F44000B100B700A804A804A804A804A804A8044C
:10F45000A804A804A804C100EC0028015C019701DD
:10F460009D01A804A804A804A804A804A804A8044A
:10F47000A804A804A804A804A804A804AD01D20103
:10F48000F701A804A804A8046802B502A804A80407
:10F49000A804A804A804A8040203350368039B0376
:10F4A000CE0307043A046D04A804A804A804A80421
:10F4B000A804A804AB04F40447050F0652069105FE
:10F4C000B30545F20000C4F20100016841F01001EB
:10F4D000016000BF00BF00BF00BF00BF00BF00BF92
:10F4E00000BF00BF00BF00BF00BF00BF00BF00BF24
:10F4F00000BF00BF00BF00BF00BF016821F01001C6
:10F50000016044F2FC30C2F20000D0F8600344F223
:10F51000001120F0604001906FF047000290C2F2AD
:10F52000000100F0D6BD45F20000C4F201000268FF
:10F53000B1F5302F42F01002026000BF00BF00BFE3
:10F5400000BF00BF00BF00BF00BF00BF00BF00BFC3
:10F5500000BF00BF00BF00BF00BF00BF00BF00BFB3
:10F5600000BF026822F01002026044F2FC30C2F2D6
:10F570000000D0F8600320F0604001906FF0470079
:10F58000029007BF44F2D830C2F2000044F20010EB
:10F59000C2F2000000F1080100F09BBD44F2FC3013
:10F5A000C2F20000002104E044F2FC30C2F200008C
:10F5B000012180F8751204B0BDE8F08144F6901086
:10F5C000C2F200008168C9B200EBC102127E12F0E3
:10F5D0000C0F00F0DA8300EB8111497F0F2940F016
:10F5E000D4838168C9B200EB8110C08B00EE100A91
:10F5F00044F6F010B8EE400AC2F2000080ED080AAE
:10F6000044F2FC30C2F2000080ED4A0A04B0BDE8CA
:10F61000F08144F69010C2F200008168C9B200EB9C
:10F62000C102926902F00F02052AC0F0AE8300EB1E
:10F630008110417F102940F0A883847FC57F90F816
:10F64000206010208DF8040001A803218DF80540EA
:10F650008DF8065002F028FCC0B2864240F0958337
:10F6600044EA052000EE100A44F6F010B8EE400A15
:10F67000C2F2000080ED090A44F2FC30C2F2000040
:10F6800080ED4B0A04B0BDE8F08144F6F01145F27C
:10F69000AA50C2F20001C5F2AA50C1E9000044F22A
:10F6A000B810C2F20000602202F003FC1F2002F03A
:10F6B00005FC002840F069834FF20004C0F6010405
:10F6C00044F2B811C2F2000120464FF4807202F0F9
:10F6D000FAFBB0F5807F40F0588344F2B811C2F2D3
:10F6E000000120464FF4807204B0BDE8F04102F002
:10F6F000EFBB44F6F014C2F200044FF20001C0F672
:10F7000001012046602202F0E8FB44F2FC30616C0B
:10F71000C2F20000D4E902E2D4E90437D4E9066574
:10F72000C0F83C1394F82810D4E908C8C0E944E2B2
:10F73000C0E94637C0E9486580F84811216BA26CE2
:10F74000D4E91537E66DC0F828C1C0F82C81C0F89F
:10F75000D810C0F8A810C0F8E420C0E9E137C0F81C
:10F760008C6304B0BDE8F08144F6F010C2F20000F2
:10F77000012104E044F6F010C2F20000002180F8FC
:10F78000281044F2FC30C2F2000080F8481104B0A6
:10F79000BDE8F08144F69010C2F200008168C9B261
:10F7A00000EBC102127E12F00C0F00F0EE8200EBB3
:10F7B0008111497F222940F0E8828168C9B200EBBB
:10F7C0008110C08B00EE100A44F2FC30B8EE400A03
:10F7D000C2F2000080ED330A04B0BDE8F08144F6C7
:10F7E0009010C2F200008168C9B200EBC102127E23
:10F7F00012F00C0F00F0C98200EB8111497F232920
:10F8000040F0C3828168C9B200EB8110C08B00EE6A
:10F81000100A44F2FC30B8EE400AC2F2000080ED5B
:10F82000340A04B0BDE8F08144F69010C2F2000042
:10F83000816844F2FC3400EB8110C2F20004807F46
:10F8400094ED330A94ED341A84F8D400BDEEC00A66
:10F8500010EE100ABDEEC10A010A10EE102A130ABA
:10F8600024278DF805008DF80610002501A8092130
:10F870008DF80470ADF807508DF809208DF80A3026
:10F88000ADF80B5002F010FB94F8D410C2B29142C4
:10F8900084F8D50040F0748494ED330A9FEDE71AA4
:10F8A000B7EE002A20EE010AB4EE420AF1EE10FA99
:10F8B00040F36B8494ED343A23EE011AB4EE421A0D
:10F8C000F1EE10FA40F3618494ED2A2A44F6F01028
:10F8D00022EE012A82EE002A30EE410A9FEDD81A6C
:10F8E000C2F2000080ED120A84ED390A32EE011AEC
:10F8F00080ED0C2A80ED111A84ED362A84ED2A2A37
:10F9000084EDCF1A04B0BDE8F08144F69010C2F245
:10F9100000008168C9B200EBC102926902F00F02D7
:10F92000072AC0F0328200EB8110417F282940F085
:10F930002C8290F81E80C57F90F8206090F821708E
:10F9400090F8224028208DF8040001A805218DF8A8
:10F9500005808DF806508DF807608DF8087002F06C
:10F96000A3FAC0B2844240F0108248EA052040EA7F
:10F97000064040EA076000EE100A9FEDB21AB8EEAA
:10F98000400A44F6F01020EE010AC2F2000080EDB9
:10F99000150A44F2FC30C2F2000080EDE10A04B026
:10F9A000BDE8F08144F69010C2F200008168C9B24F
:10F9B00000EBC102926902F00F02072AC0F0E58154
:10F9C00000EB8110417F292940F0DF8190F81E80F3
:10F9D000C57F90F8206090F8217090F8224029208F
:10F9E0008DF8040001A805218DF805808DF80650DA
:10F9F0008DF807608DF8087002F056FAC0B28442A4
:10FA000040F0C38148EA052040EA064040EA07602A
:10FA100000EE100A9FED8B1AB8EE400A44F6F01083
:10FA200020EE010AC2F2000080ED160A44F2FC301A
:10FA3000C2F2000080EDE20A04B0BDE8F08145F2B8
:10FA40000000C4F20100016841F01001016000BF34
:10FA500000BF00BF00BF00BF00BF00BF00BF00BFAE
:10FA600000BF00BF00BF00BF00BF00BF00BF00BF9E
:10FA700000BF00BF00BF016821F01001016044F623
:10FA80009010C2F20000816800EB8110007F44F208
:10FA9000FC31C2F2000181F89902D1F8600301F251
:10FAA000992110E345F20000C4F20100016841F021
:10FAB0001001016000BF00BF00BF00BF00BF00BF5A
:10FAC00000BF00BF00BF00BF00BF00BF00BF00BF3E
:10FAD00000BF00BF00BF00BF00BF00BF016821F032
:10FAE0001001016044F69010C2F20000816800EB42
:10FAF0008110007F44F2FC31C2F2000181F8A102C2
:10FB0000D1F8600301F2A121DDE245F20000C4F268
:10FB10000100016841F01001016000BF00BF00BF9B
:10FB200000BF00BF00BF00BF00BF00BF00BF00BFDD
:10FB300000BF00BF00BF00BF00BF00BF00BF00BFCD
:10FB400000BF016821F01001016044F69010C2F27C
:10FB50000000816800EB8110007F44F2FC31C2F2AA
:10FB6000000181F8A902D1F8600301F2A921AAE2FB
:10FB700045F20000C4F20100016841F0100101608B
:10FB800000BF00BF00BF00BF00BF00BF00BF00BF7D
:10FB900000BF00BF00BF00BF00BF00BF00BF00BF6D
:10FBA00000BF00BF00BF00BF016821F0100101606D
:10FBB00044F69010C2F20000816800EB8110007FD3
:10FBC00044F2FC31C2F2000181F8B102D1F86003C5
:10FBD00001F2B12177E245F20000C4F201000168B0
:10FBE00041F01001016000BF00BF00BF00BF00BFB7
:10FBF00000BF00BF00BF00BF00BF00BF00BF00BF0D
:10FC000000BF00BF00BF00BF00BF00BF00BF016852
:10FC100021F01001016044F69010C2F200008168EA
:10FC200000EB8110007F44F2FC31C2F2000181F848
:10FC3000B902D1F8600301F2B92144E26F12833AAC
:10FC4000000040C20AD7233C45F20000C4F2010084
:10FC5000016841F01001016000BF00BF00BF00BF9C
:10FC600000BF00BF00BF00BF00BF00BF00BF00BF9C
:10FC700000BF00BF00BF00BF00BF00BF00BF00BF8C
:10FC8000016821F01001016044F69010C2F20000FA
:10FC9000816800EB8110007F44F2FC31C2F2000168
:10FCA00081F89102D1F8600301F291210BE245F253
:10FCB0000000C4F20100016841F01001016000BFC2
:10FCC00000BF00BF00BF00BF00BF00BF00BF00BF3C
:10FCD00000BF00BF00BF00BF00BF00BF00BF00BF2C
:10FCE00000BF00BF00BF016821F01001016044F6B1
:10FCF0009010C2F20000816800EB8110007F44F296
:10FD0000FC31C2F2000181F8C102D1F8600301F2B6
:10FD1000C121D8E145F20000C4F20100016841F0C0
:10FD20001001016000BF00BF00BF00BF00BF00BFE7
:10FD300000BF00BF00BF00BF00BF00BF00BF00BFCB
:10FD400000BF00BF00BF00BF00BF00BF016821F0BF
:10FD50001001016044F69010C2F20000816800EBCF
:10FD60008110007F44F2FC31C2F2000181F8C90227
:10FD7000D1F8600301F2C92120F0604001906FF0DA
:10FD80004700029001A802F0ADF804B0BDE8F08190
:10FD900045F20000C4F20100016844F2FC3241F077
:10FDA0001001016000BF00BF00BF00BF00BF00BF67
:10FDB00000BF00BF00BF00BF00BF00BF00BF00BF4B
:10FDC00000BF00BF00BF00BF00BF00BF0168C2F29C
:10FDD000000221F01001016044F69010C2F2000010
:10FDE000816892ED4A0A00EB8110007F92ED4B1A78
:10FDF00082F8E902BDEEC00A10EE100ABDEEC10A9B
:10FE000010EE103A070A82F8EB02180A82F8EE02A6
:10FE1000D2F8600302F2E92182F8EC7282F8ED3246
:10FE200051E145F20000C4F20100016844F2FC32E5
:10FE300041F01001016000BF00BF00BF00BF00BF64
:10FE400000BF00BF00BF00BF00BF00BF00BF00BFBA
:10FE500000BF00BF00BF00BF00BF00BF00BF016800
:10FE6000C2F2000221F01001016044F69010C2F2CB
:10FE70000000816892ED460A00EB81109FEDC61AE2
:10FE8000007F92ED442A20EE010A82F8D102BDEEF5
:10FE9000C00A10EE100A22EE010ABDEEC00A10EEF2
:10FEA000103A1F0A82F8D3324CF60873A2F8D53202
:10FEB000030A82F8D832D2F8603302F2D12182F8F4
:10FEC000D47282F8D70246E045F20000C4F2010085
:10FED000016844F2FC3241F01001016000BF00BF34
:10FEE00000BF00BF00BF00BF00BF00BF00BF00BF1A
:10FEF00000BF00BF00BF00BF00BF00BF00BF00BF0A
:10FF000000BF00BF0168C2F2000221F010010160D1
:10FF100044F69010C2F20000816892ED480A00EBAE
:10FF20008110007FB2EE041A20EE010A82F8D90295
:10FF3000BDEEC00A10EE100AAA23A2F8DB32030AB3
:10FF400082F8DE32D2F8603302F2D92182F8DD0283
:10FF5000A020A2F8DF0223F06040B6E044F6901043
:10FF6000C2F200008168C9B200EBC102926902F0DE
:10FF70000F02072AFFF409AF00EB8110417F4329EC
:10FF80007FF403AFD0F81E0043218DF80410CDF8A4
:10FF9000050001A8052101F087FF04B0BDE8F0814C
:10FFA00045F20000C4F20100016844F2FC3241F065
:10FFB0001001016000BF00BF00BF00BF00BF00BF55
:10FFC00000BF00BF00BF00BF00BF00BF00BF00BF39
:10FFD00000BF00BF00BF00BF00BF00BF0168C2F28A
:10FFE000000221F01001016044F69010C2F20000FE
:10FFF000816892ED2A0A00EB81109FED672A007F4D
:020000040801F1
:1000000092ED2B1A20EE020A82F8F10292ED363AB6
:10001000BDEEC00A10EE100A21EE020ABDEEC00AC3
:1000200010EE103A23EE020ABDEEC00A10EE107A6E
:10003000060A82F8F302380A82F8F602180A82F8F1
:10004000F802D2F8600302F2F12182F8F46282F839
:10005000F57282F8F73236E045F20000C4F2010092
:10006000016841F01001016000BF00BF00BF00BF88
:1000700000BF00BF00BF00BF00BF00BF00BF00BF88
:1000800000BF00BF00BF00BF00BF00BF00BF00BF78
:10009000016821F01001016044F69010C2F20000E6
:1000A000816800EB8110007F44F2FC31C2F2000154
:1000B00081F8E102BE20C0F2E600C1F8E302D1F807
:1000C000600301F2E12120F0604001906FF04700F1
:1000D000029001A801F006FF04B0BDE8F08144F6EB
:1000E0009010C2F200008168C9B200EBC1029269AF
:1000F00002F00F02072AFFF448AE00EB8110417FA7
:1001000042297FF442AE90F81E80C57F90F82060AF
:1001100090F8217090F8224042208DF8040001A848
:1001200005218DF805808DF806508DF807608DF853
:10013000087001F0B9FEC0B284427FF426AE48EAEE
:10014000052040EA064040EA076000EE100A9FEDF5
:10015000131AB8EE400A44F6F01020EE012AC2F25B
:10016000000080ED172A44F2FC30C2F2000020EEBD
:10017000410A80ED852A80ED870A04B0BDE8F08150
:10018000C4E9335504B0BDE8F0810020C4E9330070
:1001900004B0BDE8F08100BF00007A440AD7233CD8
:1001A00044F2FC30C2F20000D0F85C31B0F84411E7
:1001B000032B0DD311F008020AD1D0F89C2021F0B6
:1001C00002010132A0F84411C0F89C20002302E093
:1001D000D0F89C2001330029C0F85C3118BF70476B
:1001E000052A64D800214AF20022C0F8A410C4F203
:1001F000030213689FED2E1A43F0010313604BF6C0
:100200001C72C4F203024FF0FF331360D0F8A82031
:100210000023C0F8B8200022C4F27A42C4F22013AE
:1002200080F80E1180F88410C0F85411C0F8AC109A
:10023000C0E96D23B0F8442180F85E12C0F878124E
:10024000130780F87C125CBF22F00802A0F844215A
:100250000123C0F8501222F00202C0F8441244F206
:10026000000180F84831A0F84421C4F202010A6874
:1002700041F2921342F400420A6090ED7D0A20EEB2
:10028000010ABCEEC00A10EE102A91B29942A0F801
:100290000C2102D941F2931102E0022902D8022175
:1002A000A0F80C114AF25800C4F202000160704735
:1002B000D4BC364300BF00BF2DE9F04F81B02DED17
:1002C000068B48F21000C4F2000050F8041C8905A7
:1002D00044BF01685FEA815104D4BDEC068B01B0D4
:1002E000BDE8F08F4FF4007144F2FC390160C2F2B6
:1002F000000999F8300338B941F20400CEF2000049
:1003000000210160C9F81C1340F22000C2F2010074
:10031000B0F9000040F2180200EE100A40F20800A6
:10032000C2F20100B8EEC01AB0F90000C2F2010238
:1003300000EE100A89ED141A9FEDE62AB8EEC00A05
:1003400099F8180099F83C10B2F9002020EE020A42
:10035000013002EE102A09EB8102013100F00300A6
:1003600001F0030189ED020A89F81800B8EEC22AEB
:1003700089F83C1040F210019FEDD73AC2F201011A
:100380009FEDD64AB1F9001022EE032A82ED082A29
:1003900032EE049A02EE101A89ED079AB8EEC22ADC
:1003A00022EE032A99ED1A3A32EE042AB6EE084AF2
:1003B00023EE043A32EE032A9FEDC93A89ED1A2A58
:1003C00022EE032A9FEDC73A99ED1B5A32EE032A1B
:1003D000B5EE402A25EE043A9FEDC3AAF1EE10FADD
:1003E00033EE093AB5EE004AB8BFB0EE4A2A89EDBD
:1003F0001B3A23EE043A012889ED7D3A89ED7E2AE5
:1004000020D000284DD199ED112AB6EE0E3A22EEF9
:10041000032A9FEDB63A32EE011A21EE032A89ED46
:10042000102A9FEDB32A9FEDB33A89ED111A21EE00
:10043000021A31EE031ABDEEC11A11EE100A89F844
:10044000480099E040F20000C2F20100B0F900005B
:100450009FEDA92A01EE100AB8EEC11A99ED163ADD
:100460009FEDA64A21EE021A23EE042A9FEDA43A3C
:1004700031EE021A21EE032A89ED152A9FEDA12AF9
:100480009FEDA13A21EE022A32EE032A9FED9F3A18
:1004900089ED161A22EE011A31EE031A89EDCE1AF1
:1004A0006AE0032868D199F86803002864D1D9F874
:1004B000640301300628C9F864035DD346F20400E2
:1004C000C4F20200006899F85C1360F3000145F281
:1004D000000089F85C13C4F20200406860F3410137
:1004E00044F2000089F85C13C4F202004068C009BD
:1004F00060F382014FF0FF3050FA81F0062889F84E
:100500005C1309D8DFE800F0040B10151A1F240053
:100510000120C0F20A001FE04FF420201CE001205F
:10052000C0F20A00013017E00120C0F20A000230D8
:1005300012E00120C0F20A0003300DE00120C0F2F9
:100540000A00043008E00120C0F20A00053003E090
:100550000120C0F20A000630C9F86003012089F8C2
:1005600068034EF20010CEF200004FF4006101600B
:1005700099ED020A99ED079A9FED651A9FED652A9C
:1005800020EE010A99F9485030EE028ABFEE000AC7
:1005900089ED018A89ED3D9A89ED2C8A39EE000AB0
:1005A000002D48BFB0EE409AB5EE409A99F970021E
:1005B000F1EE10FAB8BFB0EE4A9A002889ED3C9AE5
:1005C00006D4013018EE102A89F8700200F06EBFD0
:1005D00018EE100A01F08BFC9FED4F0BD9F830613B
:1005E00053EC102B01F088FC002818BF701C0B285E
:1005F000C9F8300105D3B9F8440140F00100A9F869
:10060000440199F80EE1BEF1020F26D199ED460A98
:10061000D9F85401B4EE408A0130F1EE10FA4FF0EF
:100620000003C9F85401D9F83411B8BF4B1C642831
:100630004FF0000298BF1346652BC9F834310AD336
:10064000B9F844114FF0030E41F0020189F80EE1B0
:10065000A9F8441101E04FF0020EB9F844114A071D
:1006600018D4B3EE020AB4EE409AF1EE10FA2DDD82
:10067000B3EE030AB4EE409AF1EE10FA68DDD9F851
:1006800090200132022AC9F8902024BF0122C9F823
:10069000942060E0D9F8382147F641630132C0F276
:1006A00005039A42C9F83821C0F08780D9F8A02004
:1006B0000132C9F8A02009D2D9F89C2021F0040108
:1006C0000132A9F844110021C9E927210021C9F804
:1006D000381172E0B647F13B0000683BF6288CC049
:1006E0003BDF9F3E764F1EBF000000000000803DB4
:1006F00017BCE8BA33B318439A99B93900007E3F62
:100700000000003C448B70BA3333233F000050C2DA
:1007100068918D3FB81E053ECDCCCCCCCCCC4C40A6
:10072000004856460000C842000048426F12833A13
:10073000CDCCCC3D3D8DB03ECB3D0DBD00009643B4
:1007400000002042000048430000AA430000A042ED
:100750000022C9F89020D9F838315A1C013BC52B2A
:10076000C9F8382110D899F86872012389F89830AF
:10077000002F89F8843019BF42F22403C9F854329B
:100780000023C9F8403202E0002389F898300B2A90
:1007900013D341F00401A9F8441149F20401C4F251
:1007A000030140F63E320A604FF08341C9F8EC1075
:1007B0000021C9F83811C9F8901000EE105AB8EEAF
:1007C000C00A99ED4A1AB4EE401AF1EE10FA0DDAA9
:1007D000BEF1020F0FD1D9F83C11652908D3B9F841
:1007E000441141F00801A9F8441104E0002100E09F
:1007F0000131C9F83C11B9F844110A0719D599ED2E
:100800004B1A0022B4EE401AF1EE10FA0FDD99F8FF
:10081000483163B1D9F84021652A07D321F0080196
:100820000022A9F84411C9F83C2100E00132C9F8BE
:10083000402146F20402C4F202021268120416D4E5
:1008400099F873220132D3B20B2B89F873221AD391
:10085000AEF101030022012BA9F8722213D8B9F8D6
:10086000A42011430FD1012189F874120BE099F8EB
:1008700071120131CAB2332A89F8711224BF4FF4C0
:100880008071A9F8711245F2000CC4F2020CDCF878
:100890000420D20603D4002289F890220EE0D9F871
:1008A0008C2241F2893301329A42C9F88C2205D355
:1008B000012289F890220022C9F88C22AEF10102AF
:1008C0004BF61C78012AC4F2030833D899ED611A5B
:1008D0001FED6D0A99ED732AB2EE043AB4EE401A98
:1008E00031EE034AF1EE10FAB0EE401AB4EE402AAF
:1008F000B8BFB0EE441AF1EE10FAB0EE404A89EDFE
:10090000611A32EE035AB8BFB0EE454ABEF1010F8C
:1009100089ED734A49D100220023C4F2C822C4F2EF
:1009200048231FED802A1FED805AC9F8FC21C9F821
:10093000003242E0002500260C204FF098414FF095
:100940004C430022C4F2C825C4F2A00689F8740101
:10095000C9F86021C9E95E21C9E96032C9E96222AA
:10096000C9E96D5689F8BC0144F26800C2F2000082
:10097000C9F8A821C9E97021C0E90D22C0E90F22F8
:10098000322042F22401C9E97232C9E9742289F89D
:100990008420C9F84022C9E9951089F86822BEF17F
:1009A000030F40F2628300F062BCD9E9E12302EE5A
:1009B000102A05EE103AC9E97F2399ED7D6A99ED79
:1009C0007E7AD9ED820A37EE466A25EE065A89ED1F
:1009D0007C6A22EE062A30EE855AB1EE046A4FF0A8
:1009E0007C52B4EE465AC9F814224FF03F42F1EE61
:1009F00010FAC9F81C2289ED8B2A89ED825A06DC8F
:100A0000B9EE046AB4EE465AF1EE10FA03DAB0EE2B
:100A1000465A89ED826A1FEDBB6A35EE022A22EE44
:100A2000062AB6EE005AB4EE452AF1EE10FA89ED28
:100A3000862A06DCBEEE005AB4EE452AF1EE10FA24
:100A400003DAB0EE452A89ED865A99ED2B6A89EDD5
:100A5000422A32EE062A32EE482AB0EEC25ABEF1DF
:100A6000010F89ED582A89ED305A19D0BEF1020FD5
:100A700028D11FEDD16AB4EE465AF1EE10FA35DDF9
:100A8000B0EE086AB4EE465AF1EE10FA2CDA1FED19
:100A9000D76A1FEDD77A25EE065A35EE07AA25E06C
:100AA000B0EE005AB4EE456AF1EE10FA0FDA002209
:100AB0000023C4F29632C4F220231FEDE05A1FED4A
:100AC000E03A0CE099ED5B5A99ED5C3A23E00022A4
:100AD0000023C4F24832C4F220131FEDE65AC9F8CD
:100AE0006C21C9F8703116E0B7EE00AA1FEDEA5A82
:100AF0001FEDEA6A2AEE055A35EE065A2AEE033A47
:100B0000B1EE046A33EE063A002289ED5B5A89EDB4
:100B10005C3AC9F84822D9ED650A23EE023A99ED0C
:100B20005E6A99ED5F7A23EE203AD9ED601A33EED2
:100B3000063AB4EE473A25EE025AF1EE10FA4FF0BB
:100B40000003B4EE613A4FF0000789ED675AC8BF61
:100B50000123F1EE10FAB8BF0127B4EE473AB8BF4F
:100B6000B0EE613AF1EE10FAC8BFB0EE473A33EE9C
:100B7000056A3B43B4EE416A002283F00107F1EEBF
:100B800010FA89F8987189ED5E3A02DD0127002696
:100B900015E099ED631A0027B4EE416AF1EE10FA00
:100BA0004FF00006B4EE416AB8BF0127A8BF012686
:100BB000F1EE10FAB8BFB0EE416AB0EE461AB5EEEB
:100BC000405A89F89961F1EE10FA4FF00006B5EE3F
:100BD000403AB8BF0126F1EE10FA4FF00005B5EE2D
:100BE000405AB8BF0125F1EE10FA4FF00001B5EE02
:100BF000403AA8BF0121F1EE10FAA8BF01229FEDF3
:100C0000E53A114346EA0502B7EE005A1140B0EE4C
:100C1000436AB0EE457A89F89A1118BFB0EE456A7A
:100C2000002B18BFB0EE467A002F18BFB0EE437A03
:100C300099ED3B6A89ED657A99ED6D7AD9ED6E0A89
:100C400076EE492A27EE226A20EEA27AD9ED770ABB
:100C500089ED621A27EE207AD9ED701AC9ED6A2A59
:100C600089ED796ABDEEC77AB8EEC77A31EE877A38
:100C7000FDEEC71AB8EEE17AD9ED710AF4EE470A33
:100C8000F1EE10FA06DBD9ED720AF4EE470AF1EE46
:100C900010FA05DDBDEEE07A17EE102A002302E01F
:100CA00011EE902A012307EE102A89F8E031B8EE00
:100CB000C77A89ED707A36EE077AB4EE447AF1EEAF
:100CC00010FA4FF0000702DD0126002515E099ED2E
:100CD000754A0026B4EE447AF1EE10FA4FF00005A2
:100CE000B4EE447AB8BF0126A8BF0125F1EE10FA90
:100CF000B8BFB0EE447AB0EE474AB5EE406AF1EEC6
:100D000010FA4FF0000189F8E151BDEEC44AB8BFB6
:100D10000121002A4FF000054FF0000048BF0125D7
:100D2000F1EE10FAA8BF0120B2F1FF3FC8BF0127C2
:100D30003843294300EA010289F8E22116B19FED08
:100D4000955A05E023B992F0010018BF9FED915A22
:100D500089ED775AB3EE015AB4EE459AB8EEC44A1B
:100D6000F1EE10FA89ED744A08DAD9F88820C92A18
:100D70000AD3012089F88103002009E00020C9F886
:100D8000880089F8810305E0002089F88103501C60
:100D9000C9F88800B4EE441AF1EE10FA0ADD44F204
:100DA0006800C2F200000021C0E90D11C0E90F1176
:100DB000012286E0B4EE441AF1EE10FA80F285804A
:100DC00044F26800C2F2000090ED095AD0ED100A1A
:100DD00090ED084A90ED0A6A90ED0B7A20EE855A64
:100DE000D0ED0D0AD0ED0E1A24EE024A20EE866AEE
:100DF00021EE877AC16B80ED0F2AB0EE002A37EE24
:100E0000066A35EE044AB4EE429A34EE464AF1EEF2
:100E100010FA80ED0C4A0164C0ED0E0A80ED0D4A17
:100E200013DDB9F874230B2A22D3D9F8502242F2E9
:100E30001170824220D399EDDB2A9FED575A002290
:100E400032EE052A89EDDB2A17E0B6EE002AB4EE71
:100E5000429AF1EE10FA26DAB9F87623652A1FD302
:100E60000020C9F86C03A9F87403C9F850021AE00D
:100E7000501CA9F8740305E001320020C9F8502283
:100E8000A9F8760399EDDB2AB7EE005AB4EE452AAD
:100E9000F1EE10FAC4BF4FF07E50C9F86C0302E0C7
:100EA000501CA9F8760399EDDB2A002224EE022AD1
:100EB00032EE014AB5EE404AF1EE10FAB8BFB0EE9C
:100EC000434A89ED904A89F88420B0EE001AB4EEC6
:100ED000419AF1EE10FA13DAB6EE001AB4EE419A26
:100EE000F1EE10FA1BDAD9F86422C92A39BF501C76
:100EF000C9F86402002089F85E0209F518720CE056
:100F0000D9F86022C92A03D3012089F85E0202E0E1
:100F1000501CC9F8600209F519720020106099EDA3
:100F2000901AB5EE401AF1EE10FABEBF0020C9F8D3
:100F30004002B0EE431ABEF1010F1DD199F88400B2
:100F4000D0B9B4EE401AF1EE10FA1ADC9FED130A94
:100F5000B4EE401AF1EE10FA4DDDBCEEC10A4FF6C8
:100F6000104110EE100ABCEEC10ACFF6FF7189EDF8
:100F7000950A01EB50023CE0B4EE401AF1EE10FA93
:100F800016DD43F29250C9F85402052341F2D962AA
:100F90004DE000BF00000000CDCCCC3D0000164667
:100FA00000900046295CA844DCFDA83E00C01B441C
:100FB0001FED050AB4EE401AF1EE10FA40F310816D
:100FC000BCEEC10A10EE100A42F22401884288BF2A
:100FD000014643F29250814228BF01464FF610402D
:100FE000CFF6FF7000EB5102C9F85412642A98BF83
:100FF000642204231BE01FED150A4FF41650B4EED3
:10100000401AF1EE10FAC9F8540240F3FF801FEDC8
:101010001A0A1FED1A2A21EE000A30EE020ABDEE6E
:10102000C00A10EE102A642AD8BF64220323C9F82C
:101030005822052289F86832A9F85C22BEF1000F17
:1010400019D0BEF1030F00F0128158F8040C40F0E3
:10105000300048F8040C012089F8A600501EA9F8B9
:101060005C02BEF1030F00F20281DFE81EF0040013
:1010700050007A000001D9F8780242F211718842DA
:1010800005D3012089F87C020020002205E099F8B0
:101090007C12421CB1FA81F040090028C9F878227C
:1010A00040F0348199F87202002800F02F8199F8FD
:1010B0009002002800F02A81B9F84401002840F08D
:1010C000258199F87502002800F0208144F2000083
:1010D00089ED2B8AC4F20200016841F000410160F1
:1010E000DCF8000040F40060CCF80000DCF80400FC
:1010F000400540F10B81012089F80E0158F8041CCD
:1011000041F0300148F8041C89F8A600F5E099F890
:1011100072020121002889F890125DD099F87502B9
:10112000002859D0B9F84401002855D199ED2A1A60
:1011300099ED2B0AB4EE410AF1EE10FA80F2CE805E
:10114000B0EE001A0FF23040B4EE410AF1EE10FAA0
:10115000B8BF043090ED001A31EE000A89ED2B0A79
:10116000CBE099F87202B8B399F89002A0B3B9F83D
:10117000440188BB99F8750270B3D9F84003013077
:101180003328C9F8400312D30021C4F28811C9F8EA
:10119000EC1049F20401C4F2030140F61B7233283B
:1011A0000A601EBF0020C9F89C00C9F8400399EDF1
:1011B0007D0A9FEDF01A41F2921220EE010ABCEE78
:1011C000C00A10EE101A88B29042A9F80C1140F231
:1011D000818041F2931092E0032089F80E0195E09E
:1011E0009FEDE20A42F2240040F2363121EE000A7D
:1011F000C9F85402C9F85812BDEEC00A10EE102A00
:101200000020A9F8442389F8680210E09FEDD80A6D
:1012100040F22C40C9F85802002021EE000A89F85B
:101220006802BDEEC00A10EE102AA9F8442399F80E
:101230004633062B06D30F2A28BF0F22A9F85C22BB
:10124000002002E0B9F85C22581C002A89F8460305
:101250007FF4F4AE00204FF0FF31A9F85C02C8F82B
:101260000010A9F8A600BEF1030F7FF6FEAE4FF006
:10127000FF30C8F800000020A9F8A600D8F8001038
:1012800041F0C001C8F8001044F20001C4F20201AC
:101290000A6842F400420A60DCF8001048F2A062DA
:1012A00041F00061CCF80010D9F85811C0F20102E9
:1012B00001319142C9F8581103D9C9F85801FEF714
:1012C0006FFF99F8740208B30020C9F85801FEF7BF
:1012D00067FF1BE0022814D8022010E0D9F8800232
:1012E00089ED2B1A01300B28C9F8800205D30220A2
:1012F00089F80E010020C9F880024FF40960A9F8AE
:101300000C014AF25801C4F20201086044F2F4737D
:10131000D9E99521C2F2000301201870322044F26D
:10132000F87700EB520644F2FC7044F60804C2F26F
:101330000007C2F20000C2F200044FF4907544F2BC
:10134000F07B3960066001EB520644F6000144F67A
:10135000040E256042F6AB1544F60C0C44F6100A58
:10136000C2F2000B5308C2F20001C2F2000EAA4200
:10137000C2F2000CC2F2000ACBF800200E60CEF8D8
:10138000002010D341F2B305CCF80050464603F5D7
:1013900090781D44A2F22242CAF80080B0469542DD
:1013A00088BF154609E0A3F22245CCF8005003F5AA
:1013B0009073A2F22245CAF8003044F61403C2F238
:1013C00000034BF600721D60C4F2030215684BF275
:1013D000140645F00D05156000BF00BF00BF00BF3B
:1013E00000BF00BFDBF80050C4F2030635603F6861
:1013F000F7600068306109687161C6F8005344F213
:10140000F475C2F200052D78002D18BF3225C6F8FC
:101410000853C6F80C73C6F81003C6F81413DEF8A8
:1014200000004FF22051C6F800042068CFF6FF718B
:10143000C6F80804DCF800005050DAF800004FF25B
:101440002451CFF6FF71505018684FF22851CFF653
:10145000FF71505000BF00BF00BF00BF00BF00BF02
:10146000106820F00D00106000BF00BF00BF00BF7B
:1014700000BF00BF99F85E0268B199F8680200F0F9
:10148000FE00042807D158F8040C40F0C00048F8CA
:10149000040C012006E0D8F8000040F0C000C8F8B5
:1014A00000000020D9F8B02089F8A700B9F80C3165
:1014B00044F61801C2F2000100EE103A0A60B8EEDC
:1014C000400AD9F808E1D9E97D37D9E97F65D9F82B
:1014D0001442D9E9E10242F2140CC4F2020C81ED8B
:1014E000010AC1E90273C1E904E4C1E90665C1E981
:1014F0000802DCF80000400713D5DCF8000040F0DB
:101500000400CCF8000043F22000C4F200004CF8C4
:10151000141C4CF8100C2C204CF80C0C01204CF82E
:10152000040C99F8300300287EF4D7AE41F2040091
:10153000CEF2000000689FED121AC9F82003D9F816
:101540002003D9F81C13401A00EE100AB8EE400A26
:1015500089EDC90A99EDC90A012020EE010A89ED39
:10156000C90A89F83003FEF7B8BE00BF327D953C4A
:10157000F268FE3BD4BC36436F12033B0AD7A33B51
:101580000BD7A33B2DE9F04FBFB049F21000C4F2D6
:10159000000050F8041C890544BF01685FEA8151CE
:1015A00002D43FB0BDE8F08F4FF40071016044F207
:1015B000FC30C2F2000090F8301341F2040C002914
:1015C000CEF2000C1EBF0022CCF80020C0F81C2375
:1015D00090F88420B0F84C3102F0010740F6FF7219
:1015E000934390F80E2190F868623B4402F00307A1
:1015F00043EAC70306F0030743EA470390F8A670DF
:1016000090F8A76007F00707B0F8445106F003060A
:1016100043EA471343EA861305F01F0790ED2A1AA1
:1016200043EAC713A0F84C3190ED2C2A90ED320A12
:1016300090ED3F4ABDEEC13A13EE103A80F85031BA
:10164000BDEEC23A13EE103A80F85131BDEEC43A05
:1016500013EE103A80F8523144F20013C2F2000344
:101660009F7890F8756290ED423A05F00F0507F00B
:10167000E00746EA450633EE000A3743B5EE400A76
:101680009FED3E5A9F709FED3E3AF1EE10FAB8BFC3
:10169000B0EE430A20EE050ABDEEC00A10EE107A45
:1016A000B2EE040A3E0A24EE004A1E71A3F803704B
:1016B000BDEEC44A14EE107A3E0A9E715F7190F836
:1016C0004870D0F86C62DF71731C41F28837BB42FE
:1016D00088BF002390F85073D0F85463C0F86C3280
:1016E0007B1C0136002F80F85033C0F8546308BFCC
:1016F000022A2AD0082F4DD0022F00F02A83012F72
:1017000040F0208390ED3E3A90ED3C1AB6EE0E4A42
:1017100023EE043A9FED1B4A90ED310A33EE011A95
:1017200021EE043A80ED3E1AB6EE0F1A20EE010AC1
:101730009FED151A30EE020A20EE011A80ED3F3AB5
:1017400080ED310A80ED321A5AE390EDCF0A9FED19
:101750000F2A44F6F01230EE022A9FED0D0AC2F273
:101760000002B4EE402AF1EE10FA82ED042A80ED78
:10177000462A80F2FD8280ED460A02E300007A44A8
:10178000000000000000803D0000003D00002C42F1
:101790000000024244F64812C2F2000213880133EC
:1017A0009FB2B7F57A7F1380C0F02A8342F23003EC
:1017B0000027C4F20203178053F81C2C520740F193
:1017C0001F83042243F81C2C44F64A12C2F2000282
:1017D0001378552B40F014835378022B40F010837C
:1017E00093783E2B40F00C8392F84230AA2B40F0C5
:1017F00007835179D3783C91917992F804E03D9137
:10180000D17BD6790A91117C177A0B91517C557A4C
:101810001291917C92F80A800F91D17C92F80B90F2
:101820000E91117D92F80CA00D91517D92F80DB0A2
:101830000C91917D947B1491D17DCDE908E31391B6
:10184000117E83EA0E031091517EDDF82CE03B916E
:10185000917ECDF808B03A91D17E07943991117FED
:1018600006953891517F05963791917FCDF810807C
:101870003691D17F0397359192F82010CDF804A0CE
:10188000349192F82110CDF80090339192F8221003
:10189000329192F82310319192F82410309192F8FD
:1018A00025102F9192F826102E9192F827102D9145
:1018B00092F828102C9192F829102B9192F82A1066
:1018C0002A9192F82B10299192F82C10289192F8D5
:1018D0002D10279192F82E10269192F82F10259115
:1018E00092F83010249192F83110239192F832102E
:1018F000229192F83310219192F83410209192F8AD
:1019000035101F9192F836101E9192F837101D91E4
:1019100092F838101C9192F839101B9192F83A10F5
:101920001A9192F83B10199192F83C10189192F884
:101930003D10179192F83E10169192F83F101591B4
:1019400092F840103E9192F841103D9A11913C99C5
:101950004B40534073407B406B4083EA080383EA6B
:10196000090383EA0A030A9983EA0B0363408B465F
:101970004B4012990F9C83EA0E030E9D4B40DDE90C
:101980000C8663406B407340149F83EA0803BA4699
:101990007B40139F109A7B40B946174653403B9AB1
:1019A00053403A9A5340399A5340389A5340379AA1
:1019B0005340369A5340359A5340349A5340339AA1
:1019C0005340329A5340319A5340309A53402F9AA1
:1019D00053402E9A53402D9A53402C9A53402B9AA1
:1019E00053402A9A5340299A5340289A5340279AA1
:1019F0005340269A5340259A5340249A5340239AA1
:101A00005340229A5340219A5340209A53401F9AA0
:101A100053401E9A53401D9A53401C9A53401B9AA0
:101A200053401A9A5340199A5340189A5340179AA0
:101A30005340169A5340159A53403E9A5340119A78
:101A400083F03C039A4240F0DB8144F2B072C2F270
:101A5000000291733B99099B91753A991370D17566
:101A60003999089B117638995370517637993C9B78
:101A7000917636999370D17635993D9B117734994B
:101A8000D37051773399059B917732991371D17740
:101A90003199039B82F820103099537182F82110FC
:101AA0002F99069B82F822102E99937182F82310A9
:101AB0002D99049B82F824102C99D37182F825105B
:101AC0002B99009B82F826102A99137282F827100E
:101AD0002999019B82F828102899537282F82910BD
:101AE0002799029B82F82A102699937282F82B106C
:101AF0002599079B82F82C102499D37282F82D1017
:101B00002399D2F81E3082F82E102299577582F848
:101B10002F1021993E9F82F83010209901EE103A43
:101B200082F831101F9921EE001A82F832101E99A6
:101B300082F80CB082F833101D9982F80DE082F81B
:101B400034101C99D47382F835101B99157482F8DF
:101B500036101A99567482F83710199982F8128043
:101B600082F83810189982F813A082F83910179962
:101B700082F8149082F83A10169982F83D7082F833
:101B80003B10159982F83C10BDEEC12AD2F82230E4
:101B900012EE107A01EE103A21EE001ABDEEC13AB3
:101BA000D2F81A303E0A01EE103A21EE001ABDEECC
:101BB000C11AD2F8163004EE103A24EE004ABDEEF7
:101BC000C44AD2F8263005EE103A25EE005ABDEE92
:101BD000C55AD2F82A3006EE103A26EE006ABDEE5B
:101BE000C66AD2F82E3007EE103A27EE007ABDEE24
:101BF000C77AD2F8323000EE903A60EE800AFDEEFD
:101C0000E00AD2ED001AD2ED012AD2ED023A61EEDD
:101C1000801A63EE803A62EE802AD2ED034AFDEE2E
:101C2000E11AFDEEE33AFDEEE22AD2ED045A64EE4B
:101C3000804A65EE805AFDEEE55AFDEEE44AD2EDAB
:101C40000E6A938A26EE800ABDEEC00A80F89C6276
:101C500013EE106AA0F89B72370A80F89E7215EE98
:101C6000107A80F89D623E0A80F8AC6216EE106A27
:101C700080F8AB72370A80F8AE7214EE107A80F8F2
:101C8000AD623E0A80F8A66280F8B46211EE106A76
:101C900080F8A57280F8B372370A80F8A47280F8D1
:101CA000B67217EE107A80F8A36280F8B5623E0A29
:101CB00080F8BC6210EE906A80F8BB72370A80F838
:101CC000BE7211EE907A80F8BD623E0A80F894628E
:101CD00012EE906A80F89372370A80F8967213EECB
:101CE000907A80F895623E0A80F8986215EE906AC4
:101CF00080F89772370A80F8C47214EE907A80F8F0
:101D0000C3623E0A80F8C5721F0A80F8C87292F852
:101D1000367080F8C73292F8373080F8CB7210EE08
:101D2000107A928F80F8CC323B0A80F8CE32130AB8
:101D300080F8D03290F8503380F8C66280F8CD72C7
:101D400080F8CF22DAB20A2A04BF002280F850239A
:101D500056E046F20002C4F2020253689B0435D4F6
:101D6000136843F480431360002280F8002347E0A7
:101D70009FED4B0AB4EE402AF1EE10FAC8BF80ED99
:101D8000460A90ED134AB7EE002AB5EE404AB0EE8F
:101D9000440AF1EE10FAC8BFB0EE430A30EE022A50
:101DA000B5EE402AF1EE10FAB5EE404ABFEE003A29
:101DB000B8BFB0EE430AF1EE10FA1BDCB5EE402AD4
:101DC000F1EE10FAB8BF80ED130A15E0D0F8FC323E
:101DD00041F289370133BB42C0F8FC3210D313689B
:101DE00043F080431360012280F800230022C0F8F2
:101DF000FC2205E080ED130A31EE400A80ED2B0A4B
:101E0000D0F8542342F210739A4227D144F29873C7
:101E1000C2F2000341F2AA171F800027C4F2C337A1
:101E200042F23002C3F8027045F24C57C4F202028B
:101E3000DF801768FF070ED10427576042F8103C77
:101E400052F8083C082767F30B0342F8083C136874
:101E500043F0010313600022C0F8542390F83023AC
:101E6000002A3FF49EABDCF800109FED0E1AC0F87C
:101E70002013D0F82013D0F81C23891A00EE101A72
:101E8000B8EE400A80EDCA0A90EDCA0A002120EEA1
:101E9000010A80EDCA0A80F830133FB0BDE8F08F28
:101EA000000040420BD7A33B4BF25D6CC0F6000C28
:101EB000604748F2816CC0F6000C604749F6C53CAB
:101EC000C0F6000C604749F6E15CC0F6000C6047C4
:101ED0004AF2450CC0F6000C604748F2816CC0F62F
:101EE000000C604749F2914CC0F6000C604748F284
:101EF000737CC0F6000C604748F2E56CC0F6000C3D
:101F0000604700000000000000127A00000000009E
:101F100000000000000000000000000000000000C1
:101F200000000000000000000000000000000000B1
:101F300000000000000000000000000000000000A1
:101F40000000000000000000000000000000000091
:101F50000000000000000000000000000000000081
:101F60000000000000000000000000000000000071
:101F70000000000000000000000000000000000061
:101F80000000000000000000000000000000000051
:041F9000000000004D
:00000001FF
