:020000040800F2
:1000000000000120B3310008AF3100088D05000861
:10001000AD310008DD040008F932000800000000DE
:10002000000000000000000000000000BB310008DC
:100030003305000800000000B1310008BD310008A0
:100040008F05000897050008A3050008C1320008C5
:10005000CD320008D5320008E1320008EB3200084A
:100060003505000835050008350500083505000888
:100070003505000835050008350500083505000878
:10008000350500083505000835050008DF040008BF
:10009000ED040008FB040008090500081705000826
:1000A00025050008813200088D320008153200084D
:1000B000513200085D3200086932000875320008CC
:1000C00099320008B7320008AD320008A3320008A8
:1000D0002132000845320008393200082D3200086C
:1000E00035050008350500083705000843050008F8
:1000F0004F0500085B050008670500087305000848
:1001000035050008350500083505000835050008E7
:1001100035050008350500083505000835050008D7
:1001200035050008350500083505000835050008C7
:100130003505000835050008350500087F0500086D
:1001400035050008350500083505000835050008A7
:10015000D1040008350500083505000835050008FC
:100160003505000835050008350500083505000887
:100170003505000835050008350500083505000877
:100180003505000835050008350500083505000867
:100190003505000835050008350500083505000857
:1001A00000F002F800F03CF80AA090E8000C82444D
:1001B0008344AAF10107DA4501D100F031F8AFF22A
:1001C000090EBAE80F0013F0010F18BFFB1A43F035
:1001D00001031847144C0000344C0000103A24BFAF
:1001E00078C878C1FAD8520724BF30C830C144BF9C
:1001F00004680C60704700000023002400250026DE
:10020000103A28BF78C1FBD8520728BF30C148BF79
:100210000B6070471FB504F089F91FBD10B510BD04
:10022000DFF80CD0FFF7F6FF03F090FA00F047F983
:100230000000012003B4FFF7F1FF03BC03F05EF8F8
:10024000032A40F2308010F0030C00F0158011F802
:10025000013BBCF1020F624498BF11F801CB00F8DA
:10026000013B38BF11F8013BA2F1040298BF00F82E
:1002700001CB38BF00F8013B11F0030300F0B08060
:10028000083AC0F0088051F8043B083A51F804CB12
:10029000A0E80810F5E7121D5CBF51F8043B40F8D8
:1002A000043BAFF30080D20724BF11F8013B11F8E3
:1002B00001CB48BF11F8012B24BF00F8013B00F827
:1002C00001CB48BF00F8012B7047431A28BF9A4260
:1002D0007FF6B6AF10441144032A40F2268010F096
:1002E000030F1EBF11F8013D521E00F8013D10F032
:1002F000030F7FF4F6AF11F0030300F0B680083A65
:10030000C0F00B8051F8043D083A51F804CD40F894
:10031000043D40F804CDFFF7F3BF121D5CBF51F858
:10032000043D40F8043DAFF30080D20724BF11F82C
:10033000013D11F801CD48BF11F8012C24BF00F890
:10034000013D00F801CD48BF00F8012C70474FF087
:1003500000020429C0F0128010F0030C00F01B8092
:10036000CCF1040CBCF1020F18BF00F8012BA8BFA0
:1003700020F8022BA1EB0C0100F00DB85FEAC17C64
:1003800024BF00F8012B00F8012B48BF00F8012B17
:1003900070474FF0000200B5134694469646203948
:1003A00022BFA0E80C50A0E80C50B1F12001BFF42E
:1003B000F7AF090728BFA0E80C5048BF0CC05DF894
:1003C00004EB890028BF40F8042B08BF704748BFE2
:1003D00020F8022B11F0804F18BF00F8012B704756
:1003E00010B5203AC0F00B80B1E81850A0E81850C2
:1003F000B1E81850A0E81850203ABFF4F5AF5FEA12
:10040000027C24BFB1E81850A0E8185044BF18C9B6
:1004100018C0BDE810405FEA827C24BF51F8043B5D
:1004200040F8043B08BF7047D20728BF31F8023BB1
:1004300048BF11F8012B28BF20F8023B48BF00F845
:10044000012B7047431A28BF9A427FF6C9AF104468
:10045000114410F0030F1EBF11F8013D521E00F8A9
:10046000013D10F0030F7FF4F6AF103AC0F00A80A0
:1004700010B531E9185020E91850103ABFF4F9AF1F
:10048000BDE81040530724BF31E9081020E90810E7
:1004900044BF51F8043D40F8043D12F0030F08BF7B
:1004A0007047D20728BF31F8023D48BF11F8012C30
:1004B00028BF20F8023D48BF00F8012C704710B556
:1004C0000446AFF300802046BDE81040FFF7B2BEFF
:1004D00048F20040C4F2030000F0C3B8FEE742F265
:1004E0000000C4F20200002100F01AB942F200003C
:1004F000C4F20200012100F013B942F20000C4F27C
:100500000200022100F00CB942F20000C4F2020025
:10051000032100F005B942F20000C4F202000421F8
:1005200000F0FEB842F20000C4F20200052100F023
:10053000F7B87047FEE744F20000C4F2020000F092
:1005400069BC45F20000C4F2020000F063BC46F250
:100550000000C4F2020000F05DBC47F20000C4F2EB
:10056000020000F057BC48F20000C4F2020000F0A4
:1005700051BC49F20000C4F2020000F04BBC4BF247
:100580000000C4F2030000F084BD0000FEE74FF05D
:10059000804000F0EBBD41F20000C4F2000000F02A
:1005A000E5BD42F20000C4F2000000F0DFBD10B56E
:1005B000044600F029F800B110BD4CF20000C4F26E
:1005C000000043F6AC710160C16864F30201C160D0
:1005D00000210160BDE8104000F016B810B50446D7
:1005E00000F026F800B110BD4CF20000C4F200008B
:1005F00043F6AC710160A1B2816000210160BDE8E9
:10060000104000F015B80000B0B500F033FD4CF21A
:1006100010050446C4F200052868C00706D000F0A3
:1006200029FD001B6528F7D30320B0BD0020B0BD15
:10063000B0B500F01FFD4CF210050446C4F20005F1
:100640002868800706D500F015FD001B6528F7D344
:100650000320B0BD0020B0BD7047704770477047A1
:100660007047B0B50446A0F18040A0F560304FEA75
:10067000B020032888BFB0BD6069216901EA000588
:10068000A80505D54FF400702061204600F047F81A
:10069000E80505D54FF480702061204600F03EF853
:1006A000280604D5802020612046FFF7D7FF680682
:1006B00004D5402020612046FFF7CFFFA80604D5CF
:1006C000202020612046FFF7C7FFE80604D5102050
:1006D0002061204600F01FF8280704D5082020617B
:1006E0002046FFF7BDFF680704D50420206120469F
:1006F000FFF7B5FFA80704D502202061204600F0CF
:100700000CF8E80700D1B0BD012120462161BDE809
:10071000B04000F001B870477047704770477047AD
:100720002DE9F04142F20002C4F2020290425AD195
:100730000C46052957D802EB44152E4656F80C0FE7
:1007400055F8141F40F20C0800F008078807C2F2A1
:1007500000080ED51FB9306820F400703060022008
:100760002860C4EBC40008EB8000C16909B180694E
:1007700088472868400718D55FB9306820F4806042
:100780003060306820F480703060306820F4007091
:10079000306004202860C4EBC40008EB8000C1680E
:1007A0000122027109B1806888472868C00708BF24
:1007B000BDE8F0813068012220F48060306030684C
:1007C00020F480703060306820F400703060C4EB3A
:1007D000C4002A6008EB80004169027119B1006908
:1007E000BDE8F0410847BDE8F08100002DE9F04187
:1007F00043F20004C4F20204A04203D000273846AA
:10080000BDE8F08141F24007C4F202070E46F969E3
:100810001546080C4FF6FF728002B2EB114F08BF6D
:100820004FF48020B0F5003F0BD0B0F5802FE5D11C
:10083000206C00F070612020B1F1206F08BF4020D3
:1008400000E02020B042D9D9711901398142D5D2B6
:1008500020464FF4967100F081F90028CED1386817
:1008600000F47F00B0F5003F0FD8206C00F07060FE
:10087000B0F1206F09D1206C00F0704000F1C04051
:10088000B0FA80F04FEA501801E04FF00008206AFB
:1008900020F4401020622068B0F1FF3F0CDC606A59
:1008A00043F6AC7161F30F006062606A48F2E47174
:1008B00061F30F00606220680027DDB1206AF11942
:1008C000B8F1000F18BF81F020016FF3120001F0A2
:1008D0003F01084420622068012140F002002060AE
:1008E00020464FF4967200F0A5F918B90137BD42C1
:1008F000E4D12F46206800283FF581AF206840F002
:100900000040206020687AE7B0B543F20004C4F2EA
:100910000204A04201D00520B0BD41F25C00C4F247
:1009200002000D4601684FF6FF72080C8002B2EB20
:10093000114F08BF4FF48020B0F5003F0BD0B0F549
:10094000802FE8D1206C00F070612020B1F1206F81
:1009500008BF402000E02020A842DCD920464FF408
:10096000967100F0FBF808B10120B0BD2046294681
:100970000122FFF73BFF013818BF0120B0BD000086
:100980002DE9F04743F20004C4F20204A04211D161
:1009900041F24005C4F202059246EA691F46100C76
:1009A0004FF6FF738002B3EB124F08BF4FF4802065
:1009B0004A0703D000263046BDE8F08721F07F4883
:1009C00008EB070181424FF00006F4D8BAF1000F9E
:1009D000F1D017F00701EED18045ECD220464FF45C
:1009E000967100F0BBF80028E4D1286800F47F007D
:1009F000B0F5003F0FD8206C00F07060B0F1206FB0
:100A000009D1206C00F0704000F1C040B0FA80F0D5
:100A10004FEA501901E04FF000092068B0F1FF3FA4
:100A20000CDC606A43F6AC7161F30F006062606ACF
:100A300048F2E47161F30F00606220680026B6EBB3
:100A4000D70F25D0FD0827F0070700265AF8060023
:100A50000AEB06012061486808EB06016061206A24
:100A6000B9F1000F18BF81F4003161F31200206268
:100A70002068002140F00100206020464FF496726B
:100A800000F0D8F820B9013D06F10806DED13E4657
:100A9000206800288FD4206840F000402060206843
:100AA00089E743F20001C4F20201884221D141F2F8
:100AB0005C00C4F2020002684FF6FF73100C800263
:100AC000B3EB124F08BF4FF48020B0F5003F04BFD6
:100AD0004FF480507047B0F5802F0AD1086C00F0B9
:100AE00070614FF40050B1F1206F08BF4FF4805097
:100AF0007047002070470000B0B543F2000EC4F20A
:100B0000020E8446704521F07F4101D000240DE0A3
:100B100041F25C00C4F2020000684FF6FF75040C5D
:100B2000A402B5EB104F08BF4FF48024C818A042B0
:100B30004FF0000010D8F4450ED16AB1A1420BD29B
:100B400053B101F1006100200D5C145CA54203D19A
:100B500001308342F8D11846B0BD0000F0B581B035
:100B600043F200070C460646C4F2020700F082FA80
:100B700005460020BE428DF8030001D005204FE05D
:100B800041F24000C4F202000068661C00F47F00DD
:100B9000B0F5003F2CD900BF38683968C04320EA5F
:100BA000510079687A68884320EA5200B968BA68C7
:100BB00020EAD100D14300EAD1708DF8030026B1BC
:100BC00000F058FA401BA04229D89DF80300C00746
:100BD000E2D0B868400703D1B86810F4E06F26D0BF
:100BE0000720B8604FF4E060B860012018E000BF53
:100BF0003868C0070CD13868800709D47868C00706
:100C000006D1786880075CBFB8685FEA007009D5D4
:100C1000002EEDD000F02EFA401BA042E8D90320B0
:100C200001B0F0BDB868400701D00720DCE7002024
:100C3000F6E700002DE9F04381B043F200071446C7
:100C40000D460646C4F2020700F014FABE4201D077
:100C5000052019E041F24008C4F202080646D8F81F
:100C60000000B96800F47F00B0F5003F01F0070014
:100C700005D960B10720B8604FF4E06002E00028B9
:100C800038D00720B860012001B0BDE8F08304F13E
:100C9000010900BFB86810F4E06FEBD1B9F1000FA3
:100CA00004D000F0E7F9801BA04253D8D8F8000028
:100CB00000F47F00B0F5003F02D9B868002815D4D1
:100CC000052D45D8DFE805F007090B0F0303B868C9
:100CD00000070BD43CE0386802E0386804E078682C
:100CE000C00703D134E07868800731D5B868400781
:100CF000D0D0BFE704F10109B9F1000F04D000F032
:100D0000B9F9801BA04225D8D8F8000000F47F0074
:100D1000B0F5003F02D9B868002815D4052D17D8C2
:100D2000DFE805F007090B0F0303B86800070BD4D1
:100D30000EE0386802E0386804E07868C00703D144
:100D400006E07868800703D5B8684007D4D098E7F4
:100D5000002099E7032097E7A0F18042A2F5103226
:100D60004FEA3232052A44D80022B2EB114F4FF03D
:100D700005023FD18BB2EBB32DE9F04300224FF0D7
:100D800001084FF00F0C4FF0030E0024002500BFA8
:100D900008FA05F60E4022D02427082D38BF202758
:100DA00050F8079004F01C030CFA03F343EA09031C
:100DB000C351836C0EFA02F7B3438364836BB3436E
:100DC0008363036BBB4303630369B34303614369F9
:100DD000BB4343618661036843EA06430360013510
:100DE0000434102D02F10202D2D10022BDE8F043FA
:100DF00000E005221046704747F20002C4F20202EA
:100E000090420CBF8029704702F58050022100F00B
:100E1000FCB800002DE9F0410446A0F18040A0F5A7
:100E200010304FEA3030052888BFBDE8F0812569D1
:100E3000A66900274FF0010808FA07F188B2284296
:100E400018BF10EA060003D02046A161FFF7D4FFC7
:100E50000137102FF0D1BDE8F08100002DE9F04FEF
:100E600081B0054600294FF0050000F0CB8041F22B
:100E7000400CC4F2020C0C46A5EB0C01A1F53F524C
:100E8000A1F57F51B2FA82F2B1FA81F15209490912
:100E9000114346F20002C4F20202AB1A02F580527C
:100EA000B3FA83F7AA1A7F09B2FA82F239435209D8
:100EB0001143A3F50052B2FA82F252091143A3F58D
:100EC0004052B2FA82F25209114300F09B8021682D
:100ED0000020B0EB114F4FF0050040F093808AB234
:100EE000002A00F08F8005F1240A05F1200E4FF052
:100EF00000094FF0000B4FF0000800BF012000FA7E
:100F000008F008404ED021794A1E0F2A55D2524689
:100F1000B8F1080F38BF724613680BF01C070F2694
:100F2000BE40B940B343314019431160217A0029D2
:100F3000A96B14BF01438143A963E1790029A96C1E
:100F400014BF084321EA0000A864286B62790321DA
:100F500002F0030201FA09F102FA09F28843114092
:100F600008432863DCF8000000F47F00B0F5003F80
:100F700018D980206646774600F0CAFABE46B446C5
:100F800080B1607A2168C2072A6C0CBF8A430A4389
:100F900080072A644FEA0140296C54BF21EA00000F
:100FA00008432864B8F10F0F29D0216808F101081F
:100FB0000BF1040B09F10209A0E711BB5146B8F18E
:100FC000080F38BF71460A680BF01C030F2606FA9B
:100FD00003F39A430A60A1790029B6D06A69032312
:100FE00001F0030103FA09F301FA09F19A431940E8
:100FF00011436961A861296908432861A5E70020B8
:1010000000E0012001B0BDE8F08FA0F18042A2F520
:1010100010324FEA3232052A11D80022B2EB114FBA
:101020000DD18AB2002A08BF704783680B4203D0F3
:10103000026842EA014101E0016811430160704722
:10104000A0F18043A3F510334FEA3333052B10D8BA
:101050000023B3EB114F0CD18BB2002B08BF7047AC
:10106000012A02D10168194302E0026842EA014103
:101070000160704740F2F450C2F20000006870470F
:1010800070477047704770477047704770477047A8
:101090007047B0B54BF20004C4F20304A04218BF7D
:1010A000B0BD4BF61470C4F203000068D4F8101FF2
:1010B00001EA0005A80705D50220C4F8100F204654
:1010C000FFF7DFFF680705D50420C4F8100F20469E
:1010D000FFF7D8FF280705D50820C4F8100F2046D1
:1010E000FFF7D1FFE80605D51020C4F8100F204601
:1010F000FFF7CAFFA80605D52020C4F8100F204628
:10110000FFF7C3FF680605D54020C4F8100F20463E
:10111000FFF7BCFF280605D58020C4F8100F204635
:10112000FFF7B5FFE80506D54FF48070C4F8100F3F
:101130002046FFF7ADFFE80705D00120C4F8100FE7
:10114000204600F00CF8280400D4B0BD4FF4004154
:101150002046C4F8101FBDE8B040FFF791BF7047AC
:1011600070477047704770477047704770B540F2DE
:10117000D8060446B0F1804FC2F200060FD042F20A
:101180000000C4F20000844208D041F20000C4F222
:101190000000844240F0DB80383600E07036206B7F
:1011A000616B01EA0005E80707D0F06910B1F16949
:1011B00020468847204600F0D0F8A80707D5F068F9
:1011C00010B1F16820468847204600F0D0F8680743
:1011D00004D504206063204600F0C1F8280704D538
:1011E00008206063204600F0BCF8E80604D5102013
:1011F0006063204600F0BCF8680604D540206063B8
:101200002046FFF7ADFF280604D580206063204606
:10121000FFF7A7FFE80505D54FF48070606320460F
:1012200000F09AF8A80505D54FF4007060632046D9
:1012300000F099F8680505D54FF48060606320469A
:1012400000F090F8280505D54FF400606063204653
:10125000FFF78AFFE80417D54FF480506063708968
:101260003189884204D3F06810B1F168204688477C
:10127000708B318B884204D3F06910B1F16920463C
:1012800088472046FFF771FFA80405D54FF40050AA
:1012900060632046FFF767FF680405D54FF4804080
:1012A0006063204600F05AF8280405D54FF400404A
:1012B0006063204600F04CF8E80305D54FF4803019
:1012C0006063204600F046F8A80305D54FF40030CF
:1012D0006063204600F049F8680305D54FF480208C
:1012E0006063204600F03CF8280305D54FF4002049
:1012F0006063204600F038F8E80205D54FF480100E
:101300006063204600F027F8A80205D54FF40010CE
:101310006063204600F02AF8680202D5204600F0FB
:1013200018F841F24000C4F20200006800F47F00A7
:10133000B0F5403F38BF70BD15F4000007D04FF442
:10134000000120466163BDE87040FFF70BBF70BD30
:1013500070477047704770477047704770477047D5
:1013600070477047704770477047704770477047C5
:101370007047B0B54CF20004C4F20004A0421CBF98
:101380000520B0BD4DF6DD5020604FF6FF70FFF731
:1013900025F900B1B0BD00200025FFF708F90028AD
:1013A000F8D143F6AC702060606820F00200606005
:1013B000606820F001006060042025602061204604
:1013C00000F033F80020B0BDB0B54CF20004C4F218
:1013D0000004A0424FF0050008D10D4631B120466F
:1013E00000F024F82868FFF7F9F800B1B0BD68797B
:1013F000FFF7DDF80028F9D143F6AC7020602979B9
:10140000606841B140F001006060042020616068C4
:1014100040F0020005E020F001006060606820F00C
:101420000200606000202060B0BD7047704710B5BA
:101430004CF20004C4F20004A0421CBF052010BD01
:10144000FFF7F6F800B110BDFFF7DEF80028FAD17B
:101450004AF6AA202060002010BD01464CF2000090
:10146000C4F2000081421CBF052070474CF6CC41FD
:101470000160FFF7DCBF40F2040040F2F451C2F219
:101480000000C2F2000100780A681044086070474A
:1014900010B543F20000C4F20200016841F01001EF
:1014A0000160016841F020010160032000F0BAF8FA
:1014B0000F2000F005F8044600F035F8204610BD76
:1014C000B0B540F20405C2F20005297861B10446C6
:1014D00000F0E6FB29784FF47A72B2FBF1F1B0FB31
:1014E000F1F000F083FE10B104252846B0BD0F2CAA
:1014F0000CD84FF0FF3021460022002500F060F8A4
:1015000040F20800C2F200000460EEE70125ECE7BB
:1015100040F2B801C2F2000109680140081AB0FAAD
:1015200080F04009704780B500F0D4F800F0E5F88D
:1015300000F0F6F800F007F900F018F900F029F9CA
:101540002A2000F02BF82B2000F028F82C2000F0A7
:1015500025F82D2000F022F82E2000F01FF82F2073
:1015600000F01CF800F090F8BDE8804000F09FB853
:10157000002812D4C1B200F01F00012202FA00F0CC
:101580004EF28012CEF2000242EAD10121F00301B4
:101590000860BFF34F8FBFF36F8F704700280ED4E2
:1015A000C1B200F01F00012202FA00F04EF2001258
:1015B000CEF2000242EAD10121F003010860704737
:1015C00042EA01030F2B88BF704710B54EF60C5C42
:1015D000CEF2000CDCF80030C3F3022E8EF00704CC
:1015E000042C28BF0424BEF103034FF0FF3E0EFA83
:1015F00004F438BF0023A14399400EFA03F39A4341
:10160000114300F00F02043A624409010C3200F168
:101610006043B0F1FF3FC8BF03F564421170BDE8FD
:1016200010407047C11E042988BF70474EF60C5108
:10163000CEF200010A684FF6FF031A4060F30A2257
:1016400042F0806040F0FD700860704740F200009A
:101650003021C2F20000C4F2020100680968C1F33F
:1016600003210131B0FBF1F0704740F2000030215E
:10167000C2F20000C4F2020100680968C1F303313C
:101680000131B0FBF1F07047582048F2E471C4F228
:101690000200C3F6AC718162016841F00101016092
:1016A000016941F001010161012181627047582007
:1016B00048F2E471C4F20200C3F6AC7181620168C1
:1016C00041F002010160016941F002010161012163
:1016D00081627047582048F2E471C4F20200C3F6F8
:1016E000AC718162016841F004010160016941F05F
:1016F00004010161012181627047582048F2E471C0
:10170000C4F20200C3F6AC718162016841F00801C5
:101710000160016941F008010161012181627047A6
:10172000582048F2E471C4F20200C3F6AC71816241
:10173000016841F010010160016941F0100101618F
:10174000012181627047582048F2E471C4F202001E
:10175000C3F6AC718162016841F02001016001694A
:1017600041F020010161012181627047582048F257
:10177000E471C4F20200C3F6AC718162016841F009
:1017800040010160016941F0400101610121816274
:101790007047582048F2E471C4F20200C3F6AC71FD
:1017A0008162016841F080010160016941F08001BE
:1017B00001610121816270472DE9F04F85B041F24E
:1017C0002001C4F202010A6C0020C4F2020000925F
:1017D000D1F800E0026848F2E472C3F6AC72C0F8D7
:1017E000802048F2E4724A6248F63D224A6241F69D
:1017F000EC124A620A6C032342F400520A640A6C37
:101800004EF6FC5942F480520A640A68CEF200098E
:1018100042F480720A600A6841F2002C63F38E225F
:101820000A60D9F80020D9F8007041F2000347F0AF
:101830008077CEF20003C9F8007000275F601C6853
:101840009FED690A9FED691AC0F27A0C44F0010419
:101850001C6000BF5C68CD6C664615F5807F3CBFA0
:10186000CD6C2E0A02EE106AB8EE422A82EE002AF1
:1018700022EE012ABCEEC22A12EE105AAC42E9D383
:1018800048F2000448F22135C4F20304C0F2800596
:1018900065602B25A5600025A5612025A562112581
:1018A0002564256802F0807845F00102226000BFBF
:1018B0002269D205FCD5226842F004022260D4F8E5
:1018C000002142F40032C4F8002100BFD4F8002106
:1018D0009203FBD5626DD4F80051122645F4003511
:1018E000C4F800510D6802EBD27266F38E250D60CC
:1018F00005689FED3F1A45F40035056005684FEA1D
:10190000620B25F00045056006684FF0000A01AF44
:10191000002200BF26F4407545EA022505600568EF
:1019200045F000450560C3F804A01D6845F00105B9
:101930001D6000BF5E68CD6C15F5807F65463CBFBD
:10194000CD6C2D0A02EE105AB8EE422A82EE002A21
:1019500022EE012ABCEEC22A12EE105AAE42E9D3A0
:10196000656DB5EB0B0648BF764247F82260D4F8A8
:101970000051013245F40035C4F800510568042ACD
:1019800025F0004505600668C4D126F400320260E7
:101990001A6822F001021A60D9F80020002342EAF6
:1019A0000802C9F800200022D5B257F8236057F882
:1019B0002550AE4238BF1A460133042BF4D12368B8
:1019C00043F001032360C1F800E0009B0B64012396
:1019D000C0F880304FF480304FF400334862D0B20A
:1019E0004B6205B0BDE8F08F0024744900009644B6
:1019F0000080BB443820C4F20200416A21F0080193
:101A00004162416921F001014161016821F00C014D
:101A10000160016921F0F0010161416A41F00801B2
:101A20004162416941F001014161416B21F00801CE
:101A30004163416B41F008014163704700000000C1
:101A40002DE9F04F81B00025C4F202050C460021BB
:101A5000A8424FF005008DF8031040F01081002CD3
:101A600000F00D81666844F648310020C0F60001A0
:101A70000A58B24205D10A185368A768B7EB530F4A
:101A800013D01830B0F5287FF2D1207801281BD16F
:101A900041F26C00C4F20200016811F5807F10D39E
:101AA00041F20026C0F27A060DE0506992F808B0C3
:101AB000B2F80AA0B2F80C8080034FEA530987B24B
:101AC0002EE00068060A6660002E5BD0D4F808900D
:101AD000484602F030FB804630460F4602F02BFBB2
:101AE00002460B464046394602F09EF907468846B4
:101AF00002F0F2FA824602F01EFB02460B4638461E
:101B0000414602F029FC9FED640B53EC102B02F0D0
:101B100025FB02F0E1FA80464FF0010B4FF400473D
:101B200048F2E4704CF20021C3F6AC70C0F6EB3121
:101B300089458146C5F880000CD12078012806D05F
:101B400040B941F20020C0F27A00864202D10E462E
:101B5000002003E00E46FFF74DFF01208DF8030043
:101B6000286820F000402860207803280CD0012845
:101B70000ED038B9296F41F001012967296821F099
:101B800003010DE001207AE0296841F0030107E03C
:101B9000296F012241F010012967296862F30101D0
:101BA000B646BBF1020F296007D02968BC4621F474
:101BB00000610122BBF1010F04E02968BC4641F439
:101BC000006102222960D4E901132E68B1FBF2F210
:101BD00041F6003726F48064C0F2B707BA4288BFE6
:101BE00046F480642C606A686FF39F3A6FF31D427D
:101BF00042EA0A426A606A684FF6FF77BA43424493
:101C00006A602A68734522F4404242EA0C022A6064
:101C10000FD1012836D060B941F20020C0F27A001D
:101C2000814206D141F26C00C4F202004068800F8C
:101C300003E0FFF7C1FDC5F880909DF8031079B16E
:101C4000E96E21F00801E966E96E41F00801E966F4
:101C5000E96D21F00801E965E96C21F00101E96411
:101C6000296860F309212960286840F00040286055
:101C700028684000FCD50120C5F88000002001B094
:101C8000BDE8F08F41F26C00C4F20200006800F081
:101C90000300D2E700BF00BF000000000000F040DA
:101CA00040F20000C2F20000006870472DE9F043E6
:101CB00083B03025C4F202050C460146A5F1300080
:101CC00081424FF0050140F0C680002C00F0C38037
:101CD000D4F804C0BCF1000F13D02278032A2ED808
:101CE000DFE802F002111C0A41F26C01C4F20201A9
:101CF0000B6813F5807F19D341F2002CC0F27A0CE7
:101D00001BE00521A7E041F26C01C4F20201CB689F
:101D100013F1011F0ED94FF4FA4C0EE06378012B3A
:101D200000F09D80002B00F0A28008E009684FEAD7
:101D3000112C02E0C9684FEA114CC4F804C0A38911
:101D400048F2E4799F1EBFB20F2F24BF0223A38164
:101D5000E689C3F6AC79B71EBFB20F2F24BF0226A7
:101D6000E681278A4FF00108791E89B2402924BFF5
:101D700001272782032AC5F850900BD8DFE802F02C
:101D8000020C1134286C40F010002864286820F000
:101D9000030030E001215CE02868012161F30100CB
:101DA00029E0296801F00301022907D1296C41F0DB
:101DB00010012964296821F0030129606178A26873
:101DC0008DF800106946CDE9012CFFF739FE014678
:101DD000C5F85090E8BB2868022161F30100286033
:101DE000A389E689278A07E0286C40F0010028646F
:101DF000286840F0030028604FF47061286801EB08
:101E00000321090A61F30B204FF200012860CFF68D
:101E1000FF71286801EB0631090B61F30F30286070
:101E2000FC21286801EB8701890861F3870028609D
:101E30002868002140F480302860286840F4003091
:101E40002860286840F480202860286840F400203A
:101E50002860C5F85080084603B0BDE8F08341F221
:101E60006C03C4F202031F6817F5807F04D341F2AC
:101E70000023C0F27A0301E01B681B0AA3605EE73F
:101E8000542048F2E471C4F20200C3F6AC71C1629E
:101E9000016821F400610160016921F400610161C0
:101EA0000121C1627047542048F2E471C4F202007B
:101EB000C3F6AC71C162016841F40061016001695F
:101EC00041F4006101610121C16270475C2048F268
:101ED000E471C4F20200C3F6AC714162016821F002
:101EE00002010160016921F00201016101214162E9
:101EF00070475C2048F2E471C4F20200C3F6AC7192
:101F00004162016841F002010160016941F0020192
:101F10000161012141627047542048F2E471C4F22A
:101F20000200C3F6AC71C162016821F48051016006
:101F3000016921F4805101610121C162704754207F
:101F400048F2E471C4F20200C3F6AC71C1620168E8
:101F500041F480510160016941F480510161012126
:101F6000C1627047542048F2E471C4F20200C3F623
:101F7000AC71C162016821F400510160016921F472
:101F8000005101610121C1627047542048F2E4719F
:101F9000C4F20200C3F6AC71C162016841F40051A1
:101FA0000160016941F4005101610121C162704782
:101FB000582048F2E471C4F20200C3F6AC718162A9
:101FC000016821F480710160016921F4807101616F
:101FD000012181627047582048F2E471C4F2020086
:101FE000C3F6AC718162016841F4807101600169DE
:101FF00041F480710161012181627047582048F2EB
:10200000E471C4F20200C3F6AC718162016821F48C
:1020100000710160016921F4007101610121816297
:102020007047582048F2E471C4F20200C3F6AC7164
:102030008162016841F400710160016941F400713D
:102040000161012181627047502048F2E471C4F2BD
:102050000200C3F6AC710163016821F04001016028
:10206000016921F0400101610121016370475020A5
:1020700048F2E471C4F20200C3F6AC710163016876
:1020800041F040010160016941F04001016101211D
:1020900001637047502048F2E471C4F20200C3F6B5
:1020A000AC710163016821F080010160016921F0D8
:1020B00080010161012101637047502048F2E47101
:1020C000C4F20200C3F6AC710163016841F0800103
:1020D0000160016941F080010161012101637047E4
:1020E0005C2048F2E471C4F20200C3F6AC714162B4
:1020F000016821F001010160016921F00101016124
:102100000121416270475C2048F2E471C4F2020090
:10211000C3F6AC714162016841F0010101600169DF
:1021200041F001010161012141627047502048F2F4
:10213000E471C4F20200C3F6AC710163016841F0BE
:1021400008010160016941F0080101610121016399
:102150007047502048F2E471C4F20200C3F6AC713B
:102160000163016841F010010160016941F0100153
:102170000161012101637047502048F2E471C4F20B
:102180000200C3F6AC710163016841F020010160F7
:10219000016941F020010161012101637047542070
:1021A00048F2E471C4F20200C3F6AC71C162016886
:1021B00041F001010160016941F00101016101216A
:1021C000C1627047542048F2E471C4F20200C3F6C1
:1021D000AC71C162016841F002010160016941F026
:1021E000020101610121C16270477047411E002058
:1021F000B0EB116F1CBF012070474EF21002CEF2FF
:10220000000251604EF62351CEF20001F0230B7014
:102210000721906011607047FFF7E7BFF0B581B00C
:10222000044600294FF0050000F0B2800D4648F248
:102230000001C4F2000101F58053621AE31AB2FAF8
:1022400082F2B3FA83F352095B091A4348F200039E
:10225000C4F20103E71AB7FA87F77F093A4303F597
:102260008057E71B03F50053B7FA87F7E31A7F0996
:10227000B3FA83F33A435B091A434AF20003C4F208
:102280000203E71A03F58053B7FA87F6E31A7609D3
:10229000B3FA83F332435B091A43A7F5C043B3FA99
:1022A00083F35B091A43A7F5E043B3FA83F35B09B1
:1022B00001F5C0411A43631AB3FA83F35B091A4369
:1022C000D20765D041F24000C4F2020000688C429F
:1022D0001CD100F47F00B0F5003F17D94EF2100773
:1022E000C4F20007386A4FF6FF71AA888843104489
:1022F0003862FEF7BFFE06463868C0030BD5FEF70E
:10230000B9FE801B0A28F7D9032041E068682063E2
:102310002889A06304E0B86A298961F30700B862DC
:1023200020686A78297862F3C300AB78AF7A2060BE
:10233000606863F30200606020682A7B62F38200B9
:102340002060E87A2268002822F0020308BF42F0E9
:10235000020323602068002940F0800208BF20F0BB
:1023600080022260E06A67F30300E062687B206419
:102370002068A97B61F3461020602068E97B61F347
:10238000041020602068297C61F30920206000206F
:1023900001B0F0BD7047704770B541F200010446CE
:1023A00040F48050C4F20301884223D1E0682569DB
:1023B00000F400662E4205D04FF4006020612046F4
:1023C000FFF7E8FF46B115F4005005D04FF4005078
:1023D00020612046FFF7DFFF002E08BF70BD15F417
:1023E000805007D04FF4805120462161BDE87040F5
:1023F00000F058BB70BDB0B541F20001044640F496
:102400008050C4F20301884218BFB0BDE068216962
:1024100001EA0005280604D580202061204600F04E
:102420003BF8680604D540202061204600F033F8D0
:10243000A80604D520202061204600F02BF8E806ED
:1024400004D510202061204600F023F8280704D589
:1024500008202061204600F01BF8680704D50420FE
:102460002061204600F013F8A80704D5022020615F
:10247000204600F00BF8E80700D1B0BD012120464E
:102480002161BDE8B040AFF30080704770477047EE
:102490007047704770477047704749F6FF72C4F243
:1024A000010290424EF200024FF00501C4F2000218
:1024B00012DC4DF6FF73C4F20003984222DD904215
:1024C00037D048F20003C4F20103984231D049F2F8
:1024D0000003C4F201032AE04AF6FF73C4F20203C8
:1024E00098421ADD4BF20003C4F20203984220D056
:1024F00041F20003C4F2030398421AD00023C4F24D
:10250000030314E048F20003C4F20003984210D021
:1025100049F20003C4F2000309E04AF20003C4F2E6
:102520000103984205D04AF20003C4F20203984224
:1025300038D180B5416A904221F001014162416A7F
:1025400021F010014162416A21F480714162416AC7
:1025500021F480514162416A21F002014162416AE5
:1025600021F020014162416A21F400714162416A17
:1025700021F40051416241F24001C4F202010B68B2
:10258000016807D103F47F02B2F5003F02D9C90701
:1025900003D0016821F00101016000F01DF9002164
:1025A000BDE8804008467047F0B581B0044649F662
:1025B000FF70C4F20100844216DC4DF6FF70C4F2D5
:1025C0000000844226DD4EF20000C4F20000844286
:1025D00037D048F20000C4F20100844231D049F201
:1025E0000000C4F201002AE04AF6FF70C4F20200C3
:1025F00084421ADD4BF20000C4F20200844220D073
:1026000041F20000C4F2030084421AD00020C4F258
:10261000030014E048F20000C4F20000844210D02D
:1026200049F20000C4F2000009E04AF20000C4F2DE
:102630000100844205D04AF20000C4F20200844244
:102640006CD1E768266906EA0705A80505D54FF4A9
:1026500000702061204600F0C5F9E80505D54FF46B
:1026600080702061204600F055FA680505D54FF4CA
:1026700080602061204600F02AFA280507F40067F0
:1026800005D54FF4006020612046FFF783FE47B177
:1026900016F4005005D04FF4005020612046FFF79B
:1026A0007AFE47B116F4805005D04FF48050206177
:1026B000204600F0F7F9280604D580202061204646
:1026C000FFF7EAFE680604D5402020612046FFF7A8
:1026D000E2FEA80604D5202020612046FFF7DAFE9E
:1026E000E80604D5102020612046FFF7D2FE280717
:1026F00004D5082020612046FFF7CAFE680704D5EC
:10270000042020612046FFF7C2FEA80704D502205E
:1027100020612046FFF7BAFEE80701D101B0F0BD05
:1027200001212046216101B0BDE8F040FFF7ADBEB8
:1027300049F6FF71C4F2010188424FF0050116DC31
:102740004DF6FF72C4F20002904226DD4EF2000206
:10275000C4F20002904237D048F20002C4F20102F3
:10276000904231D049F20002C4F201022AE04AF656
:10277000FF72C4F2020290421ADD4BF20002C4F270
:102780000202904220D041F20002C4F203029042C1
:102790001AD00022C4F2030214E048F20002C4F28C
:1027A0000002904210D049F20002C4F2000209E097
:1027B0004AF20002C4F20102904205D04AF200023D
:1027C000C4F20202904205D180B500F088F80021E1
:1027D000BDE880400846704780B549F6FF71C4F2F5
:1027E0000101884224DD4AF6FF71C4F202018842E9
:1027F00034DD4BF20001C4F2020188424ED00021C8
:10280000C4F2030188424DD041F20001C4F2030139
:10281000884218BF80BDFFF759FB2420FEF7A8FEB1
:102820002520FEF7A5FE2620FEF7A2FE272051E078
:1028300047F6FF71C4F2010188421FDC48F2000133
:10284000C4F2000188423AD049F20001C4F200010A
:10285000884243D1FFF71EFC1A203BE04AF20001F8
:10286000C4F2010188422ED04AF20001C4F20201F2
:10287000884233D1FFF79CFB1E202BE048F2000179
:10288000C4F20101884222D049F20001C4F20101E0
:10289000884223D1FFF740FB1C201BE0FFF7AEFB73
:1028A0001F2017E0FFF71CFC2020FEF761FE21200F
:1028B000FEF75EFE2220FEF75BFE23200AE0FFF714
:1028C000C3FB192006E0FFF74DFB1D2002E0FFF7D8
:1028D000D7FA1B20BDE88040FEF74ABE80BD80B518
:1028E00049F6FF71C4F20101884224DD4AF6FF7106
:1028F000C4F20201884234DD4BF20001C4F202014D
:1029000088424ED00021C4F2030188424DD041F2EA
:102910000001C4F20301884218BF80BDFFF7E9FA45
:102920002420FEF73BFE2520FEF738FE2620FEF78A
:1029300035FE272051E047F6FF71C4F201018842BD
:102940001FDC48F20001C4F2000188423AD049F28B
:102950000001C4F20001884243D1FFF7AEFB1A2008
:102960003BE04AF20001C4F2010188422ED04AF253
:102970000001C4F20201884233D1FFF72CFB1E2074
:102980002BE048F20001C4F20101884222D049F252
:102990000001C4F20101884223D1FFF7D0FA1C20C4
:1029A0001BE0FFF73EFB1F2017E0FFF7ACFB2020EA
:1029B000FEF7F4FD2120FEF7F1FD2220FEF7EEFDEB
:1029C00023200AE0FFF753FB192006E0FFF7DDFAAA
:1029D0001D2002E0FFF767FA1B20BDE88040FEF7EC
:1029E000DDBD80BD01F0D9B849F6FF71C4F2010127
:1029F00088424FF0050116DC4DF6FF72C4F200026A
:102A0000904226DD4EF20002C4F20002904237D01E
:102A100048F20002C4F20102904231D049F20002B1
:102A2000C4F201022AE04AF6FF72C4F202029042A6
:102A30001ADD4BF20002C4F20202904220D041F2B1
:102A40000002C4F2030290421AD00022C4F2030230
:102A500014E048F20002C4F20002904210D049F2A1
:102A60000002C4F2000209E04AF20002C4F20102CC
:102A7000904205D04AF20002C4F2020290420FD105
:102A8000C16841F40071C1600168890703D4C1685D
:102A900041F48071C160016841F0010101600021D1
:102AA00008467047704741F2000240F48051C4F27A
:102AB0000302914218BF7047C1680269114049057D
:102AC00004D54FF48061016100F001B87047704790
:102AD000B0B541F20001044640F48050C4F2030155
:102AE000884218BFB0BDE068216901EA0005A80569
:102AF00005D54FF4007020612046FFF773FFE8050D
:102B000000D4B0BD4FF4807120462161BDE8B040D3
:102B1000AFF30080704770477047F0B581B044F65E
:102B2000FF77C4F2000740F2F0450446B842C2F213
:102B3000000513DD45F20000C4F20000844219D004
:102B40000020C4F20100844216D041F20000C4F219
:102B50000100844240F0EA80D0350EE043F20000EC
:102B6000C4F20000844208D0B4F1402F40F0DE806F
:102B7000343502E0683500E09C35606BA16B01EAFA
:102B80000006300405D54FF40040A063204600F055
:102B900001FB700405D54FF48040A063204600F08F
:102BA00004FBB00405D54FF40050A063204600F0AC
:102BB000F8FAF0040ED54FF48050A063E888A98895
:102BC000884204D3A86810B1A968204688472046E7
:102BD00000F0E8FA30054ED54FF40060A06320699C
:102BE000000745D040F2F040BC42C2F2000012DDC6
:102BF00045F20001C4F200018C4217D00021C4F25A
:102C000001018C4214D041F20001C4F201018C4256
:102C10002ED1D0300DE043F20001C4F200018C420D
:102C200007D0B4F1402F23D1343002E0683000E007
:102C30009C30017F042917D18169C9B1016999B11B
:102C4000C18A828A91420FD2A16B11F4E06F78D0D1
:102C5000616B21F001016163002181610121017734
:102C6000006B28B1804703E0206840F00800206036
:102C7000204600F095FA700505D54FF48060A063FA
:102C8000204600F088FAB00505D54FF40070A06327
:102C90002046FFF741FFF00505D54FF48070A06393
:102CA000204600F076FAF00604D51020A0632046F6
:102CB00000F07AFA300704D50820A063204600F01F
:102CC0006DFA700704D50420A063204600F065FA71
:102CD000B00707D5A86810B1A968204688472046E4
:102CE00000F061FAF00707D0A86910B1A969204681
:102CF0008847204600F050FA41F24000C4F202003A
:102D0000006800F47F00B0F5403F0FD3700604D593
:102D10004020A063204600F042FA300604D580200F
:102D2000A063204600F034FAF00301D401B0F0BDF6
:102D30004FF480312046A16301B0BDE8F040FFF7B9
:102D4000EABEE16BC1F3C4216268D2031CD562689C
:102D5000920319D4626802F00302032A14D131B33A
:102D6000C28A838A9A4222D2626A03696FF35F221F
:102D70001A800269013902320261C28A0B0602F12D
:102D80000102C282ECD112E089B1C28A838A9A42DE
:102D90000DD2626A036901391A7002690B0602F1E9
:102DA00001020261C28A02F10102C282EDD1616BAD
:102DB00021F0010161630021816101210177C18A54
:102DC000828A914234BF006B406A00B18047606BD9
:102DD00020F4006060634BE72DE9F04381B00446C6
:102DE00000294FF0050000F04B8143F20009C4F2C6
:102DF00000090D46A4EB0901A4F14023B1FA81F2C8
:102E0000B3FA83F352095B091A43A1F50053B3FAED
:102E100083F35B091A43A1F55043B3FA83F3A1F599
:102E200060415B09B1FA81F11A434909114300F08D
:102E300027812868F8B144F6FF7840F2F046C4F2E2
:102E40000008C2F2000644454FF0010015DD45F2CE
:102E50000001C4F200018C4217D00021C4F201012C
:102E60008C4214D041F20001C4F201018C4240F0C6
:102E70000781D0360CE0052002E14C4508D0B4F1C2
:102E8000402F40F0FD80343602E0683600E09C368A
:102E9000307B08B10220F3E0307F00284FF00200C1
:102EA00040F0EE80216878A721F0010121603073A5
:102EB0003077A868002818BF0746204600F0EAF8D7
:102EC000206840F010002060206840F0080020607A
:102ED0002068F9783A7961F38A207B7997F806C0FF
:102EE0002060206803F0010162F3492020606068DF
:102EF00020F0800040EAC11060602069F979013952
:102F000061F30300206120690CF00F0120F0F00054
:102F100040EA01102061206B4FF6FF713A89884327
:102F20001044206338782168002841F4807208BF7B
:102F300021F480722260B8782168002841F0800274
:102F400008BF21F08002226078782168002841F4CF
:102F5000006241F2400008BF21F400622260C4F226
:102F60000200006800F47F00B0F5003F09D94FF47B
:102F70008020FEF7CDFA20B12068B97A61F38E3057
:102F80002060E8796168FF280AD041F0080161609B
:102F9000616800F0010021F0100141EA001001E039
:102FA00021F0080060606068AA79697962F38200A4
:102FB0002B7B6060606861F301006060606873B1E2
:102FC00040F4803060606068A97B6A7B61F35140A7
:102FD0006060E06A20F0FF001044E06202E020F44C
:102FE0008030606044454FF0010011DD41F2000186
:102FF000C4F201018C4213D00021C4F201018C42C1
:103000000ED045F20001C4F200018C4205D00FE061
:103010004C4502D0B4F1402F0AD1FEF717FB01E076
:10302000FEF723FB296800EB5100B0FBF1F080B202
:10303000A1684FF6FF7291430844A0602068297987
:1030400005F1100761F30C302060012030733077F8
:103050008FCF06F1200C8CE88F00FF207073707703
:103060004FF0FF30A063206840F00400206020682B
:1030700040F002002060206840F001002060002045
:1030800001B0BDE8F08300BF0000000000000001B7
:103090000000000080B584B044F6FF72C4F2000264
:1030A00000219042CDF8091022DD45F20001C4F262
:1030B0000001884234D00021C4F20101884241D08D
:1030C00041F20001C4F2010188425FD10C2001905D
:1030D00006208DF8080044F20000C4F2020000F55A
:1030E000405001A9FDF7BAFEFFF76CF807203BE05E
:1030F00043F20001C4F20001884238D0B0F1402F01
:1031000044D10C20019008208DF8080044F2000002
:10311000C4F2020001A9FDF7A1FEFFF71AF835E09D
:103120000320019008208DF8080044F20000C4F24A
:10313000020000F5405001A9FDF790FEFFF71CF8D2
:10314000052011E04FF44060019008208DF8080040
:1031500044F20000C4F2020000F5005001A9FDF79E
:103160007DFEFFF71CF80620FEF718FA0EE04FF47C
:10317000C060019008208DF8080044F20000C4F2FD
:10318000020001A9FDF76AFEFEF7D0FF04B080BD82
:103190007047704770477047704770477047704777
:1031A000704770477047704770477047FEE7704739
:1031B000704700F011F8FCF7F3FF704780B5FEF799
:1031C0005AF9BDE88040FFF727B820B140F200016E
:1031D000C2F200010860704740F200004EF608514C
:1031E000C0F60000CEF20001086041F23000C4F2E7
:1031F000020048F2E4724261026822F002020260B8
:103200004FF480324261D1F8800040F47000C1F880
:103210008000704748F20000C4F20100FFF7C4B913
:1032200041F20000C4F20300FFF7B6B841F200001B
:10323000C4F20300FFF7DFB841F20000C4F203005C
:10324000FFF731BC41F20000C4F20300FFF740BCBD
:1032500049F20000C4F20100FFF7A6B94AF20000EB
:10326000C4F20100FFF7A0B94AF20000C4F2020064
:10327000FFF79AB94BF20000C4F20200FFF794B9CD
:1032800048F20000C4F20000FFF78EB949F20000D6
:10329000C4F20000FFF788B90020C4F20300FFF772
:1032A0007BB80020C4F20300FFF7A5B80020C4F2E9
:1032B0000300FFF7F8BB0020C4F20300FFF708BCCF
:1032C00043F20000C4F20000FFF727BC4FF040209B
:1032D000FFF723BC45F20000C4F20000FFF71DBC5D
:1032E0000020C4F20100FFF718BC41F20000C4F254
:1032F0000100FFF712BC0000FEE70000FEE700003F
:1033000010B58AB1038844F2465CC0F6000C00BFD9
:1033100011F801EB9CB28EEA14243CF81440013AF7
:1033200084EA03230380F3D110BD000080B58AB185
:10333000D0F800E044F2487CC0F6000C11F8013BE4
:10334000013A83EA1E635CF8233083EA0E2EC0F84C
:1033500000E0F3D180BD0000F0B583B000250295F8
:103360000299814216D2044644F61F6644F620674D
:1033700001950198B04205D801980130019001985B
:10338000B842F9D300F073F9029801300290029824
:10339000A042EDD303B0F0BD2DE9F041064600296F
:1033A0004FF0000041D01446002A3ED0A6F1006044
:1033B000A0F5E040000B38284FF0000035D80D464E
:1033C00047F20001C0F600018A1B02F56432A242F6
:1033D0002BD301F58050864201D28E4227D144EA98
:1033E0000600400723D143F20008C4F20208404619
:1033F00006F17847FDF755FBB7FBF0F0C1B2404648
:10340000FDF782FA98B9404631462A462346FDF731
:10341000B7FAA0420BD1404631462A462346FDF773
:103420006BFB001BB0FA80F04009BDE8F081002082
:10343000BDE8F08170B584B00446012000FA01F5C2
:103440000026204629460396CDE90166FDF784FC57
:103450000120C0F20010029001A9204601958DF8CC
:103460000C60FDF7FBFC04B070BD10B582B000200D
:1034700047F2000C0190C0F6000CDCF80020511E51
:10348000C90B062924D848F20001C0F60001D1F882
:1034900004E0AEF10060A0F50040C00B06284FF03C
:1034A000000015D80B6803F16044B4F5003F0FD855
:1034B00013F003030CD11EF0010309D0DCF8044023
:1034C00001A8FFF733FF0198001BB0FA80F0400914
:1034D00002B010BD40F28010C2F200000021017065
:1034E00040F2C030C2F2000001607047B0B538B39E
:1034F00004460088042814D8DFE800F003192341AB
:103500005F00FFF7B2FF00287DD040F2C030C2F26A
:1035100000000021016040F28010C2F20000017042
:10352000B0BD4FF0FF3020800020208108E0A17A5C
:1035300040F28010C2F2000001220029027062D025
:10354000B0BDE588B5F5807F59D8002D57D0D4F8A7
:103550000210A1F10060A0F5004000F58050000BC2
:1035600038284CD80020C0F60400401AA84246D3A0
:1035700004F10A002A46FCF7A8FE2581B0BD40F2FE
:103580008010C2F200000078012838D1E288B2F53C
:10359000807F34D89AB3D4F80200A0F10061A1F57D
:1035A0000041C90B06292AD80021C0F60401091AD6
:1035B000914224D304F10A011AE040F28010C2F2D1
:1035C0000000007801281AD1E288A2F10800F8284A
:1035D00015D812F0070012D1214651F80A0F013810
:1035E000B0F5603F0BD20020C0F60400A0F56430B7
:1035F000FFF7D2FE002897D10020E08094E700205A
:10360000C4F80600B0BD4FF0FF302080B0BD10B54B
:1036100040F2C030C2F20000016844F6206201317D
:103620009142016022D300210160FFF71EFF0028B4
:1036300008BF10BD49F20004C4F2000404F5405074
:10364000FDF797FE2046FEF728FFFFF70EFF68B153
:10365000EFF3108072B648F20000C0F60000D0E927
:10366000000180F30888BDE81040084710BD4CF207
:103670000000C4F20000FDF7DABE10B582B00021F0
:10368000CDE9001141F24001C4F202010A687C2137
:1036900002F47F02C4F20201B2F5003F48F2E47284
:1036A00094BF0B688B68C3F6AC72DB060BD54A601F
:1036B0008B68102464F305038B600B6864F30503C7
:1036C0000B6001234B604A600A684CF2000442F42C
:1036D000006222F03F020A6001224A604FF440710A
:1036E000C4F20004ADF80410009069462046FDF7CE
:1036F0006BFE2046FDF7B1FE02B010BD10B546F2DC
:103700000004C4F2020420460D21FFF793FE204678
:103710004FF400510022BDE81040FDF791BC40F28B
:103720008412C2F20002106841F2883101308842EE
:10373000106038BF704746F200000023C4F2020058
:103740004FF400511360FDF760BC000086B04FF4E9
:103750008171ADF8041049F2005141F26C00C0F6DD
:10376000BA21C4F202000291016811F5807F04D3EE
:1037700041F20020C0F27A0001E00068000A0390E4
:103780004FF0021004900120ADF814000020C4F2A4
:10379000020001A9FEF78AFA10B90298FFF715FD99
:1037A000FDF776FE1420FFF7D7FD00F0E5F900BF26
:1037B00000F022F8FFF72BFF00F0EDF900F075FAAA
:1037C000F6E780B5012000F02EF84FF47A7000F093
:1037D0000BF943F6B120C0F6000000F0F9F843F60B
:1037E0009B40C0F6000000F0F9F84FF4E130BDE86E
:1037F000804000F010BA000010B582B00DF1070053
:1038000000F03FFA58B10DF1070400BF9DF8070022
:1038100000F03FF8204600F034FA0028F6D100F01E
:10382000E9F802B010BD40F2C431C2F200014FF419
:103830007A720A6040F2AC21C2F2000100220A80D2
:1038400040F2AE21C2F200010A7040F29C11C2F2B5
:1038500000010A7040F29411C2F200010A6040F2C5
:103860009011C2F200010A6040F29811C2F2000108
:103870000A6040F28C11C2F200010A6040F282112B
:10388000C2F200010A8040F28811C2F20001087001
:10389000704710B540F29C12C2F200021178002964
:1038A00051D140F2821140F2AC2CC2F2000100234F
:1038B000C2F2000C0B80BCF8003040F29D1140F2C7
:1038C000AE2EC2F20001C2F2000EC8549EF80000F3
:1038D00001330228ACF8003022D0012805D048BBC3
:1038E00098B2022826D101202BE0487841280DD03B
:1038F000102805D0032821D198B207280DD822E03E
:1039000098B209281FD3CC880A3404E098B20D2855
:1039100019D34C890E3484420CD802208EF8000052
:10392000087840F28811C2F200010978884205D176
:103930000120107098B2B0F5877F04D30020ACF856
:1039400000008EF8000010BD70B582B040F2AC23CC
:1039500014460022C2F200031A8040F2AE23C2F2E3
:103960000003ADF806201A7040F28812C2F200027D
:10397000127840F2B025C2F200052A7041226A7026
:103980004268006805F10C06C5F80620C5F802007B
:10399000304622466C81FCF798FC04F10C0082B2A0
:1039A0000DF106002946FFF7ABFC40F29410C2F27D
:1039B00000000268BDF8060030533AB104F10E0071
:1039C00081B240F2B020C2F20000904702B070BD58
:1039D00040F28C11C2F200010860704740F294116D
:1039E000C2F200010860704740F2C431C2F2000127
:1039F000086070472DE9F04182B040F28210C2F2B7
:103A00000000018840F2C432C2F2000201311268A3
:103A1000018089B240F2AC2540F2AE288A42C2F25F
:103A20000005C2F2000804D800210180298088F82E
:103A3000001040F29C17C2F20007387800210128DC
:103A4000ADF8061031D1288840F29D14C2F200046E
:103A50000238265A82B20DF106002146FFF750FCCB
:103A6000BDF8060086421BD16078412808D0102896
:103A70000BD0032814D140F29010C2F2000008E0ED
:103A800040F28C10C2F2000003E040F29810C2F243
:103A90000000016821B140F29D10C2F20000884789
:103AA0000020288088F80000387002B0BDE8F0815E
:103AB000B0B5841C05462046FFF718FDA878FF28FE
:103AC00003D1E878FF2808BFB0BD6A8905F10C0171
:103AD0002046BDE8B040FFF737BF10B54FF49471F2
:103AE0000446FCF734FC4FF49070A4F8240110BD98
:103AF00010B5B0F824C1944538BF10BDB0F82231DC
:103B00008AB194461FFA83FE01339CB26409082CE3
:103B100011F8014B88BF0023BCF1010C00F80E40E6
:103B2000F0D1B0F824C1A0F82231B0F82631ACEBC6
:103B30000201A0F824119918A0F8261110BDB0F8C0
:103B40002621BAB1B0F82021835C0B70511C8AB2D7
:103B50005209082A88BF0021B0F82421A0F82011BA
:103B6000511CB0F82621A0F82411511EA0F82611EE
:103B7000012070470020704780B54FF47A70FFF73E
:103B80007CFDFFF7BBFDFFF7A5FCFFF71AFEBDE8C4
:103B9000804000F013B8FFF76ABD10B540F2BE34A4
:103BA000C2F2000420780130C1B20529207018BF8C
:103BB00010BDFFF7B4FD0020207010BD70B586B0B9
:103BC00001AC20461421FCF7E4FBFDF73FFD49F270
:103BD0000006C4F2000605463046FEF7A9FD45F68C
:103BE000C5212809C0F67C21A0FB01010120ADF808
:103BF0000400C80902900020ADF80C0040F201104A
:103C0000ADF80F0030462146FEF708FB3046FEF7C0
:103C1000EBFE06B070BDB0B58AB001AD0446281DFC
:103C20002021FCF7B6FB0194032043F20004ADF819
:103C30000900FF20C4F200048DF80B00204629463D
:103C4000FFF7CAF8206840F0100020604FF4805061
:103C5000A063206840F004002060206840F0040069
:103C60002060206840F008002060206840F00200DA
:103C7000206040F2C830C2F20000FFF72EFF0AB009
:103C8000B0BD43F22401C4F200018A6992054FBF1E
:103C9000002009680170012070470A46014640F281
:103CA000C830C2F20000FFF723BF10B582B043F264
:103CB0002004C4F20004E06940070BD440F2C8308D
:103CC000C2F200000DF10701FFF739FF10B19DF8B6
:103CD0000700206002B010BD10B591EA030F48BF85
:103CE00083F0004300F14083841A71EB030C05D28A
:103CF000121943EB0C03001B61EB0C014FEA11544A
:103D0000A4EB135CDFF81CE11EEA430F18BF9EEA28
:103D1000445F73D021EA045123EA0E0343F4801375
:103D2000DCF1200E32D322FA0CFE10EB0E0023FA47
:103D30000CFE41EB0E01CCF1200E03FA0EFE10EB4F
:103D40000E00CCF1200E51F10001B1F5801F32D2EE
:103D500001EB045112FA0EF2BDE8104058BF704753
:103D6000401C38BF5FEA420218BF7047002814BFEA
:103D700020F0010041F100014FEA410313F5001F5B
:103D800038BF7047A1F1C04100F0E0BA012A43EB0F
:103D90000302ACF1200CDCF11F0E32BF4FF0000E1D
:103DA00023FA0CF310EB030041EB0451B4EB115F69
:103DB000D0D0A1EB045101F58011490801EB045169
:103DC0005FEA30000ED350F1000038BF12FA0EFE49
:103DD00008D1BDE81040C9E7401C38BF5FEA420285
:103DE000CAD1C3E7BDE810404FEA410313F5001FF5
:103DF00038BF7047A1F1C04100F0A8BA9EEA445F05
:103E000008D011EA5E0FBDE8104004BF01F0004188
:103E100000207047BDE8104070B500F049FA00BFBF
:103E200064FBBE3E0000E0FF2DE9C04130B4DFF886
:103E3000A0C23CEA111418BF3CEA131400F0EC8055
:103E40001CEA111481EA030544EAD57418BF1CEA80
:103E5000131500F0C780A4EB050404F17F7404F58A
:103E600000344FF0004545EAC12145EAC32341EA49
:103E7000505143EA52534FEAC0204FEAC2229942BE
:103E800008BF904200F09C804FEA13650FF2401685
:103E9000765D4FEA134506FB05F7C7F1807706FB11
:103EA00007F74FEAD737A7FB03687642A7FB06CE92
:103EB000C8F5803838BFA8F1010807FB08E6A6FB63
:103EC000028C4FF0000EE6FB03CEDCF1000CCEF1CD
:103ED000004E38BFAEF1010EA6FB0C584FF00007A4
:103EE000E6FB0E87A1FB08C6A0FB07CE16EB0E066D
:103EF0004FF0000545F10005E1FB076515F1E04EC7
:103F00007EBFA4F580345FEA46066D4116F1800756
:103F100045F100054FEA172747EA05674FEA1525DF
:103F20004FEA0666A6F1DE46B6F1805F1FD9384635
:103F300005EBC47124F0010C01EB0C11BCF1FE6F18
:103F400002D8F0BCBDE8008124425CBF01F5801EB0
:103F50009EEAC47F02D4F0BCBDE80081244238D47C
:103F6000A1F1C041F0BCBDE8004100F0EFB94FEA5B
:103F7000D02040EA41504FEAD1214FEAD22242EA12
:103F800043524FEAD323A7FB028607FB036605FBD8
:103F900002661EEA0E0F58BFA6EB0056B6EB00569F
:103FA0004FEA520E4EEAC37E18EB0E0E56EB530E3E
:103FB000BDD518EB02085E417F1C55F10005B6E740
:103FC0004FF480154FF000074FF000064FF0000847
:103FD000ADE701F1C04101F000414FF00000F0BC3D
:103FE000BDE800810CEA131511EA0C1F00D00CE0AB
:103FF00013EA0C1F00F025804FF0000081EA030156
:1040000001F00041F0BCBDE80081F0BCBDE800411A
:1040100081EA030100F09AB9F0BCBDE8004170B537
:1040200000F046F9097EFC3E00F007B84FF00000B2
:1040300081EA030101F00041704781EA030100F0C9
:1040400085B9F0BCBDE8004122494FF0000070473F
:10405000FFFDFBF9F7F5F4F2F0EEEDEBE9E8E6E44D
:10406000E3E1E0DEDDDBDAD8D7D5D4D3D1D0CFCDD4
:10407000CCCBCAC8C7C6C5C4C2C1C0BFBEBDBCBB0D
:10408000BAB9B8B7B6B5B4B3B2B1B0AFAEADACAB08
:10409000AAA9A8A8A7A6A5A4A3A3A2A1A09F9F9EE2
:1040A0009D9C9C9B9A999998979796959594939394
:1040B000929191908F8F8E8E8D8C8C8B8B8A89892B
:1040C00088888787868585848483838282818180AE
:1040D0000000FF070000F87F4FEA41034FEA535307
:1040E000A3F58063D3F11E03C8BFD3F1210C0CDD0F
:1040F0004FF0004242EAC12242EA505232FA03FC37
:104100008CEAE17CACEBE1707047102BC4BF00205F
:10411000704703F5787CBCF1FF3F04D06FF000429C
:1041200082EA2100704770B500F0C2F849922480FD
:1041300000207047F2E7B0FA80F310FA03F10AD0DA
:10414000C3F11D0303F580634FEA03524FEA415068
:1041500002EBD12170474FF00000704770B5DFF8D7
:1041600048C11CEA111E1EBF1CEA13159EEA0C0F63
:1041700095EA0C0F00F06F8081EA03044EEAD47ECA
:10418000AE4421EA4C1123EA4C1341F4801143F46C
:104190008013AEF17F7EA1FB024CA0FB03653619B4
:1041A00055EB0C05A1FB034C4CF10003A0FB021CDA
:1041B00016EB0C06654153F10003094218BF46F0A7
:1041C000010613F4007F0BD14FEA03314FEA0530AB
:1041D00041EA155140EA165034036FF003020AE039
:1041E0004FEAC3214FEAC52041EA555140EA5650F3
:1041F000F4026FF0020202EB2E4201EB025585EA57
:10420000CE710AD05FEA440C18BF24F0004450F18C
:10421000000041F1000120EAD47040F2FE7C6245CA
:1042200000D270BDA84214BF4FF080444FF040440C
:10423000002E08BF0024BEF1806FA8BFA1F1C041CD
:10424000BDE8704080F2828001F1C04101F0004180
:104250004FF0000070470CEA13159EEA0C0F18BFD0
:1042600095EA0C0F06D081EA030E4FF000000EF025
:10427000004170BD00F01CF88900013E00F007B855
:1042800000F009B84FEA430C5FEA5C5C08D081EAB1
:10429000030100F05BB84FEA410C5FEA5C5CF6D1C9
:1042A00002494FF0000070470000FF070000F87F50
:1042B0000EF1020E2EF0030E5EF8046B364205D4AA
:1042C000012A43EB030515F5001F12D8012841EB25
:1042D000010C1CF5001F0CD80ED14FEAD17C0CEB61
:1042E0004C0C0CF1020C15F5001F08BF4CEBD37CF5
:1042F00004E04FF0080C01E04FEAD37C0CEB4C05D6
:1043000026FA05F606F00706B6F1040C06D20EEB07
:10431000860CBDE870404CF0010C6047DFE80CF003
:10432000090B02024FF00041A1F500214FF00000FF
:1043300070BD19461046012851EB010418BFD4F591
:10434000001484BF002001F0004170BD0808A0F5F2
:1043500000114FEA3101704710B591EA030F48BFD1
:1043600083F000433FF5C0AC841A71EB030C07D215
:104370008CF0004C121943EB0C03001B61EB0C0199
:104380004FEA1154A4EB135CDFF89CE11EEA430FE3
:1043900018BF9EEA445F00F0B08021EA045123EA8E
:1043A0006E035242C3EB6E0338BF5B1EDCF1200E7E
:1043B00025D322FA0CFE10EB0E0043FA0CFE41EB63
:1043C0000E01CCF1200E03FA0EFE10EB0E00CCF124
:1043D000200E51F1000129D401EB045112FA0EF222
:1043E000BDE8104058BF7047401C1CBFB2F1004FE1
:1043F000704700280CBF491C20F00100704712EBE9
:10440000020E43EB030218BF4FF0010E4EEA4202C8
:10441000ACF1200CDCF11E0E54D943FA0CFE10EB6B
:104420000E00CCF11E0E51F1FF31D5D50EF1010E6B
:1044300012FA0EFE404141EB010101EB445C5FEAE0
:104440005C5C10D901EB045110EBDE7038BFBEF19B
:10445000004FBDE8104018BF704700280CBF491C32
:1044600020F00100704730D24FEAD42C24F40064CD
:1044700011F500111BD0B1FA81F20B3AA41AA41E57
:10448000D2F12003914030FA03F31943904001EB3D
:10449000CC7101EB0451002CBDE81040A8BF70475F
:1044A00001F1C04101F000414FF000007047B0FA47
:1044B00080F310FA03F100D110BDE41A173C48054F
:1044C000C90AE4E701EB045110BD49104FEA30007E
:1044D00001EB0451BDE8104002E04FF000017047CD
:1044E0004A0008BF0042F8D0B2F5001F28BF70474D
:1044F00001F000414FF0000070479EEA445F07D092
:1045000011EA5E0FBDE8104004BF00210020704793
:10451000BDE8104070B5FFF7CBFE00BF40DFF63EB0
:10452000104683F0004170470000E0FFF1EE100AF2
:104530004FF6FF71C0F2C03120EA010040F0407038
:10454000E1EE100A704700002110422063308440E1
:10455000A550C660E770088129914AA16BB18CC152
:10456000ADD1CEE1EFF13112100273325222B552C9
:104570009442F772D662399318837BB35AA3BDD3A2
:104580009CC3FFF3DEE36224433420040114E66499
:10459000C774A44485546AA54BB528850995EEE5F2
:1045A000CFF5ACC58DD55336722611163006D776A9
:1045B000F6669556B4465BB77AA719973887DFF742
:1045C000FEE79DD7BCC7C448E5588668A778400871
:1045D000611802282338CCC9EDD98EE9AFF9488992
:1045E00069990AA92BB9F55AD44AB77A966A711A09
:1045F000500A333A122AFDDBDCCBBFFB9EEB799BE2
:10460000588B3BBB1AABA66C877CE44CC55C222C58
:10461000033C600C411CAEED8FFDECCDCDDD2AAD31
:104620000BBD688D499D977EB66ED55EF44E133EE8
:10463000322E511E700E9FFFBEEFDDDFFCCF1BBF81
:104640003AAF599F788F8891A981CAB1EBA10CD15B
:104650002DC14EF16FE18010A100C230E320045063
:10466000254046706760B9839893FBA3DAB33DC3D6
:104670001CD37FE35EF3B1029012F322D2323542B3
:10468000145277625672EAB5CBA5A89589856EF566
:104690004FE52CD50DC5E234C324A0148104667403
:1046A000476424540544DBA7FAB79987B8975FE7B6
:1046B0007EF71DC73CD7D326F2369106B016576653
:1046C0007676154634564CD96DC90EF92FE9C8993E
:1046D000E9898AB9ABA94458654806782768C018A3
:1046E000E1088238A3287DCB5CDB3FEB1EFBF98B16
:1046F000D89BBBAB9ABB754A545A376A167AF10AF3
:10470000D01AB32A923A2EFD0FED6CDD4DCDAABD25
:104710008BADE89DC98D267C076C645C454CA23C42
:10472000832CE01CC10C1FEF3EFF5DCF7CDF9BAFF5
:10473000BABFD98FF89F176E367E554E745E932E92
:10474000B23ED10EF01E000000000000B71DC104F3
:104750006E3B8209D926430DDC7604136B6BC517BB
:10476000B24D861A0550471EB8ED08260FF0C92233
:10477000D6D68A2F61CB4B2B649B0C35D386CD319B
:104780000AA08E3CBDBD4F3870DB114CC7C6D04867
:104790001EE09345A9FD5241ACAD155F1BB0D45B43
:1047A000C2969756758B5652C836196A7F2BD86EAB
:1047B000A60D9B6311105A6714401D79A35DDC7D23
:1047C0007A7B9F70CD665E74E0B6239857ABE29C0F
:1047D0008E8DA191399060953CC0278B8BDDE68F43
:1047E00052FBA582E5E66486585B2BBEEF46EABA2B
:1047F0003660A9B7817D68B3842D2FAD3330EEA923
:10480000EA16ADA45D0B6CA0906D32D42770F3D086
:10481000FE56B0DD494B71D94C1B36C7FB06F7C3BA
:104820002220B4CE953D75CA28803AF29F9DFBF6B2
:1048300046BBB8FBF1A679FFF4F63EE143EBFFE59A
:104840009ACDBCE82DD07DEC77708634C06D4730B2
:10485000194B043DAE56C539AB0682271C1B4323BA
:10486000C53D002E7220C12ACF9D8E1278804F1632
:10487000A1A60C1B16BBCD1F13EB8A01A4F64B059A
:104880007DD00808CACDC90C07AB9778B0B6567C66
:1048900069901571DE8DD475DBDD936B6CC0526F42
:1048A000B5E6116202FBD066BF469F5E085B5E5AAA
:1048B000D17D1D576660DC5363309B4DD42D5A4922
:1048C0000D0B1944BA16D84097C6A5AC20DB64A8D6
:1048D000F9FD27A54EE0E6A14BB0A1BFFCAD60BB42
:1048E000258B23B69296E2B22F2BAD8A98366C8E2A
:1048F00041102F83F60DEE87F35DA9994440689D22
:104900009D662B902A7BEA94E71DB4E0500075E485
:10491000892636E93E3BF7ED3B6BB0F38C7671F7B9
:10492000555032FAE24DF3FE5FF0BCC6E8ED7DC2B1
:1049300031CB3ECF86D6FFCB8386B8D5349B79D199
:10494000EDBD3ADC5AA0FBD8EEE00C6959FDCD6D07
:1049500080DB8E6037C64F643296087A858BC97EBD
:104960005CAD8A73EBB04B77560D044FE110C54B2D
:10497000383686468F2B47428A7B005C3D66C1589D
:10498000E4408255535D43519E3B1D252926DC2181
:10499000F0009F2C471D5E28424D1936F550D83245
:1049A0002C769B3F9B6B5A3B26D6150391CBD407A5
:1049B00048ED970AFFF0560EFAA011104DBDD01425
:1049C000949B93192386521D0E562FF1B94BEEF589
:1049D000606DADF8D7706CFCD2202BE2653DEAE645
:1049E000BC1BA9EB0B0668EFB6BB27D701A6E6D325
:1049F000D880A5DE6F9D64DA6ACD23C4DDD0E2C025
:104A000004F6A1CDB3EB60C97E8D3EBDC990FFB960
:104A100010B6BCB4A7AB7DB0A2FB3AAE15E6FBAABC
:104A2000CCC0B8A77BDD79A3C660369B717DF79FAC
:104A3000A85BB4921F4675961A163288AD0BF38C9C
:104A4000742DB081C330718599908A5D2E8D4B593C
:104A5000F7AB085440B6C95045E68E4EF2FB4F4ABC
:104A60002BDD0C479CC0CD43217D827B9660437F2C
:104A70004F460072F85BC176FD0B86684A16476C9C
:104A800093300461242DC565E94B9B115E565A1580
:104A900087701918306DD81C353D9F0282205E0644
:104AA0005B061D0BEC1BDC0F51A69337E6BB5233A4
:104AB0003F9D113E8880D03A8DD097243ACD562024
:104AC000E3EB152D54F6D4297926A9C5CE3B68C150
:104AD000171D2BCCA000EAC8A550ADD6124D6CD244
:104AE000CB6B2FDF7C76EEDBC1CBA1E376D660E724
:104AF000AFF023EA18EDE2EE1DBDA5F0AAA064F424
:104B0000738627F9C49BE6FD09FDB889BEE0798D5F
:104B100067C63A80D0DBFB84D58BBC9A62967D9EBB
:104B2000BBB03E930CADFF97B110B0AF060D71ABAB
:104B3000DF2B32A66836F3A26D66B4BCDA7B75B89B
:104B4000035D36B5B440F7B100127A00002A75153E
:104B500001001600008000000300000002000000B9
:104B600000127A000057A6160100170000C00000CE
:104B7000030000000200000000127A000084D71732
:104B80000100190000000000030000000200000006
:104B900000127A0000B1081901001A00004000005C
:104BA000030000000200000000127A0000DE391A43
:104BB00001001B0000800000030000000200000054
:104BC00000127A00000B6B1B01001C0000C00000EB
:104BD000030000000200000000127A0000389C1C54
:104BE00001001E00000000000300000002000000A1
:104BF000001BB700002A751501000F00000000001F
:104C00000300000002000000001BB7000057A616BA
:104C100001000F0055D50000030000000200000055
:104C2000001BB7000084D71701001000AAAA0000DB
:104C30000300000002000000001BB70000B10819CB
:104C400001001100008000000300000002000000CD
:104C5000001BB70000DE391A010012005555000094
:104C60000300000002000000001BB700000B6B1BDC
:104C700001001300AA2A0000030000000200000047
:104C8000001BB70000389C1C01001400000000004D
:104C9000030000000200000000127A0000E1F505A8
:104CA00001000600004000000000000002000000BB
:104CB00000127A0080778E060100060000E00000F6
:104CC000000000000200000000127A00000E27071A
:104CD000010007000080000000000000020000004A
:104CE00000127A0080A4BF07010008000020000025
:104CF000000000000200000000127A00003B58088B
:104D00000100080000C000000000000002000000D8
:104D100000127A0080D1F008010009000060000054
:104D2000000000000200000000127A0000688909FB
:104D300001000A0000000000000000000200000066
:104D400000127A0080FE210A01000A0000A0000083
:104D5000000000000200000000127A000095BA0A6C
:104D600001000B00004000000000000002000000F5
:104D700000127A00802B530B01000B0000E00000B2
:104D8000000000000200000000127A0000C2EB0BDD
:104D900001000C0000800000000000000200000084
:104DA00000127A008058840C01000D0000200000E1
:104DB000010000000200000000127A0000EF1C0D4C
:104DC00001000D0000C00000010000000200000012
:104DD00000127A008085B50D01000E000060000011
:104DE0000100000002000000084E00080000002042
:104DF0000C000000DC010008144E00080C0000202C
:104E0000EC050000F801000800127A000100000023
:104E10000F000000FFFFFFFFFFFFFFFFFFFFFFFF8F
:104E2000FFFFFFFFFFFFFFFFFFFFFFFFFFFFFFFF92
:104E3000FFFFFFFFFFFFFFFFFFFFFFFFFFFFFFFF82
:104E4000FFFFFFFFFFFFFFFFFFFFFFFFFFFFFFFF72
:104E5000FFFFFFFFFFFFFFFFFFFFFFFFFFFFFFFF62
:104E6000FFFFFFFFFFFFFFFFFFFFFFFFFFFFFFFF52
:104E7000FFFFFFFFFFFFFFFFFFFFFFFFFFFFFFFF42
:104E8000FFFFFFFFFFFFFFFFFFFFFFFFFFFFFFFF32
:104E9000FFFFFFFFFFFFFFFFFFFFFFFFFFFFFFFF22
:104EA000FFFFFFFFFFFFFFFFFFFFFFFFFFFFFFFF12
:104EB000FFFFFFFFFFFFFFFFFFFFFFFFFFFFFFFF02
:104EC000FFFFFFFFFFFFFFFFFFFFFFFFFFFFFFFFF2
:104ED000FFFFFFFFFFFFFFFFFFFFFFFFFFFFFFFFE2
:104EE000FFFFFFFFFFFFFFFFFFFFFFFFFFFFFFFFD2
:104EF000FFFFFFFFFFFFFFFFFFFFFFFFFFFFFFFFC2
:104F0000FFFFFFFFFFFFFFFFFFFFFFFFFFFFFFFFB1
:104F1000FFFFFFFFFFFFFFFFFFFFFFFFFFFFFFFFA1
:104F2000FFFFFFFFFFFFFFFFFFFFFFFFFFFFFFFF91
:104F3000FFFFFFFFFFFFFFFFFFFFFFFFFFFFFFFF81
:104F4000FFFFFFFFFFFFFFFFFFFFFFFFFFFFFFFF71
:104F5000FFFFFFFFFFFFFFFFFFFFFFFFFFFFFFFF61
:104F6000FFFFFFFFFFFFFFFFFFFFFFFFFFFFFFFF51
:104F7000FFFFFFFFFFFFFFFFFFFFFFFFFFFFFFFF41
:104F8000FFFFFFFFFFFFFFFFFFFFFFFFFFFFFFFF31
:104F9000FFFFFFFFFFFFFFFFFFFFFFFFFFFFFFFF21
:104FA000FFFFFFFFFFFFFFFFFFFFFFFFFFFFFFFF11
:104FB000FFFFFFFFFFFFFFFFFFFFFFFFFFFFFFFF01
:104FC000FFFFFFFFFFFFFFFFFFFFFFFFFFFFFFFFF1
:104FD000FFFFFFFFFFFFFFFFFFFFFFFFFFFFFFFFE1
:104FE000FFFFFFFFFFFFFFFFFFFFFFFFFFFFFFFFD1
:104FF000FFFFFFFFFFFFFFFFFFFFFFFFFFFFFFFFC1
:10500000FFFFFFFFFFFFFFFFFFFFFFFFFFFFFFFFB0
:10501000FFFFFFFFFFFFFFFFFFFFFFFFFFFFFFFFA0
:10502000FFFFFFFFFFFFFFFFFFFFFFFFFFFFFFFF90
:10503000FFFFFFFFFFFFFFFFFFFFFFFFFFFFFFFF80
:10504000FFFFFFFFFFFFFFFFFFFFFFFFFFFFFFFF70
:10505000FFFFFFFFFFFFFFFFFFFFFFFFFFFFFFFF60
:10506000FFFFFFFFFFFFFFFFFFFFFFFFFFFFFFFF50
:10507000FFFFFFFFFFFFFFFFFFFFFFFFFFFFFFFF40
:10508000FFFFFFFFFFFFFFFFFFFFFFFFFFFFFFFF30
:10509000FFFFFFFFFFFFFFFFFFFFFFFFFFFFFFFF20
:1050A000FFFFFFFFFFFFFFFFFFFFFFFFFFFFFFFF10
:1050B000FFFFFFFFFFFFFFFFFFFFFFFFFFFFFFFF00
:1050C000FFFFFFFFFFFFFFFFFFFFFFFFFFFFFFFFF0
:1050D000FFFFFFFFFFFFFFFFFFFFFFFFFFFFFFFFE0
:1050E000FFFFFFFFFFFFFFFFFFFFFFFFFFFFFFFFD0
:1050F000FFFFFFFFFFFFFFFFFFFFFFFFFFFFFFFFC0
:10510000FFFFFFFFFFFFFFFFFFFFFFFFFFFFFFFFAF
:10511000FFFFFFFFFFFFFFFFFFFFFFFFFFFFFFFF9F
:10512000FFFFFFFFFFFFFFFFFFFFFFFFFFFFFFFF8F
:10513000FFFFFFFFFFFFFFFFFFFFFFFFFFFFFFFF7F
:10514000FFFFFFFFFFFFFFFFFFFFFFFFFFFFFFFF6F
:10515000FFFFFFFFFFFFFFFFFFFFFFFFFFFFFFFF5F
:10516000FFFFFFFFFFFFFFFFFFFFFFFFFFFFFFFF4F
:10517000FFFFFFFFFFFFFFFFFFFFFFFFFFFFFFFF3F
:10518000FFFFFFFFFFFFFFFFFFFFFFFFFFFFFFFF2F
:10519000FFFFFFFFFFFFFFFFFFFFFFFFFFFFFFFF1F
:1051A000FFFFFFFFFFFFFFFFFFFFFFFFFFFFFFFF0F
:1051B000FFFFFFFFFFFFFFFFFFFFFFFFFFFFFFFFFF
:1051C000FFFFFFFFFFFFFFFFFFFFFFFFFFFFFFFFEF
:1051D000FFFFFFFFFFFFFFFFFFFFFFFFFFFFFFFFDF
:1051E000FFFFFFFFFFFFFFFFFFFFFFFFFFFFFFFFCF
:1051F000FFFFFFFFFFFFFFFFFFFFFFFFFFFFFFFFBF
:10520000FFFFFFFFFFFFFFFFFFFFFFFFFFFFFFFFAE
:10521000FFFFFFFFFFFFFFFFFFFFFFFFFFFFFFFF9E
:10522000FFFFFFFFFFFFFFFFFFFFFFFFFFFFFFFF8E
:10523000FFFFFFFFFFFFFFFFFFFFFFFFFFFFFFFF7E
:10524000FFFFFFFFFFFFFFFFFFFFFFFFFFFFFFFF6E
:10525000FFFFFFFFFFFFFFFFFFFFFFFFFFFFFFFF5E
:10526000FFFFFFFFFFFFFFFFFFFFFFFFFFFFFFFF4E
:10527000FFFFFFFFFFFFFFFFFFFFFFFFFFFFFFFF3E
:10528000FFFFFFFFFFFFFFFFFFFFFFFFFFFFFFFF2E
:10529000FFFFFFFFFFFFFFFFFFFFFFFFFFFFFFFF1E
:1052A000FFFFFFFFFFFFFFFFFFFFFFFFFFFFFFFF0E
:1052B000FFFFFFFFFFFFFFFFFFFFFFFFFFFFFFFFFE
:1052C000FFFFFFFFFFFFFFFFFFFFFFFFFFFFFFFFEE
:1052D000FFFFFFFFFFFFFFFFFFFFFFFFFFFFFFFFDE
:1052E000FFFFFFFFFFFFFFFFFFFFFFFFFFFFFFFFCE
:1052F000FFFFFFFFFFFFFFFFFFFFFFFFFFFFFFFFBE
:10530000FFFFFFFFFFFFFFFFFFFFFFFFFFFFFFFFAD
:10531000FFFFFFFFFFFFFFFFFFFFFFFFFFFFFFFF9D
:10532000FFFFFFFFFFFFFFFFFFFFFFFFFFFFFFFF8D
:10533000FFFFFFFFFFFFFFFFFFFFFFFFFFFFFFFF7D
:10534000FFFFFFFFFFFFFFFFFFFFFFFFFFFFFFFF6D
:10535000FFFFFFFFFFFFFFFFFFFFFFFFFFFFFFFF5D
:10536000FFFFFFFFFFFFFFFFFFFFFFFFFFFFFFFF4D
:10537000FFFFFFFFFFFFFFFFFFFFFFFFFFFFFFFF3D
:10538000FFFFFFFFFFFFFFFFFFFFFFFFFFFFFFFF2D
:10539000FFFFFFFFFFFFFFFFFFFFFFFFFFFFFFFF1D
:1053A000FFFFFFFFFFFFFFFFFFFFFFFFFFFFFFFF0D
:1053B000FFFFFFFFFFFFFFFFFFFFFFFFFFFFFFFFFD
:1053C000FFFFFFFFFFFFFFFFFFFFFFFFFFFFFFFFED
:1053D000FFFFFFFFFFFFFFFFFFFFFFFFFFFFFFFFDD
:1053E000FFFFFFFFFFFFFFFFFFFFFFFFFFFFFFFFCD
:1053F000FFFFFFFFFFFFFFFFFFFFFFFFFFFFFFFFBD
:10540000FFFFFFFFFFFFFFFFFFFFFFFFFFFFFFFFAC
:10541000FFFFFFFFFFFFFFFFFFFFFFFFFFFFFFFF9C
:10542000FFFFFFFFFFFFFFFFFFFFFFFFFFFFFFFF8C
:10543000FFFFFFFFFFFFFFFFFFFFFFFFFFFFFFFF7C
:10544000FFFFFFFFFFFFFFFFFFFFFFFFFFFFFFFF6C
:10545000FFFFFFFFFFFFFFFFFFFFFFFFFFFFFFFF5C
:10546000FFFFFFFFFFFFFFFFFFFFFFFFFFFFFFFF4C
:10547000FFFFFFFFFFFFFFFFFFFFFFFFFFFFFFFF3C
:10548000FFFFFFFFFFFFFFFFFFFFFFFFFFFFFFFF2C
:10549000FFFFFFFFFFFFFFFFFFFFFFFFFFFFFFFF1C
:1054A000FFFFFFFFFFFFFFFFFFFFFFFFFFFFFFFF0C
:1054B000FFFFFFFFFFFFFFFFFFFFFFFFFFFFFFFFFC
:1054C000FFFFFFFFFFFFFFFFFFFFFFFFFFFFFFFFEC
:1054D000FFFFFFFFFFFFFFFFFFFFFFFFFFFFFFFFDC
:1054E000FFFFFFFFFFFFFFFFFFFFFFFFFFFFFFFFCC
:1054F000FFFFFFFFFFFFFFFFFFFFFFFFFFFFFFFFBC
:10550000FFFFFFFFFFFFFFFFFFFFFFFFFFFFFFFFAB
:10551000FFFFFFFFFFFFFFFFFFFFFFFFFFFFFFFF9B
:10552000FFFFFFFFFFFFFFFFFFFFFFFFFFFFFFFF8B
:10553000FFFFFFFFFFFFFFFFFFFFFFFFFFFFFFFF7B
:10554000FFFFFFFFFFFFFFFFFFFFFFFFFFFFFFFF6B
:10555000FFFFFFFFFFFFFFFFFFFFFFFFFFFFFFFF5B
:10556000FFFFFFFFFFFFFFFFFFFFFFFFFFFFFFFF4B
:10557000FFFFFFFFFFFFFFFFFFFFFFFFFFFFFFFF3B
:10558000FFFFFFFFFFFFFFFFFFFFFFFFFFFFFFFF2B
:10559000FFFFFFFFFFFFFFFFFFFFFFFFFFFFFFFF1B
:1055A000FFFFFFFFFFFFFFFFFFFFFFFFFFFFFFFF0B
:1055B000FFFFFFFFFFFFFFFFFFFFFFFFFFFFFFFFFB
:1055C000FFFFFFFFFFFFFFFFFFFFFFFFFFFFFFFFEB
:1055D000FFFFFFFFFFFFFFFFFFFFFFFFFFFFFFFFDB
:1055E000FFFFFFFFFFFFFFFFFFFFFFFFFFFFFFFFCB
:1055F000FFFFFFFFFFFFFFFFFFFFFFFFFFFFFFFFBB
:10560000FFFFFFFFFFFFFFFFFFFFFFFFFFFFFFFFAA
:10561000FFFFFFFFFFFFFFFFFFFFFFFFFFFFFFFF9A
:10562000FFFFFFFFFFFFFFFFFFFFFFFFFFFFFFFF8A
:10563000FFFFFFFFFFFFFFFFFFFFFFFFFFFFFFFF7A
:10564000FFFFFFFFFFFFFFFFFFFFFFFFFFFFFFFF6A
:10565000FFFFFFFFFFFFFFFFFFFFFFFFFFFFFFFF5A
:10566000FFFFFFFFFFFFFFFFFFFFFFFFFFFFFFFF4A
:10567000FFFFFFFFFFFFFFFFFFFFFFFFFFFFFFFF3A
:10568000FFFFFFFFFFFFFFFFFFFFFFFFFFFFFFFF2A
:10569000FFFFFFFFFFFFFFFFFFFFFFFFFFFFFFFF1A
:1056A000FFFFFFFFFFFFFFFFFFFFFFFFFFFFFFFF0A
:1056B000FFFFFFFFFFFFFFFFFFFFFFFFFFFFFFFFFA
:1056C000FFFFFFFFFFFFFFFFFFFFFFFFFFFFFFFFEA
:1056D000FFFFFFFFFFFFFFFFFFFFFFFFFFFFFFFFDA
:1056E000FFFFFFFFFFFFFFFFFFFFFFFFFFFFFFFFCA
:1056F000FFFFFFFFFFFFFFFFFFFFFFFFFFFFFFFFBA
:10570000FFFFFFFFFFFFFFFFFFFFFFFFFFFFFFFFA9
:10571000FFFFFFFFFFFFFFFFFFFFFFFFFFFFFFFF99
:10572000FFFFFFFFFFFFFFFFFFFFFFFFFFFFFFFF89
:10573000FFFFFFFFFFFFFFFFFFFFFFFFFFFFFFFF79
:10574000FFFFFFFFFFFFFFFFFFFFFFFFFFFFFFFF69
:10575000FFFFFFFFFFFFFFFFFFFFFFFFFFFFFFFF59
:10576000FFFFFFFFFFFFFFFFFFFFFFFFFFFFFFFF49
:10577000FFFFFFFFFFFFFFFFFFFFFFFFFFFFFFFF39
:10578000FFFFFFFFFFFFFFFFFFFFFFFFFFFFFFFF29
:10579000FFFFFFFFFFFFFFFFFFFFFFFFFFFFFFFF19
:1057A000FFFFFFFFFFFFFFFFFFFFFFFFFFFFFFFF09
:1057B000FFFFFFFFFFFFFFFFFFFFFFFFFFFFFFFFF9
:1057C000FFFFFFFFFFFFFFFFFFFFFFFFFFFFFFFFE9
:1057D000FFFFFFFFFFFFFFFFFFFFFFFFFFFFFFFFD9
:1057E000FFFFFFFFFFFFFFFFFFFFFFFFFFFFFFFFC9
:1057F000FFFFFFFFFFFFFFFFFFFFFFFFFFFFFFFFB9
:10580000FFFFFFFFFFFFFFFFFFFFFFFFFFFFFFFFA8
:10581000FFFFFFFFFFFFFFFFFFFFFFFFFFFFFFFF98
:10582000FFFFFFFFFFFFFFFFFFFFFFFFFFFFFFFF88
:10583000FFFFFFFFFFFFFFFFFFFFFFFFFFFFFFFF78
:10584000FFFFFFFFFFFFFFFFFFFFFFFFFFFFFFFF68
:10585000FFFFFFFFFFFFFFFFFFFFFFFFFFFFFFFF58
:10586000FFFFFFFFFFFFFFFFFFFFFFFFFFFFFFFF48
:10587000FFFFFFFFFFFFFFFFFFFFFFFFFFFFFFFF38
:10588000FFFFFFFFFFFFFFFFFFFFFFFFFFFFFFFF28
:10589000FFFFFFFFFFFFFFFFFFFFFFFFFFFFFFFF18
:1058A000FFFFFFFFFFFFFFFFFFFFFFFFFFFFFFFF08
:1058B000FFFFFFFFFFFFFFFFFFFFFFFFFFFFFFFFF8
:1058C000FFFFFFFFFFFFFFFFFFFFFFFFFFFFFFFFE8
:1058D000FFFFFFFFFFFFFFFFFFFFFFFFFFFFFFFFD8
:1058E000FFFFFFFFFFFFFFFFFFFFFFFFFFFFFFFFC8
:1058F000FFFFFFFFFFFFFFFFFFFFFFFFFFFFFFFFB8
:10590000FFFFFFFFFFFFFFFFFFFFFFFFFFFFFFFFA7
:10591000FFFFFFFFFFFFFFFFFFFFFFFFFFFFFFFF97
:10592000FFFFFFFFFFFFFFFFFFFFFFFFFFFFFFFF87
:10593000FFFFFFFFFFFFFFFFFFFFFFFFFFFFFFFF77
:10594000FFFFFFFFFFFFFFFFFFFFFFFFFFFFFFFF67
:10595000FFFFFFFFFFFFFFFFFFFFFFFFFFFFFFFF57
:10596000FFFFFFFFFFFFFFFFFFFFFFFFFFFFFFFF47
:10597000FFFFFFFFFFFFFFFFFFFFFFFFFFFFFFFF37
:10598000FFFFFFFFFFFFFFFFFFFFFFFFFFFFFFFF27
:10599000FFFFFFFFFFFFFFFFFFFFFFFFFFFFFFFF17
:1059A000FFFFFFFFFFFFFFFFFFFFFFFFFFFFFFFF07
:1059B000FFFFFFFFFFFFFFFFFFFFFFFFFFFFFFFFF7
:1059C000FFFFFFFFFFFFFFFFFFFFFFFFFFFFFFFFE7
:1059D000FFFFFFFFFFFFFFFFFFFFFFFFFFFFFFFFD7
:1059E000FFFFFFFFFFFFFFFFFFFFFFFFFFFFFFFFC7
:1059F000FFFFFFFFFFFFFFFFFFFFFFFFFFFFFFFFB7
:105A0000FFFFFFFFFFFFFFFFFFFFFFFFFFFFFFFFA6
:105A1000FFFFFFFFFFFFFFFFFFFFFFFFFFFFFFFF96
:105A2000FFFFFFFFFFFFFFFFFFFFFFFFFFFFFFFF86
:105A3000FFFFFFFFFFFFFFFFFFFFFFFFFFFFFFFF76
:105A4000FFFFFFFFFFFFFFFFFFFFFFFFFFFFFFFF66
:105A5000FFFFFFFFFFFFFFFFFFFFFFFFFFFFFFFF56
:105A6000FFFFFFFFFFFFFFFFFFFFFFFFFFFFFFFF46
:105A7000FFFFFFFFFFFFFFFFFFFFFFFFFFFFFFFF36
:105A8000FFFFFFFFFFFFFFFFFFFFFFFFFFFFFFFF26
:105A9000FFFFFFFFFFFFFFFFFFFFFFFFFFFFFFFF16
:105AA000FFFFFFFFFFFFFFFFFFFFFFFFFFFFFFFF06
:105AB000FFFFFFFFFFFFFFFFFFFFFFFFFFFFFFFFF6
:105AC000FFFFFFFFFFFFFFFFFFFFFFFFFFFFFFFFE6
:105AD000FFFFFFFFFFFFFFFFFFFFFFFFFFFFFFFFD6
:105AE000FFFFFFFFFFFFFFFFFFFFFFFFFFFFFFFFC6
:105AF000FFFFFFFFFFFFFFFFFFFFFFFFFFFFFFFFB6
:105B0000FFFFFFFFFFFFFFFFFFFFFFFFFFFFFFFFA5
:105B1000FFFFFFFFFFFFFFFFFFFFFFFFFFFFFFFF95
:105B2000FFFFFFFFFFFFFFFFFFFFFFFFFFFFFFFF85
:105B3000FFFFFFFFFFFFFFFFFFFFFFFFFFFFFFFF75
:105B4000FFFFFFFFFFFFFFFFFFFFFFFFFFFFFFFF65
:105B5000FFFFFFFFFFFFFFFFFFFFFFFFFFFFFFFF55
:105B6000FFFFFFFFFFFFFFFFFFFFFFFFFFFFFFFF45
:105B7000FFFFFFFFFFFFFFFFFFFFFFFFFFFFFFFF35
:105B8000FFFFFFFFFFFFFFFFFFFFFFFFFFFFFFFF25
:105B9000FFFFFFFFFFFFFFFFFFFFFFFFFFFFFFFF15
:105BA000FFFFFFFFFFFFFFFFFFFFFFFFFFFFFFFF05
:105BB000FFFFFFFFFFFFFFFFFFFFFFFFFFFFFFFFF5
:105BC000FFFFFFFFFFFFFFFFFFFFFFFFFFFFFFFFE5
:105BD000FFFFFFFFFFFFFFFFFFFFFFFFFFFFFFFFD5
:105BE000FFFFFFFFFFFFFFFFFFFFFFFFFFFFFFFFC5
:105BF000FFFFFFFFFFFFFFFFFFFFFFFFFFFFFFFFB5
:105C0000FFFFFFFFFFFFFFFFFFFFFFFFFFFFFFFFA4
:105C1000FFFFFFFFFFFFFFFFFFFFFFFFFFFFFFFF94
:105C2000FFFFFFFFFFFFFFFFFFFFFFFFFFFFFFFF84
:105C3000FFFFFFFFFFFFFFFFFFFFFFFFFFFFFFFF74
:105C4000FFFFFFFFFFFFFFFFFFFFFFFFFFFFFFFF64
:105C5000FFFFFFFFFFFFFFFFFFFFFFFFFFFFFFFF54
:105C6000FFFFFFFFFFFFFFFFFFFFFFFFFFFFFFFF44
:105C7000FFFFFFFFFFFFFFFFFFFFFFFFFFFFFFFF34
:105C8000FFFFFFFFFFFFFFFFFFFFFFFFFFFFFFFF24
:105C9000FFFFFFFFFFFFFFFFFFFFFFFFFFFFFFFF14
:105CA000FFFFFFFFFFFFFFFFFFFFFFFFFFFFFFFF04
:105CB000FFFFFFFFFFFFFFFFFFFFFFFFFFFFFFFFF4
:105CC000FFFFFFFFFFFFFFFFFFFFFFFFFFFFFFFFE4
:105CD000FFFFFFFFFFFFFFFFFFFFFFFFFFFFFFFFD4
:105CE000FFFFFFFFFFFFFFFFFFFFFFFFFFFFFFFFC4
:105CF000FFFFFFFFFFFFFFFFFFFFFFFFFFFFFFFFB4
:105D0000FFFFFFFFFFFFFFFFFFFFFFFFFFFFFFFFA3
:105D1000FFFFFFFFFFFFFFFFFFFFFFFFFFFFFFFF93
:105D2000FFFFFFFFFFFFFFFFFFFFFFFFFFFFFFFF83
:105D3000FFFFFFFFFFFFFFFFFFFFFFFFFFFFFFFF73
:105D4000FFFFFFFFFFFFFFFFFFFFFFFFFFFFFFFF63
:105D5000FFFFFFFFFFFFFFFFFFFFFFFFFFFFFFFF53
:105D6000FFFFFFFFFFFFFFFFFFFFFFFFFFFFFFFF43
:105D7000FFFFFFFFFFFFFFFFFFFFFFFFFFFFFFFF33
:105D8000FFFFFFFFFFFFFFFFFFFFFFFFFFFFFFFF23
:105D9000FFFFFFFFFFFFFFFFFFFFFFFFFFFFFFFF13
:105DA000FFFFFFFFFFFFFFFFFFFFFFFFFFFFFFFF03
:105DB000FFFFFFFFFFFFFFFFFFFFFFFFFFFFFFFFF3
:105DC000FFFFFFFFFFFFFFFFFFFFFFFFFFFFFFFFE3
:105DD000FFFFFFFFFFFFFFFFFFFFFFFFFFFFFFFFD3
:105DE000FFFFFFFFFFFFFFFFFFFFFFFFFFFFFFFFC3
:105DF000FFFFFFFFFFFFFFFFFFFFFFFFFFFFFFFFB3
:105E0000FFFFFFFFFFFFFFFFFFFFFFFFFFFFFFFFA2
:105E1000FFFFFFFFFFFFFFFFFFFFFFFFFFFFFFFF92
:105E2000FFFFFFFFFFFFFFFFFFFFFFFFFFFFFFFF82
:105E3000FFFFFFFFFFFFFFFFFFFFFFFFFFFFFFFF72
:105E4000FFFFFFFFFFFFFFFFFFFFFFFFFFFFFFFF62
:105E5000FFFFFFFFFFFFFFFFFFFFFFFFFFFFFFFF52
:105E6000FFFFFFFFFFFFFFFFFFFFFFFFFFFFFFFF42
:105E7000FFFFFFFFFFFFFFFFFFFFFFFFFFFFFFFF32
:105E8000FFFFFFFFFFFFFFFFFFFFFFFFFFFFFFFF22
:105E9000FFFFFFFFFFFFFFFFFFFFFFFFFFFFFFFF12
:105EA000FFFFFFFFFFFFFFFFFFFFFFFFFFFFFFFF02
:105EB000FFFFFFFFFFFFFFFFFFFFFFFFFFFFFFFFF2
:105EC000FFFFFFFFFFFFFFFFFFFFFFFFFFFFFFFFE2
:105ED000FFFFFFFFFFFFFFFFFFFFFFFFFFFFFFFFD2
:105EE000FFFFFFFFFFFFFFFFFFFFFFFFFFFFFFFFC2
:105EF000FFFFFFFFFFFFFFFFFFFFFFFFFFFFFFFFB2
:105F0000FFFFFFFFFFFFFFFFFFFFFFFFFFFFFFFFA1
:105F1000FFFFFFFFFFFFFFFFFFFFFFFFFFFFFFFF91
:105F2000FFFFFFFFFFFFFFFFFFFFFFFFFFFFFFFF81
:105F3000FFFFFFFFFFFFFFFFFFFFFFFFFFFFFFFF71
:105F4000FFFFFFFFFFFFFFFFFFFFFFFFFFFFFFFF61
:105F5000FFFFFFFFFFFFFFFFFFFFFFFFFFFFFFFF51
:105F6000FFFFFFFFFFFFFFFFFFFFFFFFFFFFFFFF41
:105F7000FFFFFFFFFFFFFFFFFFFFFFFFFFFFFFFF31
:105F8000FFFFFFFFFFFFFFFFFFFFFFFFFFFFFFFF21
:105F9000FFFFFFFFFFFFFFFFFFFFFFFFFFFFFFFF11
:105FA000FFFFFFFFFFFFFFFFFFFFFFFFFFFFFFFF01
:105FB000FFFFFFFFFFFFFFFFFFFFFFFFFFFFFFFFF1
:105FC000FFFFFFFFFFFFFFFFFFFFFFFFFFFFFFFFE1
:105FD000FFFFFFFFFFFFFFFFFFFFFFFFFFFFFFFFD1
:105FE000FFFFFFFFFFFFFFFFFFFFFFFFFFFFFFFFC1
:105FF000FFFFFFFFFFFFFFFFFFFFFFFFFFFFFFFFB1
:10600000FFFFFFFFFFFFFFFFFFFFFFFFFFFFFFFFA0
:10601000FFFFFFFFFFFFFFFFFFFFFFFFFFFFFFFF90
:10602000FFFFFFFFFFFFFFFFFFFFFFFFFFFFFFFF80
:10603000FFFFFFFFFFFFFFFFFFFFFFFFFFFFFFFF70
:10604000FFFFFFFFFFFFFFFFFFFFFFFFFFFFFFFF60
:10605000FFFFFFFFFFFFFFFFFFFFFFFFFFFFFFFF50
:10606000FFFFFFFFFFFFFFFFFFFFFFFFFFFFFFFF40
:10607000FFFFFFFFFFFFFFFFFFFFFFFFFFFFFFFF30
:10608000FFFFFFFFFFFFFFFFFFFFFFFFFFFFFFFF20
:10609000FFFFFFFFFFFFFFFFFFFFFFFFFFFFFFFF10
:1060A000FFFFFFFFFFFFFFFFFFFFFFFFFFFFFFFF00
:1060B000FFFFFFFFFFFFFFFFFFFFFFFFFFFFFFFFF0
:1060C000FFFFFFFFFFFFFFFFFFFFFFFFFFFFFFFFE0
:1060D000FFFFFFFFFFFFFFFFFFFFFFFFFFFFFFFFD0
:1060E000FFFFFFFFFFFFFFFFFFFFFFFFFFFFFFFFC0
:1060F000FFFFFFFFFFFFFFFFFFFFFFFFFFFFFFFFB0
:10610000FFFFFFFFFFFFFFFFFFFFFFFFFFFFFFFF9F
:10611000FFFFFFFFFFFFFFFFFFFFFFFFFFFFFFFF8F
:10612000FFFFFFFFFFFFFFFFFFFFFFFFFFFFFFFF7F
:10613000FFFFFFFFFFFFFFFFFFFFFFFFFFFFFFFF6F
:10614000FFFFFFFFFFFFFFFFFFFFFFFFFFFFFFFF5F
:10615000FFFFFFFFFFFFFFFFFFFFFFFFFFFFFFFF4F
:10616000FFFFFFFFFFFFFFFFFFFFFFFFFFFFFFFF3F
:10617000FFFFFFFFFFFFFFFFFFFFFFFFFFFFFFFF2F
:10618000FFFFFFFFFFFFFFFFFFFFFFFFFFFFFFFF1F
:10619000FFFFFFFFFFFFFFFFFFFFFFFFFFFFFFFF0F
:1061A000FFFFFFFFFFFFFFFFFFFFFFFFFFFFFFFFFF
:1061B000FFFFFFFFFFFFFFFFFFFFFFFFFFFFFFFFEF
:1061C000FFFFFFFFFFFFFFFFFFFFFFFFFFFFFFFFDF
:1061D000FFFFFFFFFFFFFFFFFFFFFFFFFFFFFFFFCF
:1061E000FFFFFFFFFFFFFFFFFFFFFFFFFFFFFFFFBF
:1061F000FFFFFFFFFFFFFFFFFFFFFFFFFFFFFFFFAF
:10620000FFFFFFFFFFFFFFFFFFFFFFFFFFFFFFFF9E
:10621000FFFFFFFFFFFFFFFFFFFFFFFFFFFFFFFF8E
:10622000FFFFFFFFFFFFFFFFFFFFFFFFFFFFFFFF7E
:10623000FFFFFFFFFFFFFFFFFFFFFFFFFFFFFFFF6E
:10624000FFFFFFFFFFFFFFFFFFFFFFFFFFFFFFFF5E
:10625000FFFFFFFFFFFFFFFFFFFFFFFFFFFFFFFF4E
:10626000FFFFFFFFFFFFFFFFFFFFFFFFFFFFFFFF3E
:10627000FFFFFFFFFFFFFFFFFFFFFFFFFFFFFFFF2E
:10628000FFFFFFFFFFFFFFFFFFFFFFFFFFFFFFFF1E
:10629000FFFFFFFFFFFFFFFFFFFFFFFFFFFFFFFF0E
:1062A000FFFFFFFFFFFFFFFFFFFFFFFFFFFFFFFFFE
:1062B000FFFFFFFFFFFFFFFFFFFFFFFFFFFFFFFFEE
:1062C000FFFFFFFFFFFFFFFFFFFFFFFFFFFFFFFFDE
:1062D000FFFFFFFFFFFFFFFFFFFFFFFFFFFFFFFFCE
:1062E000FFFFFFFFFFFFFFFFFFFFFFFFFFFFFFFFBE
:1062F000FFFFFFFFFFFFFFFFFFFFFFFFFFFFFFFFAE
:10630000FFFFFFFFFFFFFFFFFFFFFFFFFFFFFFFF9D
:10631000FFFFFFFFFFFFFFFFFFFFFFFFFFFFFFFF8D
:10632000FFFFFFFFFFFFFFFFFFFFFFFFFFFFFFFF7D
:10633000FFFFFFFFFFFFFFFFFFFFFFFFFFFFFFFF6D
:10634000FFFFFFFFFFFFFFFFFFFFFFFFFFFFFFFF5D
:10635000FFFFFFFFFFFFFFFFFFFFFFFFFFFFFFFF4D
:10636000FFFFFFFFFFFFFFFFFFFFFFFFFFFFFFFF3D
:10637000FFFFFFFFFFFFFFFFFFFFFFFFFFFFFFFF2D
:10638000FFFFFFFFFFFFFFFFFFFFFFFFFFFFFFFF1D
:10639000FFFFFFFFFFFFFFFFFFFFFFFFFFFFFFFF0D
:1063A000FFFFFFFFFFFFFFFFFFFFFFFFFFFFFFFFFD
:1063B000FFFFFFFFFFFFFFFFFFFFFFFFFFFFFFFFED
:1063C000FFFFFFFFFFFFFFFFFFFFFFFFFFFFFFFFDD
:1063D000FFFFFFFFFFFFFFFFFFFFFFFFFFFFFFFFCD
:1063E000FFFFFFFFFFFFFFFFFFFFFFFFFFFFFFFFBD
:1063F000FFFFFFFFFFFFFFFFFFFFFFFFFFFFFFFFAD
:10640000FFFFFFFFFFFFFFFFFFFFFFFFFFFFFFFF9C
:10641000FFFFFFFFFFFFFFFFFFFFFFFFFFFFFFFF8C
:10642000FFFFFFFFFFFFFFFFFFFFFFFFFFFFFFFF7C
:10643000FFFFFFFFFFFFFFFFFFFFFFFFFFFFFFFF6C
:10644000FFFFFFFFFFFFFFFFFFFFFFFFFFFFFFFF5C
:10645000FFFFFFFFFFFFFFFFFFFFFFFFFFFFFFFF4C
:10646000FFFFFFFFFFFFFFFFFFFFFFFFFFFFFFFF3C
:10647000FFFFFFFFFFFFFFFFFFFFFFFFFFFFFFFF2C
:10648000FFFFFFFFFFFFFFFFFFFFFFFFFFFFFFFF1C
:10649000FFFFFFFFFFFFFFFFFFFFFFFFFFFFFFFF0C
:1064A000FFFFFFFFFFFFFFFFFFFFFFFFFFFFFFFFFC
:1064B000FFFFFFFFFFFFFFFFFFFFFFFFFFFFFFFFEC
:1064C000FFFFFFFFFFFFFFFFFFFFFFFFFFFFFFFFDC
:1064D000FFFFFFFFFFFFFFFFFFFFFFFFFFFFFFFFCC
:1064E000FFFFFFFFFFFFFFFFFFFFFFFFFFFFFFFFBC
:1064F000FFFFFFFFFFFFFFFFFFFFFFFFFFFFFFFFAC
:10650000FFFFFFFFFFFFFFFFFFFFFFFFFFFFFFFF9B
:10651000FFFFFFFFFFFFFFFFFFFFFFFFFFFFFFFF8B
:10652000FFFFFFFFFFFFFFFFFFFFFFFFFFFFFFFF7B
:10653000FFFFFFFFFFFFFFFFFFFFFFFFFFFFFFFF6B
:10654000FFFFFFFFFFFFFFFFFFFFFFFFFFFFFFFF5B
:10655000FFFFFFFFFFFFFFFFFFFFFFFFFFFFFFFF4B
:10656000FFFFFFFFFFFFFFFFFFFFFFFFFFFFFFFF3B
:10657000FFFFFFFFFFFFFFFFFFFFFFFFFFFFFFFF2B
:10658000FFFFFFFFFFFFFFFFFFFFFFFFFFFFFFFF1B
:10659000FFFFFFFFFFFFFFFFFFFFFFFFFFFFFFFF0B
:1065A000FFFFFFFFFFFFFFFFFFFFFFFFFFFFFFFFFB
:1065B000FFFFFFFFFFFFFFFFFFFFFFFFFFFFFFFFEB
:1065C000FFFFFFFFFFFFFFFFFFFFFFFFFFFFFFFFDB
:1065D000FFFFFFFFFFFFFFFFFFFFFFFFFFFFFFFFCB
:1065E000FFFFFFFFFFFFFFFFFFFFFFFFFFFFFFFFBB
:1065F000FFFFFFFFFFFFFFFFFFFFFFFFFFFFFFFFAB
:10660000FFFFFFFFFFFFFFFFFFFFFFFFFFFFFFFF9A
:10661000FFFFFFFFFFFFFFFFFFFFFFFFFFFFFFFF8A
:10662000FFFFFFFFFFFFFFFFFFFFFFFFFFFFFFFF7A
:10663000FFFFFFFFFFFFFFFFFFFFFFFFFFFFFFFF6A
:10664000FFFFFFFFFFFFFFFFFFFFFFFFFFFFFFFF5A
:10665000FFFFFFFFFFFFFFFFFFFFFFFFFFFFFFFF4A
:10666000FFFFFFFFFFFFFFFFFFFFFFFFFFFFFFFF3A
:10667000FFFFFFFFFFFFFFFFFFFFFFFFFFFFFFFF2A
:10668000FFFFFFFFFFFFFFFFFFFFFFFFFFFFFFFF1A
:10669000FFFFFFFFFFFFFFFFFFFFFFFFFFFFFFFF0A
:1066A000FFFFFFFFFFFFFFFFFFFFFFFFFFFFFFFFFA
:1066B000FFFFFFFFFFFFFFFFFFFFFFFFFFFFFFFFEA
:1066C000FFFFFFFFFFFFFFFFFFFFFFFFFFFFFFFFDA
:1066D000FFFFFFFFFFFFFFFFFFFFFFFFFFFFFFFFCA
:1066E000FFFFFFFFFFFFFFFFFFFFFFFFFFFFFFFFBA
:1066F000FFFFFFFFFFFFFFFFFFFFFFFFFFFFFFFFAA
:10670000FFFFFFFFFFFFFFFFFFFFFFFFFFFFFFFF99
:10671000FFFFFFFFFFFFFFFFFFFFFFFFFFFFFFFF89
:10672000FFFFFFFFFFFFFFFFFFFFFFFFFFFFFFFF79
:10673000FFFFFFFFFFFFFFFFFFFFFFFFFFFFFFFF69
:10674000FFFFFFFFFFFFFFFFFFFFFFFFFFFFFFFF59
:10675000FFFFFFFFFFFFFFFFFFFFFFFFFFFFFFFF49
:10676000FFFFFFFFFFFFFFFFFFFFFFFFFFFFFFFF39
:10677000FFFFFFFFFFFFFFFFFFFFFFFFFFFFFFFF29
:10678000FFFFFFFFFFFFFFFFFFFFFFFFFFFFFFFF19
:10679000FFFFFFFFFFFFFFFFFFFFFFFFFFFFFFFF09
:1067A000FFFFFFFFFFFFFFFFFFFFFFFFFFFFFFFFF9
:1067B000FFFFFFFFFFFFFFFFFFFFFFFFFFFFFFFFE9
:1067C000FFFFFFFFFFFFFFFFFFFFFFFFFFFFFFFFD9
:1067D000FFFFFFFFFFFFFFFFFFFFFFFFFFFFFFFFC9
:1067E000FFFFFFFFFFFFFFFFFFFFFFFFFFFFFFFFB9
:1067F000FFFFFFFFFFFFFFFFFFFFFFFFFFFFFFFFA9
:10680000FFFFFFFFFFFFFFFFFFFFFFFFFFFFFFFF98
:10681000FFFFFFFFFFFFFFFFFFFFFFFFFFFFFFFF88
:10682000FFFFFFFFFFFFFFFFFFFFFFFFFFFFFFFF78
:10683000FFFFFFFFFFFFFFFFFFFFFFFFFFFFFFFF68
:10684000FFFFFFFFFFFFFFFFFFFFFFFFFFFFFFFF58
:10685000FFFFFFFFFFFFFFFFFFFFFFFFFFFFFFFF48
:10686000FFFFFFFFFFFFFFFFFFFFFFFFFFFFFFFF38
:10687000FFFFFFFFFFFFFFFFFFFFFFFFFFFFFFFF28
:10688000FFFFFFFFFFFFFFFFFFFFFFFFFFFFFFFF18
:10689000FFFFFFFFFFFFFFFFFFFFFFFFFFFFFFFF08
:1068A000FFFFFFFFFFFFFFFFFFFFFFFFFFFFFFFFF8
:1068B000FFFFFFFFFFFFFFFFFFFFFFFFFFFFFFFFE8
:1068C000FFFFFFFFFFFFFFFFFFFFFFFFFFFFFFFFD8
:1068D000FFFFFFFFFFFFFFFFFFFFFFFFFFFFFFFFC8
:1068E000FFFFFFFFFFFFFFFFFFFFFFFFFFFFFFFFB8
:1068F000FFFFFFFFFFFFFFFFFFFFFFFFFFFFFFFFA8
:10690000FFFFFFFFFFFFFFFFFFFFFFFFFFFFFFFF97
:10691000FFFFFFFFFFFFFFFFFFFFFFFFFFFFFFFF87
:10692000FFFFFFFFFFFFFFFFFFFFFFFFFFFFFFFF77
:10693000FFFFFFFFFFFFFFFFFFFFFFFFFFFFFFFF67
:10694000FFFFFFFFFFFFFFFFFFFFFFFFFFFFFFFF57
:10695000FFFFFFFFFFFFFFFFFFFFFFFFFFFFFFFF47
:10696000FFFFFFFFFFFFFFFFFFFFFFFFFFFFFFFF37
:10697000FFFFFFFFFFFFFFFFFFFFFFFFFFFFFFFF27
:10698000FFFFFFFFFFFFFFFFFFFFFFFFFFFFFFFF17
:10699000FFFFFFFFFFFFFFFFFFFFFFFFFFFFFFFF07
:1069A000FFFFFFFFFFFFFFFFFFFFFFFFFFFFFFFFF7
:1069B000FFFFFFFFFFFFFFFFFFFFFFFFFFFFFFFFE7
:1069C000FFFFFFFFFFFFFFFFFFFFFFFFFFFFFFFFD7
:1069D000FFFFFFFFFFFFFFFFFFFFFFFFFFFFFFFFC7
:1069E000FFFFFFFFFFFFFFFFFFFFFFFFFFFFFFFFB7
:1069F000FFFFFFFFFFFFFFFFFFFFFFFFFFFFFFFFA7
:106A0000FFFFFFFFFFFFFFFFFFFFFFFFFFFFFFFF96
:106A1000FFFFFFFFFFFFFFFFFFFFFFFFFFFFFFFF86
:106A2000FFFFFFFFFFFFFFFFFFFFFFFFFFFFFFFF76
:106A3000FFFFFFFFFFFFFFFFFFFFFFFFFFFFFFFF66
:106A4000FFFFFFFFFFFFFFFFFFFFFFFFFFFFFFFF56
:106A5000FFFFFFFFFFFFFFFFFFFFFFFFFFFFFFFF46
:106A6000FFFFFFFFFFFFFFFFFFFFFFFFFFFFFFFF36
:106A7000FFFFFFFFFFFFFFFFFFFFFFFFFFFFFFFF26
:106A8000FFFFFFFFFFFFFFFFFFFFFFFFFFFFFFFF16
:106A9000FFFFFFFFFFFFFFFFFFFFFFFFFFFFFFFF06
:106AA000FFFFFFFFFFFFFFFFFFFFFFFFFFFFFFFFF6
:106AB000FFFFFFFFFFFFFFFFFFFFFFFFFFFFFFFFE6
:106AC000FFFFFFFFFFFFFFFFFFFFFFFFFFFFFFFFD6
:106AD000FFFFFFFFFFFFFFFFFFFFFFFFFFFFFFFFC6
:106AE000FFFFFFFFFFFFFFFFFFFFFFFFFFFFFFFFB6
:106AF000FFFFFFFFFFFFFFFFFFFFFFFFFFFFFFFFA6
:106B0000FFFFFFFFFFFFFFFFFFFFFFFFFFFFFFFF95
:106B1000FFFFFFFFFFFFFFFFFFFFFFFFFFFFFFFF85
:106B2000FFFFFFFFFFFFFFFFFFFFFFFFFFFFFFFF75
:106B3000FFFFFFFFFFFFFFFFFFFFFFFFFFFFFFFF65
:106B4000FFFFFFFFFFFFFFFFFFFFFFFFFFFFFFFF55
:106B5000FFFFFFFFFFFFFFFFFFFFFFFFFFFFFFFF45
:106B6000FFFFFFFFFFFFFFFFFFFFFFFFFFFFFFFF35
:106B7000FFFFFFFFFFFFFFFFFFFFFFFFFFFFFFFF25
:106B8000FFFFFFFFFFFFFFFFFFFFFFFFFFFFFFFF15
:106B9000FFFFFFFFFFFFFFFFFFFFFFFFFFFFFFFF05
:106BA000FFFFFFFFFFFFFFFFFFFFFFFFFFFFFFFFF5
:106BB000FFFFFFFFFFFFFFFFFFFFFFFFFFFFFFFFE5
:106BC000FFFFFFFFFFFFFFFFFFFFFFFFFFFFFFFFD5
:106BD000FFFFFFFFFFFFFFFFFFFFFFFFFFFFFFFFC5
:106BE000FFFFFFFFFFFFFFFFFFFFFFFFFFFFFFFFB5
:106BF000FFFFFFFFFFFFFFFFFFFFFFFFFFFFFFFFA5
:106C0000FFFFFFFFFFFFFFFFFFFFFFFFFFFFFFFF94
:106C1000FFFFFFFFFFFFFFFFFFFFFFFFFFFFFFFF84
:106C2000FFFFFFFFFFFFFFFFFFFFFFFFFFFFFFFF74
:106C3000FFFFFFFFFFFFFFFFFFFFFFFFFFFFFFFF64
:106C4000FFFFFFFFFFFFFFFFFFFFFFFFFFFFFFFF54
:106C5000FFFFFFFFFFFFFFFFFFFFFFFFFFFFFFFF44
:106C6000FFFFFFFFFFFFFFFFFFFFFFFFFFFFFFFF34
:106C7000FFFFFFFFFFFFFFFFFFFFFFFFFFFFFFFF24
:106C8000FFFFFFFFFFFFFFFFFFFFFFFFFFFFFFFF14
:106C9000FFFFFFFFFFFFFFFFFFFFFFFFFFFFFFFF04
:106CA000FFFFFFFFFFFFFFFFFFFFFFFFFFFFFFFFF4
:106CB000FFFFFFFFFFFFFFFFFFFFFFFFFFFFFFFFE4
:106CC000FFFFFFFFFFFFFFFFFFFFFFFFFFFFFFFFD4
:106CD000FFFFFFFFFFFFFFFFFFFFFFFFFFFFFFFFC4
:106CE000FFFFFFFFFFFFFFFFFFFFFFFFFFFFFFFFB4
:106CF000FFFFFFFFFFFFFFFFFFFFFFFFFFFFFFFFA4
:106D0000FFFFFFFFFFFFFFFFFFFFFFFFFFFFFFFF93
:106D1000FFFFFFFFFFFFFFFFFFFFFFFFFFFFFFFF83
:106D2000FFFFFFFFFFFFFFFFFFFFFFFFFFFFFFFF73
:106D3000FFFFFFFFFFFFFFFFFFFFFFFFFFFFFFFF63
:106D4000FFFFFFFFFFFFFFFFFFFFFFFFFFFFFFFF53
:106D5000FFFFFFFFFFFFFFFFFFFFFFFFFFFFFFFF43
:106D6000FFFFFFFFFFFFFFFFFFFFFFFFFFFFFFFF33
:106D7000FFFFFFFFFFFFFFFFFFFFFFFFFFFFFFFF23
:106D8000FFFFFFFFFFFFFFFFFFFFFFFFFFFFFFFF13
:106D9000FFFFFFFFFFFFFFFFFFFFFFFFFFFFFFFF03
:106DA000FFFFFFFFFFFFFFFFFFFFFFFFFFFFFFFFF3
:106DB000FFFFFFFFFFFFFFFFFFFFFFFFFFFFFFFFE3
:106DC000FFFFFFFFFFFFFFFFFFFFFFFFFFFFFFFFD3
:106DD000FFFFFFFFFFFFFFFFFFFFFFFFFFFFFFFFC3
:106DE000FFFFFFFFFFFFFFFFFFFFFFFFFFFFFFFFB3
:106DF000FFFFFFFFFFFFFFFFFFFFFFFFFFFFFFFFA3
:106E0000FFFFFFFFFFFFFFFFFFFFFFFFFFFFFFFF92
:106E1000FFFFFFFFFFFFFFFFFFFFFFFFFFFFFFFF82
:106E2000FFFFFFFFFFFFFFFFFFFFFFFFFFFFFFFF72
:106E3000FFFFFFFFFFFFFFFFFFFFFFFFFFFFFFFF62
:106E4000FFFFFFFFFFFFFFFFFFFFFFFFFFFFFFFF52
:106E5000FFFFFFFFFFFFFFFFFFFFFFFFFFFFFFFF42
:106E6000FFFFFFFFFFFFFFFFFFFFFFFFFFFFFFFF32
:106E7000FFFFFFFFFFFFFFFFFFFFFFFFFFFFFFFF22
:106E8000FFFFFFFFFFFFFFFFFFFFFFFFFFFFFFFF12
:106E9000FFFFFFFFFFFFFFFFFFFFFFFFFFFFFFFF02
:106EA000FFFFFFFFFFFFFFFFFFFFFFFFFFFFFFFFF2
:106EB000FFFFFFFFFFFFFFFFFFFFFFFFFFFFFFFFE2
:106EC000FFFFFFFFFFFFFFFFFFFFFFFFFFFFFFFFD2
:106ED000FFFFFFFFFFFFFFFFFFFFFFFFFFFFFFFFC2
:106EE000FFFFFFFFFFFFFFFFFFFFFFFFFFFFFFFFB2
:106EF000FFFFFFFFFFFFFFFFFFFFFFFFFFFFFFFFA2
:106F0000FFFFFFFFFFFFFFFFFFFFFFFFFFFFFFFF91
:106F1000FFFFFFFFFFFFFFFFFFFFFFFFFFFFFFFF81
:106F2000FFFFFFFFFFFFFFFFFFFFFFFFFFFFFFFF71
:106F3000FFFFFFFFFFFFFFFFFFFFFFFFFFFFFFFF61
:106F4000FFFFFFFFFFFFFFFFFFFFFFFFFFFFFFFF51
:106F5000FFFFFFFFFFFFFFFFFFFFFFFFFFFFFFFF41
:106F6000FFFFFFFFFFFFFFFFFFFFFFFFFFFFFFFF31
:106F7000FFFFFFFFFFFFFFFFFFFFFFFFFFFFFFFF21
:106F8000FFFFFFFFFFFFFFFFFFFFFFFFFFFFFFFF11
:106F9000FFFFFFFFFFFFFFFFFFFFFFFFFFFFFFFF01
:106FA000FFFFFFFFFFFFFFFFFFFFFFFFFFFFFFFFF1
:106FB000FFFFFFFFFFFFFFFFFFFFFFFFFFFFFFFFE1
:106FC000FFFFFFFFFFFFFFFFFFFFFFFFFFFFFFFFD1
:106FD000FFFFFFFFFFFFFFFFFFFFFFFFFFFFFFFFC1
:106FE000FFFFFFFFFFFFFFFFFFFFFFFFFFFFFFFFB1
:106FF000FFFFFFFFFFFFFFFFFFFFFFFFFFFFFFFFA1
:10700000FFFFFFFFFFFFFFFFFFFFFFFFFFFFFFFF90
:10701000FFFFFFFFFFFFFFFFFFFFFFFFFFFFFFFF80
:10702000FFFFFFFFFFFFFFFFFFFFFFFFFFFFFFFF70
:10703000FFFFFFFFFFFFFFFFFFFFFFFFFFFFFFFF60
:10704000FFFFFFFFFFFFFFFFFFFFFFFFFFFFFFFF50
:10705000FFFFFFFFFFFFFFFFFFFFFFFFFFFFFFFF40
:10706000FFFFFFFFFFFFFFFFFFFFFFFFFFFFFFFF30
:10707000FFFFFFFFFFFFFFFFFFFFFFFFFFFFFFFF20
:10708000FFFFFFFFFFFFFFFFFFFFFFFFFFFFFFFF10
:10709000FFFFFFFFFFFFFFFFFFFFFFFFFFFFFFFF00
:1070A000FFFFFFFFFFFFFFFFFFFFFFFFFFFFFFFFF0
:1070B000FFFFFFFFFFFFFFFFFFFFFFFFFFFFFFFFE0
:1070C000FFFFFFFFFFFFFFFFFFFFFFFFFFFFFFFFD0
:1070D000FFFFFFFFFFFFFFFFFFFFFFFFFFFFFFFFC0
:1070E000FFFFFFFFFFFFFFFFFFFFFFFFFFFFFFFFB0
:1070F000FFFFFFFFFFFFFFFFFFFFFFFFFFFFFFFFA0
:10710000FFFFFFFFFFFFFFFFFFFFFFFFFFFFFFFF8F
:10711000FFFFFFFFFFFFFFFFFFFFFFFFFFFFFFFF7F
:10712000FFFFFFFFFFFFFFFFFFFFFFFFFFFFFFFF6F
:10713000FFFFFFFFFFFFFFFFFFFFFFFFFFFFFFFF5F
:10714000FFFFFFFFFFFFFFFFFFFFFFFFFFFFFFFF4F
:10715000FFFFFFFFFFFFFFFFFFFFFFFFFFFFFFFF3F
:10716000FFFFFFFFFFFFFFFFFFFFFFFFFFFFFFFF2F
:10717000FFFFFFFFFFFFFFFFFFFFFFFFFFFFFFFF1F
:10718000FFFFFFFFFFFFFFFFFFFFFFFFFFFFFFFF0F
:10719000FFFFFFFFFFFFFFFFFFFFFFFFFFFFFFFFFF
:1071A000FFFFFFFFFFFFFFFFFFFFFFFFFFFFFFFFEF
:1071B000FFFFFFFFFFFFFFFFFFFFFFFFFFFFFFFFDF
:1071C000FFFFFFFFFFFFFFFFFFFFFFFFFFFFFFFFCF
:1071D000FFFFFFFFFFFFFFFFFFFFFFFFFFFFFFFFBF
:1071E000FFFFFFFFFFFFFFFFFFFFFFFFFFFFFFFFAF
:1071F000FFFFFFFFFFFFFFFFFFFFFFFFFFFFFFFF9F
:10720000FFFFFFFFFFFFFFFFFFFFFFFFFFFFFFFF8E
:10721000FFFFFFFFFFFFFFFFFFFFFFFFFFFFFFFF7E
:10722000FFFFFFFFFFFFFFFFFFFFFFFFFFFFFFFF6E
:10723000FFFFFFFFFFFFFFFFFFFFFFFFFFFFFFFF5E
:10724000FFFFFFFFFFFFFFFFFFFFFFFFFFFFFFFF4E
:10725000FFFFFFFFFFFFFFFFFFFFFFFFFFFFFFFF3E
:10726000FFFFFFFFFFFFFFFFFFFFFFFFFFFFFFFF2E
:10727000FFFFFFFFFFFFFFFFFFFFFFFFFFFFFFFF1E
:10728000FFFFFFFFFFFFFFFFFFFFFFFFFFFFFFFF0E
:10729000FFFFFFFFFFFFFFFFFFFFFFFFFFFFFFFFFE
:1072A000FFFFFFFFFFFFFFFFFFFFFFFFFFFFFFFFEE
:1072B000FFFFFFFFFFFFFFFFFFFFFFFFFFFFFFFFDE
:1072C000FFFFFFFFFFFFFFFFFFFFFFFFFFFFFFFFCE
:1072D000FFFFFFFFFFFFFFFFFFFFFFFFFFFFFFFFBE
:1072E000FFFFFFFFFFFFFFFFFFFFFFFFFFFFFFFFAE
:1072F000FFFFFFFFFFFFFFFFFFFFFFFFFFFFFFFF9E
:10730000FFFFFFFFFFFFFFFFFFFFFFFFFFFFFFFF8D
:10731000FFFFFFFFFFFFFFFFFFFFFFFFFFFFFFFF7D
:10732000FFFFFFFFFFFFFFFFFFFFFFFFFFFFFFFF6D
:10733000FFFFFFFFFFFFFFFFFFFFFFFFFFFFFFFF5D
:10734000FFFFFFFFFFFFFFFFFFFFFFFFFFFFFFFF4D
:10735000FFFFFFFFFFFFFFFFFFFFFFFFFFFFFFFF3D
:10736000FFFFFFFFFFFFFFFFFFFFFFFFFFFFFFFF2D
:10737000FFFFFFFFFFFFFFFFFFFFFFFFFFFFFFFF1D
:10738000FFFFFFFFFFFFFFFFFFFFFFFFFFFFFFFF0D
:10739000FFFFFFFFFFFFFFFFFFFFFFFFFFFFFFFFFD
:1073A000FFFFFFFFFFFFFFFFFFFFFFFFFFFFFFFFED
:1073B000FFFFFFFFFFFFFFFFFFFFFFFFFFFFFFFFDD
:1073C000FFFFFFFFFFFFFFFFFFFFFFFFFFFFFFFFCD
:1073D000FFFFFFFFFFFFFFFFFFFFFFFFFFFFFFFFBD
:1073E000FFFFFFFFFFFFFFFFFFFFFFFFFFFFFFFFAD
:1073F000FFFFFFFFFFFFFFFFFFFFFFFFFFFFFFFF9D
:10740000FFFFFFFFFFFFFFFFFFFFFFFFFFFFFFFF8C
:10741000FFFFFFFFFFFFFFFFFFFFFFFFFFFFFFFF7C
:10742000FFFFFFFFFFFFFFFFFFFFFFFFFFFFFFFF6C
:10743000FFFFFFFFFFFFFFFFFFFFFFFFFFFFFFFF5C
:10744000FFFFFFFFFFFFFFFFFFFFFFFFFFFFFFFF4C
:10745000FFFFFFFFFFFFFFFFFFFFFFFFFFFFFFFF3C
:10746000FFFFFFFFFFFFFFFFFFFFFFFFFFFFFFFF2C
:10747000FFFFFFFFFFFFFFFFFFFFFFFFFFFFFFFF1C
:10748000FFFFFFFFFFFFFFFFFFFFFFFFFFFFFFFF0C
:10749000FFFFFFFFFFFFFFFFFFFFFFFFFFFFFFFFFC
:1074A000FFFFFFFFFFFFFFFFFFFFFFFFFFFFFFFFEC
:1074B000FFFFFFFFFFFFFFFFFFFFFFFFFFFFFFFFDC
:1074C000FFFFFFFFFFFFFFFFFFFFFFFFFFFFFFFFCC
:1074D000FFFFFFFFFFFFFFFFFFFFFFFFFFFFFFFFBC
:1074E000FFFFFFFFFFFFFFFFFFFFFFFFFFFFFFFFAC
:1074F000FFFFFFFFFFFFFFFFFFFFFFFFFFFFFFFF9C
:10750000FFFFFFFFFFFFFFFFFFFFFFFFFFFFFFFF8B
:10751000FFFFFFFFFFFFFFFFFFFFFFFFFFFFFFFF7B
:10752000FFFFFFFFFFFFFFFFFFFFFFFFFFFFFFFF6B
:10753000FFFFFFFFFFFFFFFFFFFFFFFFFFFFFFFF5B
:10754000FFFFFFFFFFFFFFFFFFFFFFFFFFFFFFFF4B
:10755000FFFFFFFFFFFFFFFFFFFFFFFFFFFFFFFF3B
:10756000FFFFFFFFFFFFFFFFFFFFFFFFFFFFFFFF2B
:10757000FFFFFFFFFFFFFFFFFFFFFFFFFFFFFFFF1B
:10758000FFFFFFFFFFFFFFFFFFFFFFFFFFFFFFFF0B
:10759000FFFFFFFFFFFFFFFFFFFFFFFFFFFFFFFFFB
:1075A000FFFFFFFFFFFFFFFFFFFFFFFFFFFFFFFFEB
:1075B000FFFFFFFFFFFFFFFFFFFFFFFFFFFFFFFFDB
:1075C000FFFFFFFFFFFFFFFFFFFFFFFFFFFFFFFFCB
:1075D000FFFFFFFFFFFFFFFFFFFFFFFFFFFFFFFFBB
:1075E000FFFFFFFFFFFFFFFFFFFFFFFFFFFFFFFFAB
:1075F000FFFFFFFFFFFFFFFFFFFFFFFFFFFFFFFF9B
:10760000FFFFFFFFFFFFFFFFFFFFFFFFFFFFFFFF8A
:10761000FFFFFFFFFFFFFFFFFFFFFFFFFFFFFFFF7A
:10762000FFFFFFFFFFFFFFFFFFFFFFFFFFFFFFFF6A
:10763000FFFFFFFFFFFFFFFFFFFFFFFFFFFFFFFF5A
:10764000FFFFFFFFFFFFFFFFFFFFFFFFFFFFFFFF4A
:10765000FFFFFFFFFFFFFFFFFFFFFFFFFFFFFFFF3A
:10766000FFFFFFFFFFFFFFFFFFFFFFFFFFFFFFFF2A
:10767000FFFFFFFFFFFFFFFFFFFFFFFFFFFFFFFF1A
:10768000FFFFFFFFFFFFFFFFFFFFFFFFFFFFFFFF0A
:10769000FFFFFFFFFFFFFFFFFFFFFFFFFFFFFFFFFA
:1076A000FFFFFFFFFFFFFFFFFFFFFFFFFFFFFFFFEA
:1076B000FFFFFFFFFFFFFFFFFFFFFFFFFFFFFFFFDA
:1076C000FFFFFFFFFFFFFFFFFFFFFFFFFFFFFFFFCA
:1076D000FFFFFFFFFFFFFFFFFFFFFFFFFFFFFFFFBA
:1076E000FFFFFFFFFFFFFFFFFFFFFFFFFFFFFFFFAA
:1076F000FFFFFFFFFFFFFFFFFFFFFFFFFFFFFFFF9A
:10770000FFFFFFFFFFFFFFFFFFFFFFFFFFFFFFFF89
:10771000FFFFFFFFFFFFFFFFFFFFFFFFFFFFFFFF79
:10772000FFFFFFFFFFFFFFFFFFFFFFFFFFFFFFFF69
:10773000FFFFFFFFFFFFFFFFFFFFFFFFFFFFFFFF59
:10774000FFFFFFFFFFFFFFFFFFFFFFFFFFFFFFFF49
:10775000FFFFFFFFFFFFFFFFFFFFFFFFFFFFFFFF39
:10776000FFFFFFFFFFFFFFFFFFFFFFFFFFFFFFFF29
:10777000FFFFFFFFFFFFFFFFFFFFFFFFFFFFFFFF19
:10778000FFFFFFFFFFFFFFFFFFFFFFFFFFFFFFFF09
:10779000FFFFFFFFFFFFFFFFFFFFFFFFFFFFFFFFF9
:1077A000FFFFFFFFFFFFFFFFFFFFFFFFFFFFFFFFE9
:1077B000FFFFFFFFFFFFFFFFFFFFFFFFFFFFFFFFD9
:1077C000FFFFFFFFFFFFFFFFFFFFFFFFFFFFFFFFC9
:1077D000FFFFFFFFFFFFFFFFFFFFFFFFFFFFFFFFB9
:1077E000FFFFFFFFFFFFFFFFFFFFFFFFFFFFFFFFA9
:1077F000FFFFFFFFFFFFFFFFFFFFFFFFFFFFFFFF99
:10780000FFFFFFFFFFFFFFFFFFFFFFFFFFFFFFFF88
:10781000FFFFFFFFFFFFFFFFFFFFFFFFFFFFFFFF78
:10782000FFFFFFFFFFFFFFFFFFFFFFFFFFFFFFFF68
:10783000FFFFFFFFFFFFFFFFFFFFFFFFFFFFFFFF58
:10784000FFFFFFFFFFFFFFFFFFFFFFFFFFFFFFFF48
:10785000FFFFFFFFFFFFFFFFFFFFFFFFFFFFFFFF38
:10786000FFFFFFFFFFFFFFFFFFFFFFFFFFFFFFFF28
:10787000FFFFFFFFFFFFFFFFFFFFFFFFFFFFFFFF18
:10788000FFFFFFFFFFFFFFFFFFFFFFFFFFFFFFFF08
:10789000FFFFFFFFFFFFFFFFFFFFFFFFFFFFFFFFF8
:1078A000FFFFFFFFFFFFFFFFFFFFFFFFFFFFFFFFE8
:1078B000FFFFFFFFFFFFFFFFFFFFFFFFFFFFFFFFD8
:1078C000FFFFFFFFFFFFFFFFFFFFFFFFFFFFFFFFC8
:1078D000FFFFFFFFFFFFFFFFFFFFFFFFFFFFFFFFB8
:1078E000FFFFFFFFFFFFFFFFFFFFFFFFFFFFFFFFA8
:1078F000FFFFFFFFFFFFFFFFFFFFFFFFFFFFFFFF98
:10790000FFFFFFFFFFFFFFFFFFFFFFFFFFFFFFFF87
:10791000FFFFFFFFFFFFFFFFFFFFFFFFFFFFFFFF77
:10792000FFFFFFFFFFFFFFFFFFFFFFFFFFFFFFFF67
:10793000FFFFFFFFFFFFFFFFFFFFFFFFFFFFFFFF57
:10794000FFFFFFFFFFFFFFFFFFFFFFFFFFFFFFFF47
:10795000FFFFFFFFFFFFFFFFFFFFFFFFFFFFFFFF37
:10796000FFFFFFFFFFFFFFFFFFFFFFFFFFFFFFFF27
:10797000FFFFFFFFFFFFFFFFFFFFFFFFFFFFFFFF17
:10798000FFFFFFFFFFFFFFFFFFFFFFFFFFFFFFFF07
:10799000FFFFFFFFFFFFFFFFFFFFFFFFFFFFFFFFF7
:1079A000FFFFFFFFFFFFFFFFFFFFFFFFFFFFFFFFE7
:1079B000FFFFFFFFFFFFFFFFFFFFFFFFFFFFFFFFD7
:1079C000FFFFFFFFFFFFFFFFFFFFFFFFFFFFFFFFC7
:1079D000FFFFFFFFFFFFFFFFFFFFFFFFFFFFFFFFB7
:1079E000FFFFFFFFFFFFFFFFFFFFFFFFFFFFFFFFA7
:1079F000FFFFFFFFFFFFFFFFFFFFFFFFFFFFFFFF97
:107A0000FFFFFFFFFFFFFFFFFFFFFFFFFFFFFFFF86
:107A1000FFFFFFFFFFFFFFFFFFFFFFFFFFFFFFFF76
:107A2000FFFFFFFFFFFFFFFFFFFFFFFFFFFFFFFF66
:107A3000FFFFFFFFFFFFFFFFFFFFFFFFFFFFFFFF56
:107A4000FFFFFFFFFFFFFFFFFFFFFFFFFFFFFFFF46
:107A5000FFFFFFFFFFFFFFFFFFFFFFFFFFFFFFFF36
:107A6000FFFFFFFFFFFFFFFFFFFFFFFFFFFFFFFF26
:107A7000FFFFFFFFFFFFFFFFFFFFFFFFFFFFFFFF16
:107A8000FFFFFFFFFFFFFFFFFFFFFFFFFFFFFFFF06
:107A9000FFFFFFFFFFFFFFFFFFFFFFFFFFFFFFFFF6
:107AA000FFFFFFFFFFFFFFFFFFFFFFFFFFFFFFFFE6
:107AB000FFFFFFFFFFFFFFFFFFFFFFFFFFFFFFFFD6
:107AC000FFFFFFFFFFFFFFFFFFFFFFFFFFFFFFFFC6
:107AD000FFFFFFFFFFFFFFFFFFFFFFFFFFFFFFFFB6
:107AE000FFFFFFFFFFFFFFFFFFFFFFFFFFFFFFFFA6
:107AF000FFFFFFFFFFFFFFFFFFFFFFFFFFFFFFFF96
:107B0000FFFFFFFFFFFFFFFFFFFFFFFFFFFFFFFF85
:107B1000FFFFFFFFFFFFFFFFFFFFFFFFFFFFFFFF75
:107B2000FFFFFFFFFFFFFFFFFFFFFFFFFFFFFFFF65
:107B3000FFFFFFFFFFFFFFFFFFFFFFFFFFFFFFFF55
:107B4000FFFFFFFFFFFFFFFFFFFFFFFFFFFFFFFF45
:107B5000FFFFFFFFFFFFFFFFFFFFFFFFFFFFFFFF35
:107B6000FFFFFFFFFFFFFFFFFFFFFFFFFFFFFFFF25
:107B7000FFFFFFFFFFFFFFFFFFFFFFFFFFFFFFFF15
:107B8000FFFFFFFFFFFFFFFFFFFFFFFFFFFFFFFF05
:107B9000FFFFFFFFFFFFFFFFFFFFFFFFFFFFFFFFF5
:107BA000FFFFFFFFFFFFFFFFFFFFFFFFFFFFFFFFE5
:107BB000FFFFFFFFFFFFFFFFFFFFFFFFFFFFFFFFD5
:107BC000FFFFFFFFFFFFFFFFFFFFFFFFFFFFFFFFC5
:107BD000FFFFFFFFFFFFFFFFFFFFFFFFFFFFFFFFB5
:107BE000FFFFFFFFFFFFFFFFFFFFFFFFFFFFFFFFA5
:107BF000FFFFFFFFFFFFFFFFFFFFFFFFFFFFFFFF95
:107C0000FFFFFFFFFFFFFFFFFFFFFFFFFFFFFFFF84
:107C1000FFFFFFFFFFFFFFFFFFFFFFFFFFFFFFFF74
:107C2000FFFFFFFFFFFFFFFFFFFFFFFFFFFFFFFF64
:107C3000FFFFFFFFFFFFFFFFFFFFFFFFFFFFFFFF54
:107C4000FFFFFFFFFFFFFFFFFFFFFFFFFFFFFFFF44
:107C5000FFFFFFFFFFFFFFFFFFFFFFFFFFFFFFFF34
:107C6000FFFFFFFFFFFFFFFFFFFFFFFFFFFFFFFF24
:107C7000FFFFFFFFFFFFFFFFFFFFFFFFFFFFFFFF14
:107C8000FFFFFFFFFFFFFFFFFFFFFFFFFFFFFFFF04
:107C9000FFFFFFFFFFFFFFFFFFFFFFFFFFFFFFFFF4
:107CA000FFFFFFFFFFFFFFFFFFFFFFFFFFFFFFFFE4
:107CB000FFFFFFFFFFFFFFFFFFFFFFFFFFFFFFFFD4
:107CC000FFFFFFFFFFFFFFFFFFFFFFFFFFFFFFFFC4
:107CD000FFFFFFFFFFFFFFFFFFFFFFFFFFFFFFFFB4
:107CE000FFFFFFFFFFFFFFFFFFFFFFFFFFFFFFFFA4
:107CF000FFFFFFFFFFFFFFFFFFFFFFFFFFFFFFFF94
:107D0000FFFFFFFFFFFFFFFFFFFFFFFFFFFFFFFF83
:107D1000FFFFFFFFFFFFFFFFFFFFFFFFFFFFFFFF73
:107D2000FFFFFFFFFFFFFFFFFFFFFFFFFFFFFFFF63
:107D3000FFFFFFFFFFFFFFFFFFFFFFFFFFFFFFFF53
:107D4000FFFFFFFFFFFFFFFFFFFFFFFFFFFFFFFF43
:107D5000FFFFFFFFFFFFFFFFFFFFFFFFFFFFFFFF33
:107D6000FFFFFFFFFFFFFFFFFFFFFFFFFFFFFFFF23
:107D7000FFFFFFFFFFFFFFFFFFFFFFFFFFFFFFFF13
:107D8000FFFFFFFFFFFFFFFFFFFFFFFFFFFFFFFF03
:107D9000FFFFFFFFFFFFFFFFFFFFFFFFFFFFFFFFF3
:107DA000FFFFFFFFFFFFFFFFFFFFFFFFFFFFFFFFE3
:107DB000FFFFFFFFFFFFFFFFFFFFFFFFFFFFFFFFD3
:107DC000FFFFFFFFFFFFFFFFFFFFFFFFFFFFFFFFC3
:107DD000FFFFFFFFFFFFFFFFFFFFFFFFFFFFFFFFB3
:107DE000FFFFFFFFFFFFFFFFFFFFFFFFFFFFFFFFA3
:107DF000FFFFFFFFFFFFFFFFFFFFFFFFFFFFFFFF93
:107E0000FFFFFFFFFFFFFFFFFFFFFFFFFFFFFFFF82
:107E1000FFFFFFFFFFFFFFFFFFFFFFFFFFFFFFFF72
:107E2000FFFFFFFFFFFFFFFFFFFFFFFFFFFFFFFF62
:107E3000FFFFFFFFFFFFFFFFFFFFFFFFFFFFFFFF52
:107E4000FFFFFFFFFFFFFFFFFFFFFFFFFFFFFFFF42
:107E5000FFFFFFFFFFFFFFFFFFFFFFFFFFFFFFFF32
:107E6000FFFFFFFFFFFFFFFFFFFFFFFFFFFFFFFF22
:107E7000FFFFFFFFFFFFFFFFFFFFFFFFFFFFFFFF12
:107E8000FFFFFFFFFFFFFFFFFFFFFFFFFFFFFFFF02
:107E9000FFFFFFFFFFFFFFFFFFFFFFFFFFFFFFFFF2
:107EA000FFFFFFFFFFFFFFFFFFFFFFFFFFFFFFFFE2
:107EB000FFFFFFFFFFFFFFFFFFFFFFFFFFFFFFFFD2
:107EC000FFFFFFFFFFFFFFFFFFFFFFFFFFFFFFFFC2
:107ED000FFFFFFFFFFFFFFFFFFFFFFFFFFFFFFFFB2
:107EE000FFFFFFFFFFFFFFFFFFFFFFFFFFFFFFFFA2
:107EF000FFFFFFFFFFFFFFFFFFFFFFFFFFFFFFFF92
:107F0000FFFFFFFFFFFFFFFFFFFFFFFFFFFFFFFF81
:107F1000FFFFFFFFFFFFFFFFFFFFFFFFFFFFFFFF71
:107F2000FFFFFFFFFFFFFFFFFFFFFFFFFFFFFFFF61
:107F3000FFFFFFFFFFFFFFFFFFFFFFFFFFFFFFFF51
:107F4000FFFFFFFFFFFFFFFFFFFFFFFFFFFFFFFF41
:107F5000FFFFFFFFFFFFFFFFFFFFFFFFFFFFFFFF31
:107F6000FFFFFFFFFFFFFFFFFFFFFFFFFFFFFFFF21
:107F7000FFFFFFFFFFFFFFFFFFFFFFFFFFFFFFFF11
:107F8000FFFFFFFFFFFFFFFFFFFFFFFFFFFFFFFF01
:107F9000FFFFFFFFFFFFFFFFFFFFFFFFFFFFFFFFF1
:107FA000FFFFFFFFFFFFFFFFFFFFFFFFFFFFFFFFE1
:107FB000FFFFFFFFFFFFFFFFFFFFFFFFFFFFFFFFD1
:107FC000FFFFFFFFFFFFFFFFFFFFFFFFFFFFFFFFC1
:107FD000FFFFFFFFFFFFFFFFFFFFFFFFFFFFFFFFB1
:107FE000FFFFFFFFFFFFFFFFFFFFFFFFFFFFFFFFA1
:107FF000FFFFFFFFFFFFFFFFFFFFFFFFFFFFFFFF91
:10800000000001201DA4000815A40008BD87000879
:1080100011A40008B187000811AC0008000000009E
:1080200000000000000000000000000025A400087F
:10803000B58700080000000019A4000829A4000862
:10804000B9870008B9870008B987000875A4000837
:10805000B9870008B9870008B9870008B987000800
:10806000B9870008B9870008B9870008B9870008F0
:10807000B9870008B9870008B9870008B9870008E0
:10808000B9870008B9870008B9870008B9870008D0
:10809000B9870008B9870008B9870008B9870008C0
:1080A000B98700081D00001021060010B9870008DC
:1080B000B9870008B9870008B9870008B9870008A0
:1080C000B9870008B9870008B9870008B987000890
:1080D000B9870008B9870008B9870008B987000880
:1080E000B9870008B9870008B9870008B987000870
:1080F000B9870008B9870008B9870008B987000860
:10810000B9870008B9870008B9870008B98700084F
:10811000B9870008B9870008B9870008B98700083F
:10812000B9870008B9870008B9870008B98700082F
:10813000B9870008B9870008B9870008B98700081F
:10814000B9870008B9870008B9870008B98700080F
:10815000B987000801000010B9870008B987000836
:10816000B9870008B9870008B9870008B9870008EF
:10817000B9870008B9870008B9870008B9870008DF
:10818000B9870008B9870008B9870008B9870008CF
:10819000B9870008B9870008B9870008B9870008BF
:1081A000DFF80CD000F0C0F90048004799AC000897
:1081B000000001202DE9F05F0546002092469B4615
:1081C00088460646814640241BE0284641464746ED
:1081D000224600F0CAF953465A46C01A914110D3BC
:1081E00011461846224600F0B1F92D1A67EB010836
:1081F0004F4622460120002100F0A8F917EB0009A4
:108200004E41201EA4F10104DFDC484631462A46D7
:108210004346BDE8F09F2DE9FE4F804681EA03000A
:10822000C00F0C46009021F0004123F00045B8EB50
:108230000200A94105D24046214690461C460B4605
:10824000024623F00040104347D0270DC7F30A0031
:10825000C3F30A510290401A019040286BDAC3F32D
:10826000130040F4801B0098924620B10023D2EB0B
:10827000030A63EB0B0B01985946C0F140025046CC
:1082800000F064F906460D4650465946019A00F042
:108290007CF910EB08006141002487EA115284EA5E
:1082A000E7731A4340D0009A62B3019A012A4FEA59
:1082B000075215DC001B61EB02014FF0004202EA9D
:1082C0000752CDE90042001C41F5801132462B4691
:1082D00000F07CF903B0BDE8F08F40462146F9E795
:1082E000001B61EB0201001C41F5801300185B418B
:1082F0002018A2F5001747EB030140EAD570B61924
:108300006D4111E06D084FEA360645EAC0754FEA47
:108310000752001B61EB0201001C41F58011490866
:108320004FEA30000019514132462B4603B0BDE8F8
:10833000F04F00F03CB90098012240000023D0EB40
:10834000020263EBE073009821464FEAE074B8EB59
:10835000000061EB0401E9E783F000435BE781F093
:10836000004158E72DE9FE4F81EA030404F0004480
:1083700021F0004100944FF0000B23F0004350EA3D
:1083800001045ED052EA03045BD0C3F30A54C1F384
:108390000A552C44A4F2F3340194A0FB0254C1F317
:1083A000130141F48011C3F3130343F4801301FB61
:1083B000024400FB034E840A970A44EA815447EAC8
:1083C0008357A4FB076802958D0A05FB07854FEAD2
:1083D000932C04FB0C542705029D4FEA065847EAEC
:1083E0001637B5EB08056EEB070C870E920E47EAC1
:1083F000811742EA8312A7FB0201B6EB0B0164EB83
:1084000000042B0D43EA0C335E1844EB1C50DA4693
:108410005146E7FB0201C5F313044FEA0B3343EA6D
:1084200014534FEA0432019C43EA0603A4F10C04FE
:108430000294009CCDE900B400F0C8F803B0BDE898
:10844000F08F00200146F9E72DE9F04D81EA0304A1
:1084500004F0004B21F0004514464FF0000A23F0D1
:10846000004150EA050220D054EA01021DD0C5F3B4
:108470000A570246C5F31303C1F31300C1F30A56AA
:1084800040F4801543F48013A7EB0608101BD64672
:1084900008F2FD3873EB050002D308F1010801E092
:1084A00092185B41B8F1000F03DA00200146BDE8E5
:1084B000F08D00204FF48011064684460EE0171B15
:1084C00073EB050705D3121B63EB050306434CEA68
:1084D000010C49084FEA300092185B4150EA01074D
:1084E000EDD152EA030012D082EA040083EA0501CA
:1084F000084305D0101BAB4106D20122002306E041
:1085000000224FF0004302E06FF0010253101AEB1B
:1085100006004CEB085110EB0A0041EB0B01BDE8E3
:10852000F04D00F044B80000064C074D06E0E0684E
:1085300040F0010394E8070098471034AC42F6D3AA
:10854000FFF732FE28CC000868CC0008202A04DBA4
:10855000203A00FA02F1002070479140C2F1200356
:1085600020FA03F3194390407047202A04DB203A95
:1085700021FA02F00021704721FA02F3D040C2F143
:1085800020029140084319467047202A06DBCB178A
:10859000203A41FA02F043EAE07306E041FA02F3BE
:1085A000D040C2F12002914008431946704710B5EF
:1085B000141E73F1000408DA401C41F10001921806
:1085C0005B411A4301D120F0010010BD2DE9F04DAF
:1085D00092469B4611B1B1FA81F202E0B0FA80F204
:1085E00020329046FFF7B2FF04460F4640EA0A00E9
:1085F00041EA0B0153465A46084313D0114653EA49
:10860000010019D0C8F140025046FFF7AEFF054601
:108610000E46504659464246FFF798FF084305D09C
:10862000012004E020463946BDE8F08D00200543D6
:1086300046EAE0762C4337430A986305E40AA0EB48
:1086400008000022FD0A44EA47540A3002D50020FF
:108650000146E9E7010510196941DDE908450019FE
:108660006941BDE8F04DA2E7D2B201E000F8012B6C
:10867000491EFBD270470022F6E710B513460A46A2
:1086800004461946FFF7F0FF204610BD0EB540F234
:10869000334102910021CDE900110A460B46FFF754
:1086A00095FF03B000BD70B5C1F30A5201F000455B
:1086B0000024C1F3130140F2FF3341F480119A42C8
:1086C00001DA002070BD40F233439A42A2F23342F5
:1086D00003DC5242FFF749FF00E090402C43F1D009
:1086E000404270BD00F0004230F000400AD0C10DA1
:1086F00001F56071C0F3160042EA0151C20840075B
:108700001143704700200146704701F0004330B428
:1087100021F0004150EA010206D00A0DA2F5607274
:10872000C1F31301002A02DC30BC00207047440F63
:1087300044EAC104C100E01830BC00EBC250AFF302
:1087400000800029A8BF7047401C490008BF20F0E6
:108750000100704710B4B0FA80FC00FA0CF050EA47
:10876000010404BF10BC704749B1CCF1200421FAC8
:1087700004F411FA0CF118BF012121430843A3EBC3
:108780000C01CB1D4FEA00614FEA102042BF0020D0
:1087900010BC704700EBC35010440029A4BF10BCAC
:1087A0007047401C490008BF20F0010010BC704712
:1087B000FEE7000070470000FEE70000FEE7000053
:1087C000B0B5A0F18042A2F560324FEAB222042A8D
:1087D00078D200297ED00C78142C80F0838091F818
:1087E00001C0BCF1040F80F08580032A88BFB0BDB2
:1087F000132C98BFBCF1030F00D9B0BD026852071B
:108800005CBF02685FEA027214D54CF6EA10C0F64B
:10881000000003F0CBFC3BA003F01AFF4CF6254010
:108820004CF62741C0F60000C0F60001BDE8B0409C
:1088300003F0BCBC4AF6AB224FEAD40ECAF6AA2219
:10884000AEFB02235A0802EB4202C2EBD40200EB59
:1088500082021C23D2F830E003EA840303249C4004
:108860000CFA03F52EEA040E2C404EEA04051563BB
:10887000D2F830E08D78033301249C4005FA03F3ED
:108880002EEA040E234043EA0E0313630C238A8866
:1088900003EA8C031844C0F8A02041F24002C4F25D
:1088A00002021268C98802F47F02B2F5003F04D9BF
:1088B0006FF3DF31C0F8C010B0BD6FF39F31C0F867
:1088C000C010B0BD4CF6BF20C0F6000040F2B7218A
:1088D00002F0B2F94CF6BF20C0F600004FF42E7142
:1088E00002F0AAF94CF6BF20C0F6000040F2B92110
:1088F00002F0A2F94CF6BF20C0F6000040F2BA2107
:1089000002F09AF94144432043616C6962726174D8
:10891000696F6E2063616E277420436F6E666967AE
:10892000207768696C6520697427732052756E6EB4
:10893000696E67210000000070B5A0F18042A2F5C9
:1089400060324FEAB222042A7ED2002900F08480ED
:108950000B78142B80F08880032A88BF70BD0268D2
:1089600052075CBF02685FEA027214D54CF6EA1047
:10897000C0F6000003F01AFC3FA003F069FE4CF6BD
:1089800025404CF62741C0F60000C0F60001BDE8C6
:10899000704003F00BBC4CF6CD42CCF6CC42A3FBAE
:1089A000022C4FEA1C1202EB8202D1F808E000F51B
:1089B000C874A3EB820C04EB0C1541F24002C5F81D
:1089C00004E0C4F20202D2F800E08A890EF47F0EBD
:1089D00016466FF35F364FEA0C13BEF5003F88BFB3
:1089E0001646AE60E2584E7822F0040206F03F06CA
:1089F00042EA86028D7891F803E0E250E25805F0F1
:108A00001F0522F0080242EAC502E250012202FAE2
:108A10000CFCD0F88421BEF1000F0CBF22EA0C023E
:108A200042EA0C02C0F8842109790029D0F88C119F
:108A30000CBF21EA0C0141EA0C01C0F88C11E0588E
:108A400040F00100E05070BD4CF6BF20C0F60000C1
:108A500040F2922102F0F0F84CF6BF20C0F6000080
:108A600040F2932102F0E8F84CF6BF20C0F6000077
:108A70004FF4257102F0E0F841444320444D412079
:108A800063616E277420436F6E666967207768693B
:108A90006C6520697427732052756E6E696E67214C
:108AA000000000002DE9F04784B00446A0F18040AA
:108AB000A0F560304FEAB020042880F043810D46D5
:108AC000002900F04781216849075CBF21685FEAFF
:108AD000017115D54CF6EA10C0F6000003F066FBF4
:108AE000A0A003F0B5FD4CF625404CF62741C0F69A
:108AF0000000C0F6000104B0BDE8F04703F056BB2B
:108B0000E9684CF27467C0F6000744F200090029D6
:108B100018BF0F460021C4F20209039101910F21F1
:108B20000328029166D8DFE800F0021F3B430220D1
:108B30000DF1040801904846414600F021FC042054
:108B400001904846414600F01BFC4FF0080A484699
:108B50004146CDF804A000F013FC4FF400600190F2
:108B600009F5805001262DE00DF104084FF0100AA0
:108B700048464146CDF804A000F002FC20200190B8
:108B80004846414600F0FCFB4020019048464146E3
:108B900000F0F6FB0420019009F58050022611E058
:108BA0000220019009F5805004264FF0200A09E0C8
:108BB0004FF48040019048F2000008264FF0400A30
:108BC000C4F2020001A900F0DBFB4C2048F2E47182
:108BD000C4F20200C3F6AC714163016941EA0A01C3
:108BE0000161016831430160016A41F008010162DD
:108BF00001214163A06840F00800A060A06840F037
:108C00000200A060A06840F00100A060D4F800035A
:108C1000298861F31120C4F80003D4F80003A9786F
:108C2000EA7861F30300C4F80003606862F3CF30B0
:108C30006060A068397861F30510A0604DF24000D3
:108C4000CFF6FF7059F8000000F47F00B0F5003F48
:108C50000FD948F20C10C2F200000068C00708D01B
:108C60007978606800290CBF20F4804040F480408F
:108C70006060206840075CBF20685FEA007007D52D
:108C80004CF6EA10C0F6000003F090FA3EA028E788
:108C900061686A79287962F30B21AB79EF796160B9
:108CA000616807F0010263F306116160616821F0F9
:108CB000800141EAC2116160297A6268002942F0AC
:108CC000010308BF22F001036360697A626800292A
:108CD00042F0020308BF22F00203636061680028CB
:108CE00041F4805208BF21F480526260206840F055
:108CF0000100206049F67C00C2F200000168226990
:108D0000D20519D40268521A642A18D82269D205E9
:108D100012D40268521A642A11D82269D2050BD4DF
:108D20000268521A642A0AD82269D20504D4026859
:108D3000521A642AE3D902E04FF48070206104B033
:108D4000BDE8F0874CF6BF20C0F6000040F22911C4
:108D500001F072FF4CF6BF20C0F600004FF4957191
:108D600001F06AFF4144432063616E277420496E1D
:108D70006974207768696C6520697427732052755F
:108D80006E6E696E67210000414443204F76657224
:108D900073616D706C652063616E277420436F6E24
:108DA000666967207768696C65206974277320524B
:108DB000756E6E696E6721002DE9F041A0F1804269
:108DC000A2F560324FEAB224042C80F08E80002994
:108DD00000F093804A78142A80F097800B78102B4B
:108DE00080F09B80032C88BFBDE8F081132A98BFD8
:108DF0000F2B01D9BDE8F0810468640758D44CF604
:108E0000CD4ECCF6CC4EA3FB0E4C4AF6AB254FEA2A
:108E10009C06D408CAF6AA2506EB8606A4FB0558CC
:108E2000A2FB0E5E9B1BCCF3810503EB430300EB1F
:108E300085055B002F6CDBB21F269E4002FA03F310
:108E4000B74333403B432B648369CF784FF0010C29
:108E500007F001070CFA02F69740B34337403B4353
:108E60008D78097983614FEA580303EB4303C3EB21
:108E7000D20300EB83031C261F6A06EA820607243E
:108E800001F00701B440B140A743214039431962C2
:108E90004FEA1E1101EB8101A2EB81010CFA01F1F5
:108EA000DDB1D0F804211143C0F80411BDE8F08110
:108EB0004CF6EA10C0F6000003F078F91BA003F0AE
:108EC000C7FB4CF625404CF62741C0F60000C0F623
:108ED0000001BDE8F04103F069B9D0F8042122EAAD
:108EE0000101C0F80411BDE8F0814CF6BF20C0F6C6
:108EF000000040F2EF1101F09FFE4CF6BF20C0F6DB
:108F000000004FF4F87101F097FE4CF6BF20C0F658
:108F1000000040F2F11101F08FFE4CF6BF20C0F6C8
:108F200000004FF4F97101F087FE00BF4144432077
:108F3000526567756C6172204368616E6E656C2066
:108F400063616E277420436F6E6669672077686976
:108F50006C6520697427732052756E6E696E672187
:108F60000000000010B5A0F18042A2F560324FEA87
:108F7000B222042A43D2002949D00268520729D4D8
:108F800042684B7891F800C063F3D75291F802E041
:108F9000CC7842604268BCF1000F6EF353424260ED
:108FA000426842F4803308BF22F480334360026D8C
:108FB00064F30B220265026D0B7922F0C00203F00C
:108FC000030342EA83120265026D497961F30402E8
:108FD000026510BD4CF6EA10C0F6000003F0E6F89A
:108FE0000FA003F035FB4CF625404CF62741C0F6A8
:108FF0000000C0F60001BDE8104003F0D7B84CF601
:10900000BF20C0F6000040F2CD1101F015FE4CF675
:10901000BF20C0F600004FF4E77101F00DFE00BF65
:1090200041444320526567756C617220436F6D6DDA
:109030006F6E2063616E277420436F6E66696720D0
:109040007768696C6520697427732052756E6E6944
:109050006E67210010B5A0F18042A2F568324FEA98
:109060003222092A7ED2002900F083805C2248F255
:10907000E473C4F20202C3F6AC735362136843F4A0
:1090800080731360136943F020031361012353625B
:10909000036841F2400223F00103C4F202020360BC
:1090A000136803F47F03B3F5003F14D948F20C139F
:1090B000C2F200031B685B0712D54B7A1268002BC3
:1090C00002F47F0246D0B2F5003F09D9026842F4AB
:1090D0000062026004E002688B7963F3CB220260D5
:1090E0000268CB7922F0C00203F0030342EA831244
:1090F000026002680B7A63F3C302026002680B79B4
:1091000091F800E063F3051291F801C0CC78026099
:1091100002684B79BEF1000F63F30A2202604460DB
:10912000826842F0010308BF22F001038360826875
:10913000BCF1000F42F0020308BF22F0020383607B
:1091400089780268002942F4805308BF22F48053D2
:10915000036010BDB2F5003FC2D9026822F400627C
:109160000260BDE74CF67330C0F60000432101F009
:1091700063FD4CF67330C0F60000442101F05CFD45
:1091800080B506283AD248F26002C0EBC001C2F2B4
:10919000000202EB810111F8042FD2B142F2000269
:1091A000C4F2020242EA4010026922F001020261A6
:1091B00001220A70C16821F48061C160C16821F494
:1091C0008071C160C16821F40071C16007214161F3
:1091D00080BD4CF6DE10C0F6000002F0E7FF0BA0E9
:1091E00003F036FA4CF625404CF62741C0F6000055
:1091F000C0F60001BDE8804002F0D8BF4CF68420E4
:10920000C0F6000040F23A2101F016FD4368616E9D
:109210006E656C20737461746520697320696E20BB
:109220005265736574210000A0F18042A2F51032EE
:109230004FEA3232062A80F094805FEA014C00F057
:109240009780CB072AD18A072FD44A0734D40A073C
:1092500039D4CA063ED48A0643D44A0648D40A06FC
:109260004DD4CA0552D48A0557D44A055CD40A05A0
:1092700061D4CA0466D48A046BD4490404D5416A13
:109280000E2262F31B614162BCF1000F58BF7047B0
:10929000416A0E2262F31F7141627047036A0E2217
:1092A00062F3030303628A07CFD5026A0E2363F3D6
:1092B000071202624A07CAD5026A0E2363F30B2221
:1092C00002620A07C5D5026A0E2363F30F320262F7
:1092D000CA06C0D5026A0E2363F3134202628A06ED
:1092E000BBD5026A0E2363F3175202624A06B6D553
:1092F000026A0E2363F31B6202620A06B1D5026A98
:109300000E2363F31F720262CA05ACD5426A0E23B4
:1093100063F3030242628A05A7D5426A0E2363F310
:10932000071242624A05A2D5426A0E2363F30B225A
:1093300042620A059DD5426A0E2363F30F324262F0
:10934000CA0498D5426A0E2363F3134242628A0428
:1093500093D5426A0E2363F317524262490493D5B0
:109360008DE74CF63730C0F60000E02101F064FCD8
:109370004CF63730C0F60000E12101F05DFC000042
:109380002DE9F04F81B00446A0F18040A0F51030E7
:109390004FEA3030062880F0D3808A46002900F05A
:1093A000D680DAF800300021B1EB134F40F0C180D5
:1093B00099B2002900F0BD80052800F2A08004F1D8
:1093C000240C04F1200B4FF000094FF001084FF07E
:1093D000000E002608FA06F10B405BD09AF8041044
:1093E000481E0F2860D26046082E38BF58460268D3
:1093F00009F01C070F25BD40B940AA43294011437D
:1094000001609AF808000028A06B14BF40EA03012D
:1094100020EA0301A1639AF807000028A06C14BF9A
:1094200018439843A064206B9AF80520032102F0AA
:10943000030201FA0EF102FA0EF2884311400843CA
:10944000206341F24000C4F20200006800F47F0093
:10945000B0F5003F1ED948F20C10C2F200000068BF
:10946000000617D59AF80930DAF80010D807206CF2
:109470000CBF20EA010840EA0108C4F840809807C0
:10948000206C4FF001084FEA014154BF8843084364
:10949000206400BF0F2E32D0DAF8003001360EF112
:1094A000020E09F1040995E761BB6046082E38BF3A
:1094B0005846D0F8008009F01C010F2202FA01F191
:1094C00028EA010101609AF806104FF0010800290E
:1094D000A9D0D4F81480032001F0030100FA0EF0A3
:1094E00001FA0EF128EA0008084040EA080060612D
:1094F000A36120694FF001081843206193E701B090
:10950000BDE8F08F15A002F051FE9AF8043017A0C4
:109510002146324602F04AFE4CF625404CF62741E1
:10952000C0F60000C0F6000101B0BDE8F04F02F047
:109530003DBE4CF63730C0F60000482101F07CFB00
:109540004CF63730C0F60000462101F075FB4CF6B2
:109550003730C0F60000472101F06EFB5B45404705
:1095600050494F204C4C5D20000000004750494FAF
:109570002D5B3078253038785D2050696E2D5B2565
:10958000645D20616C7465726E6174652066756ED1
:109590006374696F6E205B25645D20636F6E66691E
:1095A00067204572726F722121210A002DE9F04F68
:1095B00081B0002900F0918041F24002C4F2020221
:1095C000136891F803E0C3F30743022B05D8BEF1FB
:1095D000030F02D901B0BDE8F08F4BF6287AC4F230
:1095E000030ADAF800300F7823F0404343EA877328
:1095F000CAF800304CF6CD431268CCF6CC43A0FB41
:10960000033702F47F09BB08042202EA830203EB5A
:109610008303C31A5FFA83FB42EA0A0C4FEA4B0545
:10962000624655FA83F352F8084D5B0003250EF0AD
:1096300003089D4008FA03F6AC4335402C43B9F5C6
:10964000003F146012D9FD0805EB8505A0EB45002D
:10965000DAF8444040000325CEF38107854007FA3D
:1096600000F0AC4328402043CAF8440010680426A8
:109670009E4020EA060508799F1C00F00100B840D2
:1096800030408C78284391F801E049791060DCF88B
:1096900000004FEA8B050F2604F00F04AE40AC40EB
:1096A000B04334402043CCF800001068DF1C18267B
:1096B00001F003019E40B940B043314008431060BF
:1096C00020209840BEF1000F11680CBF21EA000075
:1096D0000843106001B0BDE8F08F4CF6FA20C0F6E8
:1096E000000040F2EB1101F0A7FA000070B500296C
:1096F00000F0D5804BF2001CC4F2030C0A690CEB9D
:1097000000239A634A69DA63D3F870E00A7E62F351
:10971000000EC3F870E0D3F870E04A7E62F3C30E27
:10972000C3F870E0D3F870E08A7E62F3420EC3F8AB
:1097300070E0D3F870E00C7B4EF040024D7B002CC3
:1097400008BF2EF040021A671A6F002D42F0200465
:1097500008BF22F020041C670A6A4BF6047E1A64D4
:109760004A6AC4F2030E5A641A6F91F8285065F3DE
:1097700010421A671A6F91F8295065F3D3421A679D
:109780001A6F91F82A5065F352421A67CA7E1D6F0C
:10979000002A45F4800408BF25F480041C670A7F72
:1097A0001C6F002A44F4001508BF24F400151D673F
:1097B0001A6FCC7A22F0605204F0070442EAC462C5
:1097C0001A674C7A1D6F002C45F0804608BF25F0C3
:1097D00080461E6703F170020B7A0124002B04FA05
:1097E00000F3DEF800400CBF24EA03032343CEF865
:1097F00000308B7A1668002B46F0007508BF26F003
:10980000007515600CEB0020426F0E7842F00103EA
:109810004D788C7891F803C0002E08BF22F0010328
:109820004367426F002D42F0020308BF22F002039B
:109830004367426F002C42F0040308BF22F0040388
:109840004367426FBCF1000F42F0080308BF22F0EB
:10985000080343670A79436F002A43F0100608BFE4
:1098600023F0100646674A79436F002A43F020062A
:1098700008BF23F0200646678A79436F002A43F029
:10988000400608BF23F040064667C979426F0029A9
:1098900042F0800308BF22F08003436770BD4CF69E
:1098A000FA20C0F600004FF4CB7101F0C5F90000BA
:1098B000B0B5002900F0338109286FD14BF20000C8
:1098C000C4F20300C2688B68520A62F35F23C3606C
:1098D0004FF6FF73C268C8F2000303F1FC4302EACB
:1098E000030CCB680022C0F2FF121A406244C2602F
:1098F00002680B7C63F30202026002684B7C63F334
:10990000C30202604A790B788261CA8842610268A8
:1099100022F0404242EA8372026091F803C0036879
:10992000BCF1000F43F0100208BF23F010020260E8
:1099300091F802C00368BCF1000F43F4806208BFD5
:1099400023F48062026091F801C00368BCF1000F4B
:1099500043F4006208BF23F40062026091F804C07F
:10996000D0F8903FBCF1000F43F4803208BF23F4DD
:109970008032C0F8902F0268CB7C22F0C00203F046
:10998000030342EA831202608A7C0168002A14BF42
:1099900041F0200121F020010160B0BD082880F0D5
:1099A000C5804BF2000CC4F2030C0CEB0023D3F87F
:1099B0000CE18C684FEADE3262F3DF34C3F80C410D
:1099C000D3F80C21CC8964F31E42C3F80C21D3F8E0
:1099D00000210C7C64F30202C3F80021D3F80021BB
:1099E0004C7C64F3C302C3F800214A7991F803E088
:1099F000C3F81821CA88BEF1000FC3F81421D3F8A8
:109A0000002142F0100408BF22F01004C3F8004106
:109A100091F802E0D3F80041BEF1000F44F48062F7
:109A200008BF24F48062C3F8002191F801E0D3F864
:109A30000041BEF1000F44F4006508BF24F4006546
:109A4000C3F8005103F580720B794FF40035002BF9
:109A500005FA00F3DCF8905F0CBF25EA03032B4303
:109A6000CCF8903FD1E906530CEB0020C0F85451DC
:109A7000C0F85831106891F8203063F34920106025
:109A80001068CB7C20F0C00003F0030340EA831091
:109A90008D7C10601068002D40F0200308BF20F07E
:109AA00020031360106891F8253020F0704040EAE0
:109AB00003701060106891F8263063F31140106055
:109AC000106891F8273063F39340106091F82100FB
:109AD0001368002843F4807508BF23F4807515606F
:109AE00091F822001368002843F4801508BF23F47E
:109AF0008015156091F823001368002843F40015C1
:109B000008BF23F40015156091F82410106800298F
:109B100014BF40F4800020F480001060B0BD4CF60B
:109B2000FA20C0F60000F42101F086F84CF6FA2085
:109B3000C0F6000040F6B80101F07EF8B0B500298B
:109B400000F0CD8009282BD14A884BF20000C4F2E6
:109B50000300C2618A880262CA8842620A898262FC
:109B6000026891F800C042F0007391F80AE0CC7AE4
:109B7000BCF1000F08BF22F0007303600168BEF162
:109B8000000F41F0006208BF21F00062026001682E
:109B9000002C14BF41F0806121F080610160B0BDF4
:109BA000082880F0A4804BF200034A88C4F2030323
:109BB00003EB0020C0F81C218A88C0F82021CA8845
:109BC000C0F824210A89C0F82821D0F800210C7897
:109BD00042F0007391F80AC091F80BE00D7B002C65
:109BE00008BF22F00073C0F80031D0F80021BCF1AA
:109BF000000F42F0006308BF22F00063C0F800319C
:109C0000D0F80021BEF1000F42F0806308BF22F0BF
:109C10008063C0F80031D0F80421002D42F4803375
:109C200008BF22F48033C0F804314A7BD0F80431F5
:109C3000002A43F4003508BF23F40035C0F804516E
:109C40008A7BD0F80431002A43F4802508BF23F42E
:109C50008025C0F80451CA7BD0F80431002A43F4AF
:109C6000002508BF23F40025C0F804510A7CD0F871
:109C70000431002A43F4801508BF23F48015C0F88E
:109C800004514A7CD0F80431002A43F4001508BF7F
:109C900023F40015C0F804518A7CD0F80431002A5E
:109CA00043F4800508BF23F48005C0F80451CA7C42
:109CB000D0F80431002A43F4000508BF23F400055E
:109CC000C0F804510A7DD0F8041100F58270002A12
:109CD00014BF41F0807121F080710160B0BD4CF67D
:109CE000FA20C0F600004FF4847100F0A5FF4CF696
:109CF000FA20C0F6000040F6221100F09DFF00009F
:109D00002DE9F04F85B041F26C01C4F2020151F827
:109D10000C0C0022C4F20202009051F84CEC1068C6
:109D200048F2E470C3F6AC70C2F8800048F2E47008
:109D300041F8280C48F63D2041F8280C41F6EC107B
:109D400041F8280C51F80C0C032340F4005041F862
:109D50000C0C51F80C0C4EF6FC5940F4805041F8B4
:109D60000C0C51F84C0CCEF2000940F4807041F814
:109D70004C0C51F84C0C41F2002C63F38E2041F84E
:109D80004C0CD9F80000D9F8007041F2000347F0FC
:109D90008077CEF20003C9F8007000275F601C686E
:109DA0009FEDBF0AC0F27A0C44F001041C6000BFB2
:109DB0005C680D68664615F5807F3CBF0D682E0A0D
:109DC00001EE106AB8EE411A21EE001ABCEEC11A7B
:109DD00011EE105AAC42EBD348F2001448F2213590
:109DE000C4F20304C0F2800544F8FC5C2B2544F85F
:109DF000F85C002544F8E85C202544F8D85C11257F
:109E000044F8C05C6FF0FF05665900F0807846F0BA
:109E10000100605154F8F00CC0055CBF54F8F00C20
:109E20005FEAC05007D454F8F00CC00503D454F8CE
:109E3000F00CC005EED56FF0FF00255845F0040585
:109E40002550206840F40030206000BF2068800367
:109E50005CBF20685FEA803005D42068800302D4AC
:109E600020688003F2D554F8AC0C2568122645F41E
:109E70000035256051F84C5C9FED8A0A66F38E250B
:109E800041F84C5C156845F400351560156825F0FF
:109E900000451560156825F440751560156845F096
:109EA0000045156000255D601D6845F001051D60D9
:109EB0005E680D68674615F5807F3CBF0D682F0A08
:109EC00001EE107AB8EE411A21EE001ABCEEC11A6A
:109ED00011EE105AAE42EBD354F8AC5C00EBD070EC
:109EE000A5EB600ABAF1000F48BFCAF1000ACDF82D
:109EF00004A02568012645F400352560156840104A
:109F000025F000451560156866F30925156015688C
:109F100045F00045156000255D601D6845F00105B0
:109F20001D6000BF5E680D68674615F5807F3CBF09
:109F30000D682F0A01EE107AB8EE411A21EE001AD0
:109F4000BCEEC11A11EE105AAE42EBD354F8AC5C21
:109F50000226B5EB000B48BFCBF1000BCDF808B0E3
:109F6000256845F400352560156825F00045156025
:109F7000156866F309251560156845F000451560FC
:109F800000255D601D6845F001051D605F680D6876
:109F9000664615F5807F3CBF0D682E0A01EE106AFB
:109FA000B8EE411A21EE001ABCEEC11A11EE105A99
:109FB000AF42EBD354F8AC5C2F1A48BF7F420397F3
:109FC000256845F400352560156825F000451560C5
:109FD000156845F440751560156845F00045156035
:109FE00000255D601D6845F001051D605E680D6817
:109FF00015F5807F65463CBF0D682D0A01EE105AAD
:10A00000B8EE411A21EE001ABCEEC11A11EE105A38
:10A01000AE42EBD354F8AC6C351A48BF6D42049590
:10A020002068D34540F400302060106820F00040E4
:10A030001060106820F400301060186820F00100F3
:10A040001860D9F8000001AB40EA0800C9F8000028
:10A050004FF0000038BF012053F82060B74238BFEE
:10A06000022053F820309D426FF0FF03E75838BFBD
:10A07000032047F00107E75041F84CEC009B41F802
:10A080000C3C0123C2F880304FF4803241F8282C78
:10A090004FF4003241F8282C05B0BDE8F08F00BF26
:10A0A00051499D3AA69BC43AB0B549F6FF72C4F235
:10A0B0000102904216DC4DF6FF73C4F20003984291
:10A0C00026DD4EF20003C4F20003984238D048F275
:10A0D0000003C4F20103984232D049F20003C4F2F3
:10A0E00001032AE04AF6FF73C4F2020398421ADD24
:10A0F0004BF20003C4F20203984221D00023C4F2C1
:10A10000030398421CD041F20003C4F2030314E09D
:10A1100048F20003C4F20003984211D049F2000350
:10A12000C4F2000309E04AF20003C4F201039842BA
:10A1300006D04AF20003C4F20203984240F0E780DE
:10A14000002900F0DC80904218DC4DF6FF72C4F26A
:10A15000000290422ADD4EF20002C4F20002904258
:10A160003DD048F20002C4F20102904237D049F2D9
:10A170000002C4F20102904231D023E04AF6FF729D
:10A18000C4F2020290421EDD4BF20002C4F202024F
:10A19000904224D041F20002C4F2030290421ED049
:10A1A0000022C4F20302904219D00BE048F20002F0
:10A1B000C4F20002904212D049F20002C4F200023E
:10A1C00090420CD0B0BD4AF20002C4F201029042AB
:10A1D00005D04AF20002C4F202029042F2D14EF2DD
:10A1E000100C41F24002C4F2000CC4F20202ACF1C5
:10A1F0001003126898423BD102F47F02B2F5003F8F
:10A2000036D9DCF820204FF6FF7E8B8822EA0E023A
:10A210001A4449F67C0ECCF82020C2F2000EDEF87B
:10A22000002000BFDCF80030DB0326D5DEF800306C
:10A230009B1A0A2BC6D8DCF80030DB031DD5DEF8EC
:10A2400000309B1A0A2BBDD8DCF80030DB0314D594
:10A25000DEF800309B1A0A2BB4D8DCF80030DB03A0
:10A260000BD5DEF800309B1A0A2B88BFB0BDD9E7AA
:10A270004A6802630A89826306E0DCF828200B89B9
:10A2800063F30702CCF8282002684B7891F800C0ED
:10A2900063F3C30291F802E08D7A026042686EF3C4
:10A2A0000202426002680B7B63F382020260CA7A98
:10A2B0000368002A23F0020408BF43F0020404608C
:10A2C0000268BCF1000F42F0800308BF22F0800357
:10A2D0000360C26A65F30302C2624A7B02640268D9
:10A2E0008B7B63F3461202600268CB7B63F304123C
:10A2F00002600268097C61F309220260B0BD4CF67D
:10A30000AE30C0F600004FF4817100F095FC4CF6C1
:10A31000AE30C0F6000040F2011100F08DFC0000EC
:10A3200080B549F22C71C2F20001087F01281ED1CC
:10A3300004220A7749F63002C2F200020A610822BA
:10A3400043F200008A820022C4F20000CA824268FE
:10A35000D20325D54268920322D4426802F0030258
:10A36000032A1DD14AF65112C0F600021CE04CF639
:10A370000220C0F6000001F019FF43F2000115A011
:10A38000C4F2000101F012FF4CF625404CF62741C3
:10A39000C0F60000C0F60001BDE8804001F006BF35
:10A3A0004AF67122C0F600028A61016841F0080194
:10A3B0000160016841F0020101600169090703D0F1
:10A3C000416B41F400614163416B41F00101416324
:10A3D00080BD00BF5468697320554152545B30788A
:10A3E000253038785D2069736E277420696E20529D
:10A3F000782052454144592073746174652C206360
:10A40000616E2774207374617274205278210A007F
:10A41000FEE70000704700007047000000F00CF8F5
:10A42000FDF7BEFE7047000049F67C00C2F2000056
:10A43000016801310160704748F200004EF6885112
:10A44000C0F60000CEF2000141F8800C41F230006D
:10A45000C4F2020048F2E4724261026822F0020291
:10A4600002604FF480324261086840F47000086076
:10A470007047000070B543F23804C4F2000454F889
:10A48000040C216801EA0005280444BF4FF4004091
:10A490002060680444BF4FF480402060A80444BF9B
:10A4A0004FF400502060E80410D54FF48050206035
:10A4B00049F22C70C2F20000C1888288914205D313
:10A4C000816819B18168A4F138008847280544D50E
:10A4D0004FF40060206054F8280C00073DD049F28A
:10A4E0002C76C2F20006307F042830D1B069A0B3C8
:10A4F000306960B3F08AB18A884228D2206810F4AB
:10A50000E06F76D04CF60220C0F6000001F04EFE5F
:10A510004CF63E10C0F6000060A101F047FE4CF67C
:10A5200025404CF62741C0F60000C0F6000101F0BE
:10A530003DFE54F8040C20F0010044F8040C002007
:10A54000B06101203077306B38B1804705E054F8B6
:10A55000380C40F0080044F8380C680544BF4FF44C
:10A5600080602060A80544BF4FF400702060E805BB
:10A5700044BF4FF480702060E80644BF1020206084
:10A58000280744BF08202060680744BF04202060DB
:10A59000A80709D549F22C70C2F20000816819B1F0
:10A5A0008168A4F138008847E80709D049F22C7087
:10A5B000C2F20000816919B18169A4F138008847AD
:10A5C00041F24000C4F20200006800F47F00B0F5E0
:10A5D000403F38BF70BD680644BF40202060280659
:10A5E00044BF80202060E80344BF4FF480302060E7
:10A5F00070BD6068C0F3C42054F8341CC9031FD573
:10A6000054F8341C89031BD454F8341C01F00301A2
:10A61000032915D140B3F18AB28A914224D254F869
:10A62000141C32696FF35F211180316901380231E6
:10A630003161F18A020601F10101F182EBD113E0EF
:10A6400090B1F18AB28A91420ED254F8141C326948
:10A65000013811703169020601F101013161F18A9D
:10A6600001F10101F182ECD154F8040C20F0010059
:10A6700044F8040C0020B06101203077F08AB18AE0
:10A68000884234BF306B706A00B1804754F8040CC4
:10A6900020F4006044F8040C5FE700BF55415254B9
:10A6A0005F527854696D656F75745F49535200004D
:10A6B00044F6FF71C4F20001884249F22C71C2F2E3
:10A6C00000010CDD45F20002C4F20002904211D0FC
:10A6D0000022C4F2010290420ED19C3113E043F2F9
:10A6E0000002C4F2000290420DD0B0F1402F0FD111
:10A6F000343108E0683106E041F20002C4F20102A0
:10A70000904205D1D031886A002808BF70470047C1
:10A710004CF6E930C0F6000040F6360100F08CFA45
:10A7200070B5044644F6FF70C4F2000049F22C767E
:10A730008442C2F200060CDD45F20000C4F20000C3
:10A74000844211D00020C4F2010084420ED19C3614
:10A7500013E043F20000C4F2000084420DD0B4F1D3
:10A76000402F63D1343608E0683606E041F200003D
:10A77000C4F20100844259D1D036206820F0400054
:10A780002060757BFF2D3BD02846FEF7F9FC062D97
:10A7900044D248F26000C5EBC502C2F2000041F2AB
:10A7A000400100EB82020023C4F202011371C2E9EE
:10A7B0000233C2E90433C2E906330A6802F47F02B5
:10A7C000B2F5003F16D901EB4512D2F8D03F02F5A1
:10A7D0007D6123F00103C2F8D03F0A68D20709D097
:10A7E0000A68D2071CBF0A685FEAC27202D00A6810
:10A7F000D207F2D101210278A94022EA01010170B9
:10A80000FF207073B088F0804AF68930C0F60000EF
:10A81000B060606B40F48050606370BD4CF6842083
:10A82000C0F6000040F2291100F006FA4CF6E930BB
:10A83000C0F6000040F6360100F0FEF9B0B544F66F
:10A84000FF71C4F2000149F22C758842C2F2000582
:10A850000CDD45F20001C4F20001884211D0002154
:10A86000C4F2010188420ED19C3513E043F200018D
:10A87000C4F2000188420DD0B0F1402F60D13435D0
:10A8800008E0683506E041F20001C4F201018842A7
:10A8900056D1D035016821F0400101606C7BFF2C5E
:10A8A0003BD02046FEF76CFC062C41D248F26000FB
:10A8B000C4EBC402C2F2000041F2400100EB82028C
:10A8C0000023C4F202011371C2E90233C2E9043366
:10A8D000C2E906330A6802F47F02B2F5003F16D9D6
:10A8E00001EB4412D2F8D03F02F57D6123F0010361
:10A8F000C2F8D03F0A68D20709D00A68D2071CBF45
:10A900000A685FEAC27202D00A68D207F2D1012156
:10A910000278A14022EA01010170FF206873012042
:10A920002873286B002808BFB0BDBDE8B0400047C1
:10A930004CF68420C0F6000040F2291100F07CF9AA
:10A940004CF6E930C0F6000040F6360100F074F92C
:10A95000B0B5044644F6FF70C4F2000049F22C750D
:10A960008442C2F200050CDD45F20000C4F2000092
:10A97000844211D00020C4F2010084420ED19C35E3
:10A9800013E043F20000C4F2000084420DD0B4F1A1
:10A99000402F5BD1343508E0683506E041F2000015
:10A9A000C4F20100844251D1D035206900F00F007B
:10A9B000E98AAA8A914212D2A16B11F4E06F20D1E8
:10A9C000616A2A696FF35F21118029690231296167
:10A9D000E98A0131E9820106A0F10100E8D1E88AA3
:10A9E000A98A884238BFB0BD606B20F00100606367
:10A9F0000020A86101202877686A30B3BDE8B04024
:10AA000000474CF60220C0F6000001F0CFFB4CF6E8
:10AA10003E10C0F6000011A101F0C8FB4CF6254025
:10AA20004CF62741C0F60000C0F6000101F0BEFB65
:10AA3000606B20F0010060630020A861012028778E
:10AA4000286B10B1BDE8B0400047B0BD4CF6E9300E
:10AA5000C0F6000040F6360100F0EEF855415254C1
:10AA60005F52784953525F3136424954000000002A
:10AA7000B0B5044644F6FF70C4F2000049F22C75EC
:10AA80008442C2F200050CDD45F20000C4F2000071
:10AA9000844211D00020C4F2010084420ED19C35C2
:10AAA00013E043F20000C4F2000084420DD0B4F180
:10AAB000402F59D1343508E0683506E041F20000F6
:10AAC000C4F2010084424FD1D035206900F00F005C
:10AAD000E98AAA8A914210D2A16B11F4E06F1ED1CB
:10AAE000616A2A691170296901312961E98A013194
:10AAF000E9820106A0F10100EAD1E88AA98A884228
:10AB000038BFB0BD606B20F0010060630020A86119
:10AB100001202877686A30B3BDE8B04000474CF6A2
:10AB20000220C0F6000001F041FB4CF63E10C0F6DA
:10AB3000000011A101F03AFB4CF625404CF62741EC
:10AB4000C0F60000C0F6000101F030FB606B20F0A1
:10AB5000010060630020A86101202877286B10B1F4
:10AB6000BDE8B0400047B0BD4CF6E930C0F600008B
:10AB700040F6360100F060F8554152545F52784972
:10AB800053525F384249540044F6FF71C4F2000149
:10AB9000884249F22C71C2F200010CDD45F200023C
:10ABA000C4F20002904211D00022C4F2010290428D
:10ABB0000ED19C3113E043F20002C4F20002904235
:10ABC0000DD0B0F1402F1BD1343108E0683106E0E0
:10ABD00041F20002C4F20102904211D1D031CA8880
:10ABE0008B889A4238BF7047426B22F4805242638E
:10ABF0000020886001200873086A00B10047704790
:10AC00004CF6E930C0F6000040F6360100F014F8CA
:10AC1000FEE700004EF60C50BFF34F8FCEF200005F
:10AC20000168042201F4E061C0F2FA5211430160AC
:10AC3000BFF34F8F00BFFDE7A0B104460AA00D4649
:10AC400001F0B4FA0BA021462A4601F0AFFA4CF607
:10AC500025404CF62741C0F60000C0F6000101F087
:10AC6000A5FA00BF00BFFDE75B45404150505D20A5
:10AC700000000000417373657274206661696C6541
:10AC80006420696E202573206C696E65202575002F
:10AC90007047000000000000A0B041F26C07C4F251
:10ACA0000207386841F2002A10F5807F38BF386803
:10ACB0003868C0F27A0A554610F5807F3CBF386884
:10ACC000050A40F2800848F2E470C4F20208C3F6B4
:10ACD000AC70C8F8000058F8500C00F003000228CF
:10ACE0000BD158F8100C40F0100048F8100C58F830
:10ACF000500C20F0030048F8500C4CF2786149F2F7
:10AD00000059C0F60001C0F6BA29002001F19002F6
:10AD10008DF8140052F8903CAB4203D1002818BFC4
:10AD2000072864D052F8783CAB4208BF062853D0BD
:10AD300052F8603CAB4208BF05284FD052F8483C5F
:10AD4000AB4208BF04284BD052F8303CAB4208BF9E
:10AD5000032847D052F8183CAB4208BF022843D022
:10AD60001368AB4208BF012840D007301C2802F10D
:10AD7000A802CFD1386810F5807F07D2386800214B
:10AD8000B1EB102F4FEA102A01F0CC815046FDF7AD
:10AD90007DFC9FED510B02460B4651EC100BFDF76D
:10ADA00053FB04460F46FDF77EFC0646FDF76EFC9E
:10ADB00002460B4620463946FDF7CEFA9FED480B7A
:10ADC00053EC102BFDF7CEFAFDF76DFC074601247E
:10ADD0004FF4004B554615E0013008E0023006E024
:10ADE000033004E0043002E0053000E0063000EB00
:10ADF000400001EBC0004169047A468987898803D5
:10AE00001FFA80FB48F2E470C3F6AC70C8F800008B
:10AE100058F8240C022C20F0080048F8240C58F8AC
:10AE2000340C20F0010048F8340C58F8480C20F09D
:10AE30000C0048F8480C58F8380C20F0F00048F89E
:10AE4000380C58F8240C40F0080048F8240C58F846
:10AE5000340C40F0010048F8340C58F8140C20F081
:10AE6000080048F8140C58F8140C40F0080048F892
:10AE7000140C4FF001008DF8140058F8801C21F0DC
:10AE8000004148F8801C58F8101C41F0100148F8A7
:10AE9000101C58F8801C60F3010148F8801C41D058
:10AEA000012C13D04CF6F610C0F6000001F07EF92C
:10AEB0000DA0214601F07AF94CF625404CF62741C9
:10AEC000C0F60000C0F6000101F070F958F8800CDF
:10AED000012120F400602AE0000000002A75A5414D
:10AEE000000000000000F040504C4C3020507265D3
:10AEF0002D44697620436F6E6669672D5B25645D1E
:10AF0000204572726F722C2073657420746F2064F8
:10AF1000656661756C742031206469766973696F48
:10AF20006E210A0058F8800C022140F4006048F8B5
:10AF3000800C58F8800CB5FBF1F141F6003320F499
:10AF40008062C0F2B703994288BF40F4806248F83B
:10AF5000802C58F87C0C6FF39F366FF31D4040EA4D
:10AF6000064048F87C0C58F87C0C4FF6FF7188437B
:10AF7000384448F87C0C58F8800C20F4404040EAF3
:10AF80000B0048F8800CFEF7BBFE48F2E471C3F6F4
:10AF9000AC71C8F800109DF81410B9B158F8141C21
:10AFA00021F0080148F8141C58F8141C41F008015D
:10AFB00048F8141C58F8241C21F0080148F8241CF7
:10AFC00058F8341C21F0010148F8341C58F8801C52
:10AFD00060F3092148F8801C58F8800C40F00040CC
:10AFE00048F8800C58F8800C40000CD458F8800CBD
:10AFF00040005CBF58F8800C5FEA400003D458F86A
:10B00000800C4000EED548F2E4730120C3F6AC7327
:10B01000C8F80000C8F8003058F8501C022262F34B
:10B02000010148F8501C58F8501C60F30B2148F8F7
:10B03000501C58F8501C60F30F3148F8501C58F859
:10B04000501C21F0FC0148F8501C58F8501C41F4E9
:10B05000803148F8501C58F8501C41F4003148F831
:10B06000501C58F8501C41F4802148F8501C58F8E6
:10B07000501C41F4002148F8501C48F20001C2F273
:10B080000001C8F80000C1F80090C8F8003058F876
:10B09000481C60F3830148F8481C58F8380C052117
:10B0A00061F3071048F8380C4FF0010A43F2000032
:10B0B000C8F800A0C4F2020001684EF60C5641F038
:10B0C000100101600168CEF2000641F0200101602C
:10B0D000306840F200374FF6FF05C0F2FA572840BB
:10B0E0003843306048F20000C2F20000006844F6C5
:10B0F000D351C1F26201A0FB01014FF0FF3000EB20
:10B1000091114FF0000BBBEB116F1ED14EF20012EC
:10B11000CEF2000242F8EC1CF021F175072142F852
:10B12000E8BC42F8F01C3168C1F3022181F007024B
:10B13000042A28BF042290400F22033922EA00008B
:10B1400038BF594688400001F07548F2E471C3F6F3
:10B15000AC71C8F8001058F8280C4BF6087940F08C
:10B16000040048F8280C58F8180C48F2000440F085
:10B17000040048F8180CC8F800A0C8F8001058F8E7
:10B18000280CC4F2030940F0080048F8280C58F8CD
:10B19000180CC4F2030440F0080048F8180CC8F872
:10B1A00000A0C8F8001058F8280C40F0100048F82B
:10B1B000280C58F8180C40F0100048F8180CC8F883
:10B1C00000A0C8F8001058F8280C40F0200048F8FB
:10B1D000280C58F8180C40F0200048F8180CC8F853
:10B1E00000A0C8F8001058F8280C40F0400048F8BB
:10B1F000280C58F8180C40F0400048F8180CC8F813
:10B2000000A0C8F8001058F8280C40F0800048F85A
:10B21000280C58F8180C40F0800048F8180CC8F8B2
:10B2200000A0C8F8001058F8280C40F0010048F8B9
:10B23000280C58F8180C40F0010048F8180CC8F811
:10B2400000A0C8F8001058F8280C40F0020048F898
:10B25000280C58F8180C40F0020048F8180C0FF6AB
:10B260000470C8F800A000F0A1FF0FF6047001F010
:10B27000EFF94CF625404CF62741C0F60000C0F629
:10B28000000100F093FFD6F8F00040F08070C6F89F
:10B29000F00041F20000CEF20000C0F804B00168F6
:10B2A00041F001010160306807F5807128400843D2
:10B2B00030604FF0807005904FF48070CDE907AB9F
:10B2C000069005A920468DF80EB0CDE916BBCDE954
:10B2D00018BBCDE910BB4FF48075FDF7E3FB40F2DE
:10B2E0000310ADF80F0015208DF8110003A92046BA
:10B2F000ADF80CB0FDF736FE019501AD20462946AC
:10B300008DF808A0FDF758FD40F20110C0F20010C2
:10B31000169040F23000C2F201001890022016AEE2
:10B32000ADF86400204631468DF85CA0FDF704FBC3
:10B330004FF0005010AF119020463946ADF840A0B4
:10B340008DF842B0FDF73CFA40F201200190204612
:10B3500029468DF808A0FDF72FFD40F20210C0F23B
:10B360000010169040F20000C2F201001890022571
:10B37000204631468DF85CA0ADF86450FDF7DCFA4C
:10B380004FF6D770C2F20E10119020463946ADF834
:10B39000405002258DF842B0FDF712FA40F202301B
:10B3A00001AE0190204631468DF808A0FDF704FD5E
:10B3B00040F20310C0F20010169040F21000C2F2EA
:10B3C0000100ADF8645016AD1890204629468DF85E
:10B3D0005CA0FDF7B1FA40F20310ADF840006FF049
:10B3E00028000730ADF8440042F20610ADF84600E0
:10B3F000204639468DF842B0FDF7E2F940F6037079
:10B400000190204631468DF808A0FDF7D5FC40F2AA
:10B410000F10C0F20010169040F22000C2F201009E
:10B4200018900220ADF86400204629468DF85CA0F3
:10B43000FDF782FA40F20F20ADF840000720C2F27B
:10B4400059001190204639468DF842B0FDF7B8F901
:10B4500040F20010C0F20020CDF816004FF48070CA
:10B4600004F58064ADF81B00204605A98DF81AA0EC
:10B470008DF81DB0FDF716FB40F20110ADF80F007E
:10B4800015208DF81100204603A9ADF80CB0FDF78A
:10B4900069FD4FF450600190204631468DF808A0B8
:10B4A000FDF78AFC40F20D10C0F20010169040F239
:10B4B0005000C2F2010018900220ADF8640020464E
:10B4C00029468DF85CA02E46FDF736FA0D20ADF822
:10B4D00040004FF00055204639468DF842B0119596
:10B4E000FDF76EF940F601400190204601A98DF864
:10B4F00008A0FDF761FC40F20C10C0F2001016909D
:10B5000040F24000C2F2010018900220ADF8640041
:10B51000204631468DF85CA0FDF70EFA4FF4867098
:10B52000ADF84000204639468DF842B01195FDF740
:10B5300047F948F2E470C3F6AC70C8F8000058F858
:10B54000240C44F2000440F4007048F8240C58F82D
:10B55000240CC4F2020440F4806048F8240C58F82B
:10B56000240C4FF4804140F4006048F8240C58F853
:10B57000240C40F4805048F8240C58F8240C40F473
:10B58000005048F8240C58F8240C40F4804048F847
:10B59000240C58F8240C40F4004048F8240C58F8C7
:10B5A000240C40F4803048F8240C58F8340C40F057
:10B5B000100048F8340C58F8340C40F0200048F8DB
:10B5C000340C58F8340C40F0400048F8340C58F86B
:10B5D000340C40F0800048F8340C58F8340C40F437
:10B5E000807048F8340C58F8340C40F4007048F877
:10B5F000340C58F8340C40F4806048F8340C58F897
:10B60000340C40F4006048F8340C58F8140C40F046
:10B61000400048F8140C04F58050C8F800A0FDF76D
:10B6200003FE20464FF48071FDF7FEFD48F2341012
:10B63000C2F2000080F800A048F24410C2F20000FC
:10B6400080F800A049F21870C2F2000080F800A053
:10B6500049F21C70C2F2000080F800A049F220708C
:10B66000C2F2000080F800A049F22470C2F200008B
:10B6700080F800A049F20870C2F2000080F800A033
:10B6800049F20C70C2F2000080F800A049F210707C
:10B69000C2F2000080F800A049F2147048F2381697
:10B6A00048F23C1748F24015C2F2000048F2481236
:10B6B000C2F20006C2F20007C2F2000580F800A044
:10B6C000C2F2000241F2845045F6C05486F800A050
:10B6D00087F800A085F800A0145041F2885064213A
:10B6E000115005A82C21CDE916BBCDE918BBCDE939
:10B6F0001ABBCDE910BBCDE912BBCDF850B0ADF807
:10B7000054B0FCF7B8FF40F20110ADF85E401A905B
:10B71000202016AC1C90092021468DF85DB0CDF894
:10B7200060B0ADF859B08DF85BB0CDF874B0CDE92C
:10B730001EBBFEF7BDF803202146FEF7B9F8002036
:10B740002146FEF7B5F830788DF840A0002818BFE4
:10B7500064203978ADF84200002918BF64212A78A6
:10B7600048F24413C2F200034BF20406ADF8441051
:10B77000002A18BF64221B78C4F203064BF20007AC
:10B78000ADF84620002B18BF3223ADF84830B06129
:10B79000F16132627362C4F20307386810AC40F0A2
:10B7A0000070386038689DF84A2040F000619DF8CC
:10B7B0004B30002A08BF20F0006139603868002B48
:10B7C00040F0806108BF20F0806149F21870396054
:10B7D000C2F20000007849F21C71C2F20001002898
:10B7E00018BF64200978ADF8420049F220700029A2
:10B7F00018BF6421C2F200000078ADF8441049F28D
:10B800002471C2F20001002818BF64200978ADF845
:10B810004600002918BF3221ADF848100320214608
:10B820008DF840A08DF84CA0FEF788F949F2087019
:10B83000C2F20000007849F20C71C2F20001002847
:10B8400018BF64200978ADF8420049F21070002951
:10B8500018BF6421C2F200000078ADF8441049F22C
:10B860001471C2F20001002818BF64200978ADF8F5
:10B870004600002918BF3221ADF8481000202146AB
:10B880008DF840A08DF84CA0FEF758F941F6040061
:10B890000A900221102005AD20278DF82E100824D3
:10B8A0000E908DF83E10032029460997ADF82CB074
:10B8B0000D94ADF83CB0CDF81CB0FDF717FF042097
:10B8C0000A90002029460997FDF710FF4BF25040DF
:10B8D000C4F20300016821F0F0010160016821F465
:10B8E0007C510160016821F00401016050F8081CDE
:10B8F00021F01E0140F8081C50F8081C21F001013D
:10B9000040F8081C016841F0010101608DF80E400B
:10B910004FF4807003ACADF80C0000202146ADF868
:10B920000FA08DF811B0FDF741FE012021468DF8E2
:10B930000FA0FDF73BFE49F67C00C2F20000016853
:10B94000D9F8002042F00102C9F80020D9F80020FF
:10B95000D2071BD00268521A652A17D2D9F80020E4
:10B96000D20713D00268521A642A0FD8D9F80020DF
:10B97000D2070BD00268521A642A07D8D9F80020DF
:10B98000D20703D00268521A642ADFD90168D9F8B5
:10B99000002042F01002C9F80020D9F80020D20699
:10B9A0001BD50268521A652A17D2D9F80020D20690
:10B9B00013D50268521A642A0FD8D9F80020D2068B
:10B9C0000BD50268521A642A07D8D9F80020D2068B
:10B9D00003D50268521A642ADFD94FF400104FF0E1
:10B9E000000AC9F82800C9F82CA059F8040C4FF037
:10B9F000010B6BF3134049F8040C59F8080C0427A9
:10BA000067F3134049F8080CD9F8580044F20005D0
:10BA100020F01F00C9F85800D9F8000005AC40F02C
:10BA20000100C9F80000D6F8FC03C4F2020540F09A
:10BA30008060C6F8FC03D6F8FC00214640F0806028
:10BA4000C6F8FC00D9F8600040F00100C9F86000B9
:10BA5000D9F8600040F00800C9F860000120C0F289
:10BA6000001006904FF48060059028468DF81CA0C9
:10BA7000FDF786FC46F200064FF40040C4F20206D1
:10BA8000059030462146FDF77BFC4FF48040059041
:10BA9000304621468DF819A0FDF772FC286841F266
:10BAA0006C0140F4806028603068C4F2020140F00C
:10BAB00000403060286805AC40F080702860306835
:10BAC00048F2E47540F48040306048F63D2041F88B
:10BAD000280C41F6EC1041F8280C51F80C0CC3F678
:10BAE000AC7540F4805041F80C0C4FF4003041F834
:10BAF000280CC8F8005058F8240C4BF2000640F00F
:10BB0000800048F8240C58F8140CC4F2030640F0E6
:10BB1000100048F8140C49F20000C8F800B0C4F254
:10BB20000300016821F001010160016821F00801B2
:10BB30000160016821F004010160016821F0020147
:10BB40000160C8F8005058F8241C41F0800148F802
:10BB5000241C58F8141C41F0100148F8141CC8F8B3
:10BB600000B0D0F8001421F00101C0F80014D0F8A2
:10BB7000001421F00801C0F80014D0F8001421F0DE
:10BB80000401C0F80014D0F8001421F00201C0F83C
:10BB9000001440F68E51416040F20471C0F8041365
:10BBA000016841F001010160D0F8001341F001018A
:10BBB000C0F8001340F20110ADF814000320ADF8F6
:10BBC0001B00A6F5506021468DF81DA0CDF816A0EB
:10BBD0008DF81AA0FDF73EFA0220ADF81B00A6F57D
:10BBE00060602146FDF736FA4FF20030CFF6FF7065
:10BBF00031584EF2001341F0010131504FF2002054
:10BC0000CFF6FF703158CEF2000341F00101315000
:10BC1000C8F8005058F8300C4FF0806140F04000F8
:10BC200048F8300C58F8200C05AC40F0400048F8BB
:10BC3000200CC8F800B0C8F8005058F8300C40F09C
:10BC4000800048F8300C58F8200C40F0800048F88C
:10BC5000200CC8F800B04FF0007018601960C8F8E8
:10BC6000005058F8302C42F0400248F8302C58F878
:10BC7000202C42F0400248F8202CC8F800B0C8F848
:10BC8000005058F8302C42F0800248F8302C58F818
:10BC9000202C42F0800248F8202CC8F800B0186030
:10BCA0001960C720CDF824A0CDE907AB0690082085
:10BCB000ADF81C0048F20000C4F200002146CDF8A7
:10BCC00014B08DF81FA0FEF7EFF940F2E7300690B0
:10BCD00049F20000C4F200002146FEF7E5F94EF6F5
:10BCE0000C55CEF2000528684FF0FF32C0F3022059
:10BCF00080F00701042928BF3946033802FA01F110
:10BD00004FF0020338BF504623EA010101FA00F068
:10BD10004EF203430001CEF20003D875286849F2C1
:10BD20002C74C0F3022080F00701042938BF0F46AD
:10BD3000033802FA07F138BF50462BEA010101FA35
:10BD400000F0000148F2481B987541F2B450C2F26D
:10BD5000000B4BF800A05844C0F804A0CDF860A038
:10BD6000CDE916AAC2F20004207B18B9207F002872
:10BD700000F0CF804CF60220C0F6000000F016FA6A
:10BD800043F2000AC4F2000A0FF2F030514600F00C
:10BD90000DFA4CF625404CF62741C0F60000C0F6DF
:10BDA000000100F003FA4BF2040448F2000649F2E5
:10BDB000000848F200074EF2034CC4F20304C4F238
:10BDC0000306C4F20008C4F20007CEF2000CDAF851
:10BDD0003400042240F00100CAF8340028684FF013
:10BDE000FF33C0F3022080F00701042928BF114669
:10BDF000033803FA01F138BF002022EA010101FAF9
:10BE000000F000018CF80000FEF78AFA306840F07C
:10BE100004003060D6F8000440F00400C6F80004C6
:10BE2000206840F480302060206840F4801020605A
:10BE3000206840F400302060F86840F40070F8603A
:10BE40003868800703D4F86840F48070F860386878
:10BE500040F001003860D8F80C0040F40070C8F8D9
:10BE60000C00D8F80000800705D4D8F80C0040F486
:10BE70008070C8F80C00D8F8000041F2A80240F029
:10BE80000100C8F80000D9F8140040F0C000C9F85B
:10BE9000140041F25C505BF8001041F001014BF8D6
:10BEA0000010002141F2A400C4F2C8314BF8001088
:10BEB00041F2FC4000210BF800104BF8021041F257
:10BEC0001C520BF8021041F21D520BF8021041F205
:10BED0001E520BF8021041F21F520BF8021041F2F1
:10BEE0001A520BF8021041F299020BF802100BF8EB
:10BEF000001049F22870C2F20000016041F29C502B
:10BF00000BF800104FF4AD504BF8001000F048F95A
:10BF1000FCE743F20007C4F2000738684FF0000A5C
:10BF200020F0010038600220207320774FF4C060B9
:10BF3000059044F20000082605A9C4F20200CDF8DD
:10BF400019A08DF81860FDF71BFA48F2E470C3F6EB
:10BF5000AC70C8F8000058F8300C4EF2001140F0F8
:10BF6000080048F8300C58F8200CCEF2000140F0E0
:10BF7000080048F8200C0120C8F800000E6029686D
:10BF80000423C1F3022181F00702042A28BF1A46C4
:10BF90004FF0FF3E0EFA02F2CE1E23EA020238BF35
:10BFA0005646B2404EF2034C1201CEF2000C8CF811
:10BFB00000203A684FF6FF7342F010023A603A6888
:10BFC000BA4642F008023A603A6822F480623A6067
:10BFD0003A6822F400723A607A6822F080027A604D
:10BFE0003A6922F00F023A613A6922F0F0023A61AE
:10BFF0003A6B9A433A633A6822F480723A603A683C
:10C0000022F080023A603A6822F400623A6041F21B
:10C010006C02C4F2020252F82C2C02F47F02B2F538
:10C02000003F0CD948F20C12C2F20002126852030F
:10C0300005D5DAF8002022F48042CAF80020DAF8A8
:10C04000042016AE22F00802CAF80420DAF8042010
:10C0500004F1200122F00402CAF80420DAF80420D6
:10C0600048F2000742F00302CAF80420DAF804207C
:10C07000C4F2000722F48032CAF8042048F2000219
:10C08000C2F20002126858F8503C49F20008C3F3AB
:10C0900003230133B2FBF3F24BF2C53302F56142E5
:10C0A000C9F2A213A2FB0323DAF80820C4F20008A5
:10C0B000C2EA2342CAF80820DAF8002022F48052AB
:10C0C000CAF800202073207741F66940C1F20000D1
:10C0D00041F67942C1F2000268CE6DC1FF20607363
:10C0E0006077CAF838E0DAF800004EF60C5540F0F8
:10C0F0000400CAF80000DAF800004BF2040440F033
:10C100000200CAF80000DAF8000048F2000640F029
:10C110000100CEF20005C4F20304C4F20306CAF81B
:10C12000000054E64CF6F610C0F6000000F03EF8B1
:10C130004CF67310C0F6000051464A4600F036F83F
:10C140004CF625404CF62741C0F60000C0F6000131
:10C1500000F02CF848F2E470C3F6AC70C8F80000A8
:10C16000FEF7A2BF5B44404150505D20000000003C
:10C1700041707020737461727400000054686973B8
:10C1800020554152545B3078253038785D206973F2
:10C190006E2774206265696E6720757365640A0096
:10C1A00041F2195CC1F2000C604700000FB4054B6E
:10C1B00010B503A9044A029800F018F810BC5DF805
:10C1C00014FB000091AC00080880002002E008C8C1
:10C1D000121F08C1002AFAD170477047002001E001
:10C1E00001C1121F002AFBD1704700002DE9FF4F4B
:10C1F0008DB00F460546002606E025280BD0DDE968
:10C200000F1290476D1C761C28780028F5D111B0CC
:10C210003046BDE8F08F0024A246A1460122EC4939
:10C2200000E0044315F8013F203B02FA03F0084206
:10C23000F7D128782A2810D06FF02F022878A0F1A3
:10C240003001092914D80AEB8A0102EB410144F0BC
:10C25000020400EB010A6D1CF0E701CF5FEA000A5F
:10C2600003D544F40054CAF1000A44F002046D1CE2
:10C2700028782E2817D115F8010F44F004042A2835
:10C280000ED06FF02F022878A0F1300109290AD8CA
:10C2900009EB890102EB410100EB01096D1CF2E79A
:10C2A00057F8049B6D1C28786C280FD006DC4C28AE
:10C2B00017D068280DD06A2814D104E0742810D053
:10C2C0007A280FD10DE044F400140AE044F48014FD
:10C2D00001E044F440146978814202D104F58014ED
:10C2E0006D1C6D1C2A786E2A1FD00CDC632A31D09D
:10C2F00004DC002A8BD0582A11D1A3E0642A68D02C
:10C30000692A0CD165E0732A2ED004DC6F2A73D021
:10C31000702A04D19BE0752A6FD0782A6ED010461F
:10C32000DDE90F129047761C50E1C4F30250022859
:10C3300006D0032809D0042801CF09D0066045E1C2
:10C3400001CFF117C0E9006140E101CF06803DE176
:10C3500006703BE117F8040B8DF8000000208DF803
:10C360000100EB46012003E057F804BB4FF0FF301B
:10C3700061074FF0000102D40DE008F10101884689
:10C3800049450FDA8045F8DB1BF808100029F4D185
:10C3900008E008F1010188468142FADB1BF8081029
:10C3A0000029F6D1DDE90F23AAEB080081462146DA
:10C3B00000F036F9304400EB080604E0DDE90F1226
:10C3C0001BF8010B9047B8F10108F7D22146484607
:10C3D000F7E00A21C4F302534FF0000B0891022B3F
:10C3E00004D001CFC117032B09D00AE0FF1D27F0AD
:10C3F0000707F7E8020108E032E01FE020E000B2A2
:10C40000C117042B01D140B2C117031E71F1000303
:10C4100007DA4FF0000CD0EB0C006CEB01012D2380
:10C4200002E0230504D52B238DF82430012303E0FB
:10C43000E30701D02023F7E7984658E00A2110E0EF
:10C4400010210EE010204FF0000B08900CE010219E
:10C450004FF0000B44F004044FF00809089103E08A
:10C4600008214FF0000B0891C4F30253022B04D0B3
:10C4700001CF0021032B06D006E0FF1D27F00707A0
:10C48000F7E8020103E080B2042B00D1C0B24FF004
:10C49000000823072BD5702A07D0DDF820C08CF0C8
:10C4A000100C5CEA0B0C05D00EE040238DF8243014
:10C4B000012308E050EA010306D030238DF8243030
:10C4C0008DF8252002239846DDF820C08CF0080C5A
:10C4D0005CEA0B0C0BD150EA010301D1630706D5CE
:10C4E00030238DF824304FF00108A9F10109582AB2
:10C4F00004D038A20B9208AA0A920BE03AA2F9E7FC
:10C500005B46089AFBF756FE0B9B9B5C0A9A521EF1
:10C510000A92137050EA0102F2D10A98ADEB0000C2
:10C5200000F1200B600702D524F4803401E04FF0C5
:10C530000109D94502DDA9EB0B0000E0002000EB6A
:10C540000B0141440890AAEB010AE00306D4DDE99F
:10C550000F232146504600F063F806444FF00009CF
:10C5600008E009A911F80900DDE90F12904709F167
:10C570000109761CC145F4DBE0030CD5DDE90F238E
:10C580002146504600F04CF8064404E0DDE90F1265
:10C5900030209047761C0899481E08900029F5DC49
:10C5A00008E00A980A990078491C0A91DDE90F12FF
:10C5B0009047761CBBF10001ABF1010BF1DC214689
:10C5C0005046DDE90F2300F019F806446D1C1BE608
:10C5D0000928010030313233343536373839616259
:10C5E000636465660000000030313233343536371D
:10C5F0003839414243444546000000002DE9F041EE
:10C60000044600251E461746880404D405E0394632
:10C610002020B0476D1C641EF9D52846BDE8F08186
:10C620002DE9F041044600251E469046C80301D579
:10C63000302700E02027880404D505E0414638462D
:10C64000B0476D1C641EF9D52846BDE8F081000096
:10C6500010B5044601E0AFF3008014F8010B044963
:10C660000028F8D1BDE810400A20FEF711BB0000F9
:10C67000088000200000000000127A00002A7515D2
:10C68000010016000080000003000000020000000E
:10C6900000127A000057A6160100170000C0000023
:10C6A000030000000200000000127A000084D71787
:10C6B000010019000000000003000000020000005B
:10C6C00000127A0000B1081901001A0000400000B1
:10C6D000030000000200000000127A0000DE391A98
:10C6E00001001B00008000000300000002000000A9
:10C6F00000127A00000B6B1B01001C0000C0000040
:10C70000030000000200000000127A0000389C1CA8
:10C7100001001E00000000000300000002000000F5
:10C72000001BB700002A751501000F000000000073
:10C730000300000002000000001BB7000057A6160F
:10C7400001000F0055D500000300000002000000AA
:10C75000001BB7000084D71701001000AAAA000030
:10C760000300000002000000001BB70000B1081920
:10C770000100110000800000030000000200000022
:10C78000001BB70000DE391A0100120055550000E9
:10C790000300000002000000001BB700000B6B1B31
:10C7A00001001300AA2A000003000000020000009C
:10C7B000001BB70000389C1C0100140000000000A2
:10C7C000030000000200000000127A0000E1F505FD
:10C7D0000100060000400000000000000200000010
:10C7E00000127A0080778E060100060000E000004B
:10C7F000000000000200000000127A00000E27076F
:10C80000010007000080000000000000020000009E
:10C8100000127A0080A4BF07010008000020000079
:10C82000000000000200000000127A00003B5808DF
:10C830000100080000C0000000000000020000002D
:10C8400000127A0080D1F0080100090000600000A9
:10C85000000000000200000000127A000068890950
:10C8600001000A00000000000000000002000000BB
:10C8700000127A0080FE210A01000A0000A00000D8
:10C88000000000000200000000127A000095BA0AC1
:10C8900001000B000040000000000000020000004A
:10C8A00000127A00802B530B01000B0000E0000007
:10C8B000000000000200000000127A0000C2EB0B32
:10C8C00001000C00008000000000000002000000D9
:10C8D00000127A008058840C01000D000020000036
:10C8E000010000000200000000127A0000EF1C0DA1
:10C8F00001000D0000C00000010000000200000067
:10C9000000127A008085B50D01000E000060000065
:10C910000100000002000000536F7572636520641F
:10C9200061746120776964746820636F6E666967FB
:10C93000206572726F722D5B25645D210A003C25B3
:10C94000733E206572726F72210A00426C6F636BD6
:10C950002073697A65206D61782069732025752CB4
:10C96000207768696C65206E6F7720697320257564
:10C97000210A00446F6E2774206D61746368207013
:10C980006C6C305F696E5F667265712D5B25755DDD
:10C9900020746F2067656E657261746520706C6CC1
:10C9A000305F6F75745F667265712D5B25755D2CE8
:10C9B00020706C6561736520616464207468652013
:10C9C000636F6E66696720746F207263755F706C49
:10C9D0006C5F636667206172726179210A005B4552
:10C9E00040444D41204C4C5D20005B454041444358
:10C9F000204C4C5D20005B4540524355204C4C5D23
:10CA000020005B4540554152545D20005541525431
:10CA1000207472616E736D697420726571756573CF
:10CA20007420444D41206368616E6E656C204661E0
:10CA3000696C6564210045464C41534820446F624F
:10CA4000756C652062616E6B206D617070696E67D8
:10CA50002062616E6B31206D6F64652063616E27AB
:10CA60007420726561642064617461207769746800
:10CA700020444D41207370616E2074776F20626195
:10CA80006E6B21002E2E2F2E2E2F2E2E2F447269EC
:10CA9000766572732F544145333247353878785F65
:10CAA0004472697665722F5372632F7461653332F5
:10CAB00067353878785F6C6C5F646D612E63002E2B
:10CAC0002E2F2E2E2F2E2E2F447269766572732FE5
:10CAD000544145333247353878785F44726976651A
:10CAE000722F5372632F74616533326735387878EB
:10CAF0005F6C6C5F6164632E63002E2E2F2E2E2FD1
:10CB00002E2E2F447269766572732F54414533324D
:10CB100047353878785F4472697665722F5372634F
:10CB20002F746165333267353878785F6C6C5F6875
:10CB30007270776D2E63002E2E2F2E2E2F2E2E2FFD
:10CB4000447269766572732F5441453332473538E4
:10CB500078785F4472697665722F5372632F7461BF
:10CB600065333267353878785F6C6C5F6770696FF2
:10CB70002E63002E2E2F2E2E2F2E2E2F44726976EE
:10CB80006572732F544145333247353878785F44A6
:10CB900072697665722F5372632F746165333267E1
:10CBA000353878785F6C6C5F636D702E63002E2E65
:10CBB0002F2E2E2F2E2E2F447269766572732F54CE
:10CBC0004145333247353878785F4472697665720B
:10CBD0002F5372632F746165333267353878785F0D
:10CBE0006C6C5F746D722E63002E2E2F2E2E2F2EE6
:10CBF0002E2F447269766572732F54414533324744
:10CC0000353878785F4472697665722F5372632F76
:10CC1000746165333267353878785F6C6C5F756145
:10CC200072742E630025730068CC000800000010A9
:10CC3000481F0000CCC10008B0EB000800800020B5
:10CC400004000000CCC10008C0EB00080000012077
:10CC500054000000CCC10008B4EB000804800020A0
:10CC60007C180000DCC1000848F20050C4F2030048
:10CC70004168C90341BF01685FEAC1314FF48031A7
:10CC80000160704710B548F21001C4F2000151F87C
:10CC9000040C800548F24810C2F2000044BF0A6844
:10CCA0005FEA825222D44FF4AC51415C002918BF94
:10CCB00010BD41F20401CEF20001096841F26C524C
:10CCC00083185960596880589FEDDE1A081A00EEE3
:10CCD000100AB8EE400A83ED020A93ED020A012021
:10CCE00020EE010A83ED020A187510BD4FF40072A0
:10CCF0000A604FF4AC51415C41B941F20401CEF2FB
:10CD0000000100220A6041F26C5142504FF0000CC9
:10CD100040F23002C0F808C0C2F20102B2F90020AD
:10CD200040F2400300EE102AB8EEC00A80ED040A7B
:10CD3000C2F20103B3F900309FEDC31A00EE103ABE
:10CD4000B8EEC00A40F2200380ED060AC2F20103E9
:10CD5000B3F90030B8EE083A00EE103AB8EEC00A67
:10CD600080ED080A41F2A203C35A41F25C04D21AD0
:10CD700022EAE27200EE102AB8EEC00A40F2000287
:10CD800080ED050AC2F20102B2F9002000F1B801FB
:10CD900000EE102AB8EEC00A20EE010A40F210029E
:10CDA00080ED000AC2F20102B2F9002041F2640EE5
:10CDB00000EE102AB8EEC00A20EE010A80ED010A4A
:10CDC00090ED210A90ED251A41F2680231EE400AF9
:10CDD00080ED250A90ED080A9FED9C1A90ED212A1E
:10CDE00020EE010A90ED211A30EE020ABCEE002A74
:10CDF00021EE021A30EE010A80ED210A90ED210A9F
:10CE000090ED251A31EE000A80ED250A90ED250AF5
:10CE1000B4EE001A20EE010A30EE030A80ED030A98
:10CE2000035951F8233040F80E3000EB0E0393ED18
:10CE3000000A90ED2D3A33EE400A80ED2D0AC368CA
:10CE40008350025941F82230025901EB820191EDE1
:10CE5000000A90ED2D3A44F6D35233EE000A80EDED
:10CE60002D0A0159C1F262020131A1FB02239A0984
:10CE70004FF47A7302FB13119FED753A015190ED57
:10CE80002D0A41F2580120EE030A014481ED000A07
:10CE900041F2840190ED050A9FED6E3A014491ED57
:10CEA000004A91ED005A20EE030A30EE040A25EE06
:10CEB000022A30EE020A81ED000A91ED000A41F2E9
:10CEC000544220EE010A80ED070A90ED050A811810
:10CED00020EE030A81ED000A91ED000A41F2A8015B
:10CEE000B5EE400AF1EE10FAB8BF40F802C00144B6
:10CEF00091ED001A9FEDDE2A90ED090AB4EE421A78
:10CF0000F1EE10FA04DA9FEDDC1A20EE011A07E0C8
:10CF10009FEDD81A91ED002A20EE010A80EE021A48
:10CF20009FEDD40A41F2344130EE411A014481EDC3
:10CF3000001A91ED001AB4EE401AF1EE10FA08DC76
:10CF400091ED000AB5EE400AF1EE10FA03DA9FED1A
:10CF5000CB0A81ED000A41F2A801014491ED000ADB
:10CF60009FEDC71AB4EE410AF1EE10FA11DD4BF64F
:10CF70001C71C4F203010A6842F0C0020A6041F267
:10CF80005C51425842F00202425041F2FC410322FD
:10CF9000425441F2FC41425C012A03D0415C022927
:10CFA00040F0C78041F2D041014491ED000A90ED7C
:10CFB000091A90ED172A21EE000A80EE020A41F2CA
:10CFC0005841014481ED000A91ED001AB2EE040AC5
:10CFD000B4EE401AF1EE10FA08DC91ED000AB5EE5D
:10CFE000400AF1EE10FA03DA9FEDA40A81ED000A7F
:10CFF00041F24C41014491ED030A91ED021A30EEE9
:10D00000410A81ED000A91ED000A91ED041A21EE2A
:10D01000000A81ED110A91ED000A91ED051A91EDDA
:10D02000092A21EE000A32EE000A81ED090A91ED8B
:10D03000090A91ED0A1AB4EE410AF1EE10FA0BDD7D
:10D04000283118E00BD7A33B67E64D3D7DC77A3DFD
:10D050006F12833AD5F8813A41F27041014491ED63
:10D06000000A41F27841014491ED001AB4EE410A00
:10D07000F1EE10FA03DA096841F27042815041F290
:10D080009041014491ED000A41F27041014491ED5B
:10D09000001A00F5A45131EE000AB5EE001A20EE98
:10D0A000010A41F2944281ED000A024491ED000A26
:10D0B00092ED001AB4EE410AF1EE10FA0BDC41F2E7
:10D0C0009842024491ED000A92ED001AB4EE410A32
:10D0D000F1EE10FA03DA12684FF4A453C25091ED46
:10D0E000000A41F23441014491ED001A00F5AB52BF
:10D0F00031EE000A41F27C4182ED000A014492EDDA
:10D10000000A91ED001AB4EE410AF1EE10FA0BDCC0
:10D1100041F28441014492ED000A91ED001AB4EE0F
:10D12000410AF1EE10FA48DA09684FF4AB52815027
:10D1300043E043F6364241F26441C3F63D42425079
:10D1400047F2DE1241F26841CBF60A42425044F205
:10D15000AE7241F25C41C3F66162425044F29632D3
:10D160004FF4A351C3F68B42425041F2704100226A
:10D17000425041F29041425041F274414FF0874396
:10D180004350002341F27841CCF2803343504CF6B7
:10D19000CD4341F29441C3F64C6343504EF6853380
:10D1A00041F29841CBF65173435041F27C414FF02C
:10D1B0007E53435041F2844142504BF60071C4F219
:10D1C00003010A689FED2F1A42F013020A6000BFA4
:10D1D00000BF00BF00BF00BF00BF00F5AB5292ED23
:10D1E000000A41F23C4220EE010ABCEEC00A10EEF9
:10D1F000103A8350845845F260439C4203D88358C8
:10D20000312B01D83223835041F2885282584FF299
:10D210002023CFF6FF73CA5000BF00BF00BF00BF7E
:10D2200000BF00BF41F23C4283584FF22054CFF67A
:10D23000FF740B5100BF00BF00BF00BF00BF00BFA5
:10D2400082584FF224535208CFF6FF73CA5000BFE2
:10D2500000BF00BF00BF00BF00BF0A6822F013027A
:10D260000A6000BF00BF00BF00BF00BF00BF1AE5DB
:10D2700000004843CDCC4C3F6F12833B00000000C0
:10D280000000D7430080BB462DE9F0472DED068B0B
:10D2900049F21000C4F2000050F8041C890544BF94
:10D2A00001685FEA815103D4BDEC068BBDE8F087CD
:10D2B0004FF4007148F248140160C2F200044FF4C8
:10D2C000AC50205C41F20408CEF2000828B10020E6
:10D2D00041F26C51C8F80000605041F2B45021187E
:10D2E00094ED030A91ED001A9FEDF22A91ED013AB7
:10D2F0009FEDF14A21EE021A23EE043A31EE031AB1
:10D3000091ED003A31EE000A23EE021A91ED012A66
:10D310009FEDEA3A205830EE022A22EE032A4860B6
:10D3200041F2BC5032EE411A81ED000A211881ED24
:10D33000001A205841F2A801605041F21B50205CB5
:10D3400030B341F29900205C10BB4FF48550215A54
:10D3500019B941F29C010022625040F23001C2F240
:10D360000101B1F9002041F29C0163581A44625056
:10D37000225A01322252205AB0F5806F08D36058E9
:10D3800041F2A201800A605241F299000121215428
:10D3900041F25050215841F2893201312150215837
:10D3A0004BF61C7A914224BF0021215094ED090ACA
:10D3B00094ED091AB5EE400AB3EE040A46F20009EC
:10D3C000B1EE412AF1EE10FAB8BFB0EE421AB4EE57
:10D3D000401AC4F2030AC4F20209F1EE10FA41F253
:10D3E00010505BDA215801310B29215059D3D9F85B
:10D3F0000000642140F00040C9F80000DAF80000A5
:10D40000032240F0C000CAF8000041F288502150C9
:10D41000DAF8000041F21B5140F00300CAF80000A6
:10D420000020605441F2185184F88000605441F2A9
:10D43000FC416254DAF8002042F0C002CAF8002031
:10D4400041F25C52A35843F00103A350002341F280
:10D45000A402C4F2C833A35041F2A8026054A05001
:10D4600041F21C52A05441F21D52A05441F21E52EE
:10D47000A05441F21F52A05441F21A52A05441F25A
:10D480009902A054605449F22871C2F20001086068
:10D4900041F29C51605404F5AD5000E0204400215D
:10D4A000016094ED010A94ED001A201DB4EE410ACA
:10D4B0000021F1EE10FA4FF000022346B4EE410ACB
:10D4C000CABF01220121034693ED002AF1EE10FAB2
:10D4D000C8BF204690ED000A41F2F80032EE400A43
:10D4E00084ED090A84F8381084F84D2094ED090A77
:10D4F0002044BCEEC00AB8EE400A80ED000A90ED70
:10D50000000A90ED001A48F25C0121EE000A84ED59
:10D510000A0AC2F2000194ED0A0A0A8848F21F556D
:10D52000531CC5F2EB15A3FB0557BF09C82507FB24
:10D53000153341F21017274407EB830595ED001AC8
:10D5400041F20C15254495ED002A30EE410A30EEEB
:10D55000020A85ED000AA66A0B8047F8226095ED65
:10D56000000A9FED578A41F2304120EE080A21441B
:10D5700081ED000A91ED000A45F6DF1210EE101A57
:10D58000C5F63772A2EB610101EE101ABEEE002A59
:10D5900020EE020A21EE012A22EE000AB7EE082A46
:10D5A00030EE020A20EE010AB7EE009A89EE000A78
:10D5B00041F2F0012144BCEEC00AB8EE400A81ED10
:10D5C000000A94F83810002953D0E16B0131E1636F
:10D5D00094ED0A0A94ED101A31EE000A84ED100A57
:10D5E00090ED000A94ED111A31EE000A84ED110A53
:10D5F000E06B08281CD1206D322819D394ED150A50
:10D6000094ED141A0020B8EE411A80EE010A84ED60
:10D61000170A94ED160A94ED141AB8EE411A80EE2A
:10D62000010A84ED0B0A20656065A06502201CE0FC
:10D63000E06B6E281BD300202065606594ED100A16
:10D6400094ED0F1AB8EE411A80EE010A84ED170A24
:10D6500094ED110A94ED0F1AB8EE411A80EE010A0A
:10D6600084ED0B0A60642064E06384F87500012592
:10D6700051E0216D0131216594ED0A0A94ED151AEE
:10D6800031EE000A84ED150A90ED000A94ED161AA9
:10D6900031EE000A84ED160A206D082814D12046C8
:10D6A00050F83C1F31290FD900F10801021D012358
:10D6B00017E000BF4A16FF3FCE2E7FBF67977F3F20
:10D6C0000AD7A33B0000C842206D00256E2822D354
:10D6D00004F1580104F1500004F154020023E56301
:10D6E000256492ED000A90ED001A0025B8EE411A6B
:10D6F00080EE010A84ED170A91ED000A90ED001A00
:10D70000B8EE411A80EE010A84ED0B0A056015603F
:10D710000D6084F8753084F87450E06DE06694F81C
:10D72000800000284FD100214FF4A850C4F22531C9
:10D730002150002141F20450C4F214312150002143
:10D7400041F20850C4F286312150002141F20C50C0
:10D75000C4F28B312150002041F2F00184F88100A5
:10D76000214491ED000A1FED291AB4EE410AF1EEB1
:10D7700010FA07DDE06F0130E06794F8750020B122
:10D78000002004E0E067A06719E0A06F0130A06707
:10D79000E06FB0F57A7F11D3A06F0221C0087C281A
:10D7A00088BF012184F87610012041F21C5184F8D1
:10D7B000800060540020E067A06704E0002084F847
:10D7C000800084F8760094F88100002859D194F8FC
:10D7D0008000002855D094F8760002281CD001283B
:10D7E00034D14FF26E014FF4A850C4F2F821215009
:10D7F00047F2DF3141F20450C4F2F021215048F2E7
:10D80000000141F20850C4F289312150002141F257
:10D810000C50C4F28C3116E000214FF4A850C4F231
:10D8200025312150002141F20450C4F2143121501D
:10D83000002141F20850C4F286312150002141F20A
:10D840000C50C4F28B312150012018E000214FF41C
:10D85000A850C4F225312150002141F20450C4F2F5
:10D8600014312150002141F20850C4F28631215078
:10D87000002141F20C50C4F28B312150002084F879
:10D88000810041F21C5041F2F001205C214491EDF5
:10D89000000A68B104F5A85090ED001AB4EE410AF0
:10D8A000F1EE10FA57DD41F22C502058013053E0D0
:10D8B00041F20450204490ED001AB4EE410AF1EE1A
:10D8C00010FA05DA41F29C50205C002800F0A08399
:10D8D000002141F22C502150215833295DDBDAF828
:10D8E0000010642241F0C001CAF8001041F28851D2
:10D8F0006250DAF80010032241F00301CAF8001068
:10D9000041F2FC416254D9F80010012241F000417B
:10D91000C9F80010D9F8001041F48041C9F800108E
:10D920000021215041F21850215441F21C50225440
:10D9300041F21B50215441F25C50215841F0040146
:10D94000215041F25850215841F0010121504FF42B
:10D95000A950225421E0002041F22C51605060581F
:10D9600033281ADB0020605041F218510122625422
:10D97000D9F8001041F08041C9F8001041F21C5163
:10D9800060545AF8040C40F003004AF8040C41F2C9
:10D990005850215821F00101215041F21D5041F20F
:10D9A000F001205C214491ED000A70B141F2085071
:10D9B000204490ED001AB4EE410AF1EE10FA13DAA9
:10D9C0004FF4AA50205801300FE041F20C5020448F
:10D9D00090ED001AB4EE410AF1EE10FA17DD41F2B3
:10D9E00030502058411C13E000204FF4AA516050E1
:10D9F000605833282DD30020605041F21D516054EF
:10DA000041F25850215821F00201215021E000211B
:10DA100041F230502150215833291ADBDAF8001036
:10DA200041F0C001CAF8001041F25C51625842F066
:10DA3000080262500021215041F21D500121215461
:10DA400041F25850225842F0020222504FF4A9509D
:10DA5000215441F25440204490ED000AB2EE04AA51
:10DA6000B4EE4A0AF1EE10FA04DD41F238502058C3
:10DA7000411C00E0002141F2385021502158652915
:10DA800015DB41F2FC41625C002A18BF032262549C
:10DA90000021215041F21F500121215441F25850E0
:10DAA000225842F0080222504FF4A950215441F26A
:10DAB000A800204490ED000A9FEDC51AB4EE410A7B
:10DAC000F1EE10FA04DD41F234502058013000E04C
:10DAD000002041F234516050605897280BDB002041
:10DAE000605041F21E500121215441F258502158FA
:10DAF00041F00401215041F21C5041F21D51205CC3
:10DB0000615C41F21F52084341F21E51615CA25C0C
:10DB10000843104380F0010041F21451605441F277
:10DB2000FC40215C012903D0205C022840F08A805F
:10DB300041F2CC40211891ED001A9FEDA60AB4EEF7
:10DB4000401AF1EE10FA0CDA205801F008F89FEDB7
:10DB5000A20B53EC102B01F007F801F00AF800EECD
:10DB6000100A41F29C40204441F2AC0180ED0C0AC5
:10DB7000214491ED000A41F2A801214491ED001ADF
:10DB800030EE410A80ED000A90ED000AB0EEC01AB6
:10DB9000B7EE000AB4EE401AF1EE10FA0FDD9FED79
:10DBA000902AB4EE421AF1EE10FA0ADA9FED8D0ACD
:10DBB0009FED8D2A21EE000A30EE020A01E09FED72
:10DBC0008B0A9FED871A9FED8A2A20EE011A20EE1C
:10DBD000020A31EE0A1A30EE080A80ED041A80EDCE
:10DBE000050A90ED000A90ED041A21EE000A80ED7E
:10DBF000110A90ED000A90ED051A90F8401021EE00
:10DC0000000A01EE101AB8EE411A20EE010A90ED5A
:10DC1000091A90ED0A2A30EE010AB4EE420AF1EE3A
:10DC200010FA01DD283009E041F2C840204490EDAF
:10DC3000001AB4EE410AF1EE10FA2FDA90ED000A64
:10DC400000202CE0002141F2AC40C4F270112150C0
:10DC50004CF6CD4141F2B040C3F6CC5121504FF4C7
:10DC6000A650002121504FF4A750215041F2DC4032
:10DC7000215441F2DD40215441F2C4404FF08F4223
:10DC80002250002241F2C840CCF28072225041F270
:10DC9000CC40215041F2D44021506FE0012041F2AC
:10DCA000DD41605404F5A65181ED000A04F5A7504A
:10DCB00041F2CC4290ED001A91ED002A224492EDFF
:10DCC000003A32EE011AB4EE431AF1EE10FA0FDC0C
:10DCD00041F2D44290ED001A91ED002A224492EDD7
:10DCE000003A32EE011AB4EE431AF1EE10FA03DAFA
:10DCF00092ED001A002106E090ED001A91ED002A45
:10DD0000012132EE011A41F2D042224482ED001A82
:10DD100041F2DE42A15490ED001AB5EE400AF1EE58
:10DD200010FA4FF0000104DBB5EE401AF1EE10FAE4
:10DD30000FDA90ED001A0020B5EE401AF1EE10FA5D
:10DD4000B5EE400AA8BF0120F1EE10FAA8BF0121EC
:10DD5000014341F2DF40215441F2DE40205C48B1F2
:10DD600041F2DD40205C18B941F2DF40205C08B18F
:10DD7000012000E0002041F2DC41605441F2FC400F
:10DD8000205C032838D8DFE800F002A2CB3794EDFE
:10DD9000060A9FED181AB4EE410AF1EE10FA80F26D
:10DDA000CE8041F21850205C002800F0C88049F273
:10DDB0002870C2F200000168B1F57A7F80F04481DA
:10DDC0004A1CB1F5FA7F026080F042814FE100BF4A
:10DDD0000000D743000048449A9999999999C93FFE
:10DDE00000002042210DD23C210DD2BC00000000D9
:10DDF00052B87E3F00009643DAF8000040F0C000C1
:10DE0000CAF8000041F25C50215841F04001215015
:10DE1000D9F8000040F00040C9F8000041F2285055
:10DE20002158013121502158C929C0F241810021D6
:10DE3000215041F21C50205C002840F0398141F211
:10DE40001D50205C002840F0338141F21E50205CC0
:10DE5000002840F02D8141F21F50215C002940F044
:10DE60002781DAF8001041F2A80341F0C001CAF896
:10DE7000001041F25C51625842F0010262500022EF
:10DE800041F2A401C4F2C832625041F2FC410022C6
:10DE90006254E25041F21C53E25441F21D53E254E9
:10DEA00041F21E53E254225441F21A50225441F2DC
:10DEB0009900225449F22870C2F2000062540260B4
:10DEC00041F29C5022544FF4AD502250F0E041F208
:10DED0001450205C002800F096805AF8040C41F29F
:10DEE000AC0640F0C0004AF8040CA01941F2A401AD
:10DEF00090ED000A601890ED001AB4EE410AF1EEC0
:10DF000010FA80F28A80A05900F029FE9FED960B4E
:10DF100053EC102B00F028FE00F02BFEA051C7E0C0
:10DF20004FF4AD50215842F20F7291421FD8215840
:10DF30000131215041F29C50012121541EE049F24F
:10DF40002870C2F200000021016041F21B50205CE9
:10DF5000002840F08C8041F2885041F284512258D0
:10DF600063589A4240F28080615864317EE041F209
:10DF70009C510022625442F21171215041F2A800DA
:10DF8000204490ED000A9FED7B1AB4EE410AF1EEB9
:10DF900010FA04DA41F23C502058013000E0002031
:10DFA00041F23C5160506058652815DBDAF80000FA
:10DFB00040F0C000CAF80000D9F8000040F000406E
:10DFC000C9F8000041F25C50215841F01001215085
:10DFD00041F2FC400321215441F21450205C0028FE
:10DFE00066D1DAF8000040F0C000CAF8000041F243
:10DFF0005C50215841F020012150D9F8000040F038
:10E000000040C9F8000041F2FC40032121544FE0D8
:10E0100041F22C502058411C5BE441F244502258FC
:10E02000013222506158A1512158B1F57A7F3FD376
:10E03000D9F8001041F40041C9F800100021215026
:10E0400041F2FC400221E1E741F21A500121215442
:10E0500041F21B500121215441F28450205841F2D9
:10E0600088516430605002E021580A31215041F259
:10E070001A50205CE0B141F21B50205CC0B141F26B
:10E080009900205CA0B141F21450205C80B194F85A
:10E09000810068B141F2A800205841F2AC01605003
:10E0A00041F2FC40012121544FF4A9500021ADE779
:10E0B00041F2D040204490ED000A9FED2D1AB4EEBD
:10E0C000410AF1EE10FA13DB90ED000A9FED2A1AD7
:10E0D000B4EE410AF1EE10FA0ADD41F2D0402044DC
:10E0E00090ED000AB7EE001A20EE080A30EE019A11
:10E0F00004F5835080ED009A48F20400C2F200005B
:10E10000018801318AB2B2F57A7F018007D30021FC
:10E11000018048F22C10C2F20000012101704FF47E
:10E12000AC50205C00283FF4BFA8D8F8000041F2B2
:10E130006C5162185060506861589FED101A401A77
:10E1400000EE100AB8EE400A82ED030A92ED030ACF
:10E15000002020EE010A82ED030A1075BDEC068B4B
:10E16000BDE8F08700BF00BF7B14AE47E17A843F73
:10E170000000C8420000B4430000F0420BD7A33BAC
:10E180002DE9F04F91B048F22C12C2F20002107843
:10E19000002800F0C2820021117048F24812C2F239
:10E1A000000241F2A403134493ED000A41F2AC03D0
:10E1B000D35841F25446029341F2A803D7589659D6
:10E1C0008DED010ACDE9037640F2400641F2F007F9
:10E1D000C2F20106D75936880597ADF818604FF49A
:10E1E000A8570DF1040CD7590CF11606376041F20F
:10E1F0000457D75941F21C55776041F20C57D75953
:10E2000041F21D54B76041F20857D7591344F760E3
:10E210000027C4F2D737376148F20007C4F2D43779
:10E2200077610027C4F22017B7610027C4F23017C6
:10E23000F76141F2FC47D65D8DF83B108DF83A60EE
:10E2400041F23C46164496ED001A41F21856B8EEDB
:10E25000411A8DED0F1A965D555D145D46EA45062F
:10E2600093ED001A9FEDE32A46EA8406F3B2B4EE7A
:10E27000421A002641F21E55F1EE10FA555DB8BF64
:10E28000012643EAC60341F21F56965DD75D05F0AD
:10E290000F05023F06F00706B7FA87F743EA0513B2
:10E2A0007F0943EA461343EA871341F21B57D75DC0
:10E2B00041F21A5641F29905965D555D92F88140FA
:10E2C00092F8762007F0010743EAC713013A43EAC0
:10E2D0000623B2FA82F243EA4523520943EA842331
:10E2E00043EAC22249F63805ADF84020C2F20005E3
:10E2F00055222A7002226A703E2210EE103AAA704D
:10E300006A18D3700CEB01035F789E78DC7818797B
:10E31000177156719471D07158793829107206D0DE
:10E320009879DF791B7A507297720831E8E768783C
:10E33000A97849F22C764840E9782A7948406979E9
:10E340005040AA794840E97950402A7A4840697A91
:10E350005040AA7A4840E97A50402A7B4840697B7D
:10E360005040AA7B4840E97B50402A7C4840697C69
:10E370005040AA7C4840E97C50402A7D4840697D55
:10E380005040AA7D4840E97D50402A7E4840697E41
:10E390005040AA7E4840E97E50402A7F4840697F2D
:10E3A0005040AA7F4840E97F504095F820204840DF
:10E3B00095F82110504095F82220484095F82310F8
:10E3C000504095F82420484095F82510504095F885
:10E3D0002620484095F82710504095F828204840BE
:10E3E00095F82910504095F82A20484095F82B10B0
:10E3F000504095F82C20484095F82D10504095F845
:10E400002E20484095F82F10504095F83020484075
:10E4100095F83110504095F83220484095F8331067
:10E42000504095F83420484095F83510504095F804
:10E430003620484095F83710504095F8382048402D
:10E4400095F83910504095F83A20484095F83B101F
:10E45000504095F83C20484095F83D10504095F8C4
:10E460003E20484095F83F10504095F840204840E5
:10E47000504085F84100AA2085F84200C2F200060B
:10E48000307B42F2000843F20004C4F20208012883
:10E49000C4F2000411D16068C00317D5606840035E
:10E4A00014D4606800F0030003280FD14FF0860AEF
:10E4B0004FF480514FF4804C0DE04CF60220C0F632
:10E4C000000000F05BFBE3A0214617E14FF0430A98
:10E4D0004FF0000C002148F2600BC2F2000B9BF8D9
:10E4E000003041F20C09DA07C4F2020905D19BF8A9
:10E4F000042012B90127002229E09A0705D49BF8CD
:10E50000202012B90227012221E05A0705D49BF8E6
:10E510003C2012B90427022219E01A0705D49BF8FF
:10E52000582012B90827032211E0DA0605D49BF817
:10E53000742012B91027042209E09A0600F14581DF
:10E540009BF89020002A40F04081202705223B4381
:10E550008BF80030D9F8343008EB421353F80C7FB5
:10E56000012027F040671F601F6827F040571F6099
:10E570001F6827F080471F601F6847F000471F6033
:10E580001F6860F305171F60186820F00800186006
:10E59000186820F040001860186840F0800018608B
:10E5A000186820F4405008431860186820F4404070
:10E5B00040EA0C001860D9F8340000F47F00B0F590
:10E5C000003F19D948F20C10C2F20000006848F26E
:10E5D000E470C9F83800D9F800000621C9F8000035
:10E5E000186861F3595018604FF48030C9F838004A
:10E5F00007E000BF0000B4431868062161F35950DA
:10E600001860C2EBC2004AF221710BEB8000C0F629
:10E6100000014AF63D034AF2B167C0F60003C0F6B6
:10E620000007C0E902410121C0E90443C0E90647EF
:10E6300001717273707BFF284BD003203073002070
:10E640003560A6F804A0F080B060206840F01000AB
:10E6500020604FF48050A063206840F004002060E8
:10E66000206840F040002060717BD6F800E0B3885D
:10E67000062980F0DF80002B00F0E48008EB4117D2
:10E6800007227A613A4652F80C6F46F480661660AB
:10E69000166846F480761660166846F400761660B2
:10E6A000C1EBC1060BEB860616F8045F012D1DD1E8
:10E6B0001268C2F30132032A32D14CF6DE10C0F6E2
:10E6C000000000F05BFA4CF61810C0F600000321C1
:10E6D00014E04CF60220C0F6000000F04FFA4CF6B1
:10E6E0000C20C0F6000000F04EFA09E04CF6DE10F7
:10E6F000C0F6000000F042FA31786CA000F03EFA5B
:10E700004CF625404CF62741C0F60000C0F600014B
:10E7100000F034FA0120C8F8100011B0BDE8F08F05
:10E7200023FA02F5B5F5805F0FD34CF6DE10C0F684
:10E73000000000F023FA4CF64B10C0F6000040F643
:10E74000FF712A4600F01AFADAE7BA6840F6FF705D
:10E7500022EA00002843BEF1006FB8605DD3D9F80B
:10E7600050004FF6FF75020C920202F10062B5EB09
:10E77000104F04BF0022C0F6040272454DD943F287
:10E780004002C4F20202106800F07060B0F1206F25
:10E7900043D1106800F07040B0F1204F3DD1D9F85E
:10E7A00050007344020C95024FF6FF72B2EB104F0B
:10E7B00008BF4FF480254FEA550C0CF100627245FA
:10E7C00018D993421AD8E64427E04CF60220C0F646
:10E7D000000000F0D3F92EA000F0D5F94CF625404A
:10E7E0004CF62741C0F60000C0F6000100F0C6F963
:10E7F000FF221EE705F1006083420CD94CF6DE10C3
:10E80000C0F6000000F0BAF94CF63620C0F6000061
:10E8100000F0B4F974E7AEEB0C0E480148F800E0E4
:10E8200004F12000786002203070386940F0010067
:10E8300038616FE74CF68420C0F6000040F2FD110D
:10E8400000F0A6F94CF68420C0F600004FF4FF71EA
:10E8500000F09EF95468697320554152545B30783A
:10E86000253038785D2069736E277420696E2054D6
:10E87000782052454144592073746174652C20639B
:10E88000616E2774207374617274205478210A00B9
:10E890005265717573657420444D41206368616EE3
:10E8A0006E656C204661696C210000004368616EF2
:10E8B0006E656C2073746174652D5B25645D2069E1
:10E8C000736E277420696E205265616479210A0095
:10E8D00042F21000C4F2020001210160704700BF43
:10E8E0002DE9F04149F63001C2F200010878AA286A
:10E8F00048F23010C2F2000040F0F280CA79552A86
:10E9000040F0EE804A78072484EA4205160691F822
:10E9100002C091F8038091F804E058BF550084EAE2
:10E9200045062F0658BF6E0084EA4605370658BFD5
:10E93000750084EA45062F0658BF6E0084EA460536
:10E94000370658BF750084EA45062F0658BF6E008B
:10E9500084EA4605370658BF750084EA45062F0647
:10E9600058BF6E008CEA0605EEB284EA46072D0613
:10E9700058BF770084EA47053E0658BF7D0084EA09
:10E9800045062F0658BF6E0084EA4605370658BF75
:10E99000750084EA45062F0658BF6E0084EA4605D6
:10E9A000370658BF750084EA45062F0658BF6E002B
:10E9B00084EA4605370658BF750085EA0805EEB2B9
:10E9C00084EA46072D0658BF770084EA47053E06CD
:10E9D00058BF7D0084EA45062F0658BF6E0084EAC2
:10E9E0004605370658BF750084EA45062F0658BF0E
:10E9F0006E0084EA4605370658BF750084EA45066E
:10EA00002F0658BF6E0084EA4605370658BF7500CA
:10EA100085EA0E05EEB284EA46072D0658BF770058
:10EA200084EA47053E0658BF7D0084EA45062F0666
:10EA300058BF6E0084EA4605370658BF750084EA61
:10EA400045062F0658BF6E0084EA4605370658BFB4
:10EA5000750084EA45062F0658BF6E0035064D79CD
:10EA600084EA460758BF770085EA0706F7B284EACA
:10EA70004703360658BF7B0084EA43061F0658BF8B
:10EA80005E0084EA4603370658BF730084EA4306F3
:10EA90001F0658BF5E0084EA4603370658BF73005E
:10EAA00084EA43061F0658BF5E0084EA4603370621
:10EAB00058BF730084EA43041E0658BF5C0089797E
:10EAC000E3B299420CD1112A03D0FF2A08D100F0F9
:10EAD00039F84CEA082141EA0E4141EA056101603A
:10EAE00090ED001A9FED152A9FED130AB4EE421A1D
:10EAF000F1EE10FA0ADD90ED001A9FED112AB4EE46
:10EB0000421AF1EE10FAB8BF90ED000A48F2481030
:10EB1000C2F2000041F2A401421882ED000A41F263
:10EB2000FC42825C022A03D1415841F2AC0281507E
:10EB3000BDE8F04100F031B80000C8430080B143A7
:10EB40000000D7434FF6F07044F24931C2F20100A1
:10EB5000C5F246010160BFF34F8F00F023F848F281
:10EB6000E56CC0F6000C604748F2172CC0F6000CAC
:10EB7000604748F20B7CC0F6000C60474CF2AD1CBD
:10EB8000C0F6000C60474CF2516CC0F6000C6047B8
:10EB90004AF6394CC0F6000C60474AF2213CC0F6F8
:10EBA000000C60474AF6154CC0F6000C60470000A8
:10EBB00000127A00000000000000000000000000C9
:10EBC0000000000000000000000000000000000045
:10EBD0000000000000000000000000000000000035
:10EBE0000000000000000000000000000000000025
:10EBF0000000000000000000000000000000000015
:10EC00000000000000000000000000000000000004
:04EC10000000000000
:00000001FF
